"uniqueID","island","site","transect","topcolor","bowlcolor","partial","other","insectorders","count"
"GuamAnaoL1","Guam","Anao","L1","b","y",0,0,"Coleoptera",1
"GuamAnaoL1","Guam","Anao","L1","b","y",0,0,"Araneae",0
"GuamAnaoL1","Guam","Anao","L1","b","y",0,0,"Formicidae",0
"GuamAnaoL1","Guam","Anao","L1","b","y",0,0,"Isoptera",0
"GuamAnaoL1","Guam","Anao","L1","b","y",0,0,"Apoidea",0
"GuamAnaoL1","Guam","Anao","L1","b","y",0,0,"Crabronidae",0
"GuamAnaoL1","Guam","Anao","L1","b","y",0,0,"Trichoptera",0
"GuamAnaoL1","Guam","Anao","L1","b","y",0,0,"Diptera",0
"GuamAnaoL1","Guam","Anao","L1","b","y",0,0,"Lepidoptera",0
"GuamAnaoL1","Guam","Anao","L1","b","y",0,0,"Hemiptera",0
"GuamAnaoL1","Guam","Anao","L1","b","y",0,0,"Blattodea",0
"GuamForbiANA","Guam","ForbiA",NA,NA,NA,NA,NA,"Coleoptera",NA
"GuamForbiANA","Guam","ForbiA",NA,NA,NA,NA,NA,"Araneae",NA
"GuamForbiANA","Guam","ForbiA",NA,NA,NA,NA,NA,"Formicidae",NA
"GuamForbiANA","Guam","ForbiA",NA,NA,NA,NA,NA,"Isoptera",NA
"GuamForbiANA","Guam","ForbiA",NA,NA,NA,NA,NA,"Apoidea",NA
"GuamForbiANA","Guam","ForbiA",NA,NA,NA,NA,NA,"Crabronidae",NA
"GuamForbiANA","Guam","ForbiA",NA,NA,NA,NA,NA,"Trichoptera",NA
"GuamForbiANA","Guam","ForbiA",NA,NA,NA,NA,NA,"Diptera",NA
"GuamForbiANA","Guam","ForbiA",NA,NA,NA,NA,NA,"Lepidoptera",NA
"GuamForbiANA","Guam","ForbiA",NA,NA,NA,NA,NA,"Hemiptera",NA
"GuamForbiANA","Guam","ForbiA",NA,NA,NA,NA,NA,"Blattodea",NA
"GuamForbiGridNA","Guam","ForbiGrid",NA,NA,NA,NA,NA,"Coleoptera",NA
"GuamForbiGridNA","Guam","ForbiGrid",NA,NA,NA,NA,NA,"Araneae",NA
"GuamForbiGridNA","Guam","ForbiGrid",NA,NA,NA,NA,NA,"Formicidae",NA
"GuamForbiGridNA","Guam","ForbiGrid",NA,NA,NA,NA,NA,"Isoptera",NA
"GuamForbiGridNA","Guam","ForbiGrid",NA,NA,NA,NA,NA,"Apoidea",NA
"GuamForbiGridNA","Guam","ForbiGrid",NA,NA,NA,NA,NA,"Crabronidae",NA
"GuamForbiGridNA","Guam","ForbiGrid",NA,NA,NA,NA,NA,"Trichoptera",NA
"GuamForbiGridNA","Guam","ForbiGrid",NA,NA,NA,NA,NA,"Diptera",NA
"GuamForbiGridNA","Guam","ForbiGrid",NA,NA,NA,NA,NA,"Lepidoptera",NA
"GuamForbiGridNA","Guam","ForbiGrid",NA,NA,NA,NA,NA,"Hemiptera",NA
"GuamForbiGridNA","Guam","ForbiGrid",NA,NA,NA,NA,NA,"Blattodea",NA
"GuamLADTANA","Guam","LADTA",NA,NA,NA,NA,NA,"Coleoptera",NA
"GuamLADTANA","Guam","LADTA",NA,NA,NA,NA,NA,"Araneae",NA
"GuamLADTANA","Guam","LADTA",NA,NA,NA,NA,NA,"Formicidae",NA
"GuamLADTANA","Guam","LADTA",NA,NA,NA,NA,NA,"Isoptera",NA
"GuamLADTANA","Guam","LADTA",NA,NA,NA,NA,NA,"Apoidea",NA
"GuamLADTANA","Guam","LADTA",NA,NA,NA,NA,NA,"Crabronidae",NA
"GuamLADTANA","Guam","LADTA",NA,NA,NA,NA,NA,"Trichoptera",NA
"GuamLADTANA","Guam","LADTA",NA,NA,NA,NA,NA,"Diptera",NA
"GuamLADTANA","Guam","LADTA",NA,NA,NA,NA,NA,"Lepidoptera",NA
"GuamLADTANA","Guam","LADTA",NA,NA,NA,NA,NA,"Hemiptera",NA
"GuamLADTANA","Guam","LADTA",NA,NA,NA,NA,NA,"Blattodea",NA
"GuamLadtgNA","Guam","Ladtg",NA,NA,NA,NA,NA,"Coleoptera",NA
"GuamLadtgNA","Guam","Ladtg",NA,NA,NA,NA,NA,"Araneae",NA
"GuamLadtgNA","Guam","Ladtg",NA,NA,NA,NA,NA,"Formicidae",NA
"GuamLadtgNA","Guam","Ladtg",NA,NA,NA,NA,NA,"Isoptera",NA
"GuamLadtgNA","Guam","Ladtg",NA,NA,NA,NA,NA,"Apoidea",NA
"GuamLadtgNA","Guam","Ladtg",NA,NA,NA,NA,NA,"Crabronidae",NA
"GuamLadtgNA","Guam","Ladtg",NA,NA,NA,NA,NA,"Trichoptera",NA
"GuamLadtgNA","Guam","Ladtg",NA,NA,NA,NA,NA,"Diptera",NA
"GuamLadtgNA","Guam","Ladtg",NA,NA,NA,NA,NA,"Lepidoptera",NA
"GuamLadtgNA","Guam","Ladtg",NA,NA,NA,NA,NA,"Hemiptera",NA
"GuamLadtgNA","Guam","Ladtg",NA,NA,NA,NA,NA,"Blattodea",NA
"GuamLADTGNA","Guam","LADTG",NA,NA,NA,NA,NA,"Coleoptera",NA
"GuamLADTGNA","Guam","LADTG",NA,NA,NA,NA,NA,"Araneae",NA
"GuamLADTGNA","Guam","LADTG",NA,NA,NA,NA,NA,"Formicidae",NA
"GuamLADTGNA","Guam","LADTG",NA,NA,NA,NA,NA,"Isoptera",NA
"GuamLADTGNA","Guam","LADTG",NA,NA,NA,NA,NA,"Apoidea",NA
"GuamLADTGNA","Guam","LADTG",NA,NA,NA,NA,NA,"Crabronidae",NA
"GuamLADTGNA","Guam","LADTG",NA,NA,NA,NA,NA,"Trichoptera",NA
"GuamLADTGNA","Guam","LADTG",NA,NA,NA,NA,NA,"Diptera",NA
"GuamLADTGNA","Guam","LADTG",NA,NA,NA,NA,NA,"Lepidoptera",NA
"GuamLADTGNA","Guam","LADTG",NA,NA,NA,NA,NA,"Hemiptera",NA
"GuamLADTGNA","Guam","LADTG",NA,NA,NA,NA,NA,"Blattodea",NA
"GuamMTRLNA","Guam","MTRL",NA,NA,NA,NA,NA,"Coleoptera",NA
"GuamMTRLNA","Guam","MTRL",NA,NA,NA,NA,NA,"Araneae",NA
"GuamMTRLNA","Guam","MTRL",NA,NA,NA,NA,NA,"Formicidae",NA
"GuamMTRLNA","Guam","MTRL",NA,NA,NA,NA,NA,"Isoptera",NA
"GuamMTRLNA","Guam","MTRL",NA,NA,NA,NA,NA,"Apoidea",NA
"GuamMTRLNA","Guam","MTRL",NA,NA,NA,NA,NA,"Crabronidae",NA
"GuamMTRLNA","Guam","MTRL",NA,NA,NA,NA,NA,"Trichoptera",NA
"GuamMTRLNA","Guam","MTRL",NA,NA,NA,NA,NA,"Diptera",NA
"GuamMTRLNA","Guam","MTRL",NA,NA,NA,NA,NA,"Lepidoptera",NA
"GuamMTRLNA","Guam","MTRL",NA,NA,NA,NA,NA,"Hemiptera",NA
"GuamMTRLNA","Guam","MTRL",NA,NA,NA,NA,NA,"Blattodea",NA
"GuamNblasNA","Guam","Nblas",NA,NA,NA,NA,NA,"Coleoptera",NA
"GuamNblasNA","Guam","Nblas",NA,NA,NA,NA,NA,"Araneae",NA
"GuamNblasNA","Guam","Nblas",NA,NA,NA,NA,NA,"Formicidae",NA
"GuamNblasNA","Guam","Nblas",NA,NA,NA,NA,NA,"Isoptera",NA
"GuamNblasNA","Guam","Nblas",NA,NA,NA,NA,NA,"Apoidea",NA
"GuamNblasNA","Guam","Nblas",NA,NA,NA,NA,NA,"Crabronidae",NA
"GuamNblasNA","Guam","Nblas",NA,NA,NA,NA,NA,"Trichoptera",NA
"GuamNblasNA","Guam","Nblas",NA,NA,NA,NA,NA,"Diptera",NA
"GuamNblasNA","Guam","Nblas",NA,NA,NA,NA,NA,"Lepidoptera",NA
"GuamNblasNA","Guam","Nblas",NA,NA,NA,NA,NA,"Hemiptera",NA
"GuamNblasNA","Guam","Nblas",NA,NA,NA,NA,NA,"Blattodea",NA
"GuamRacetrackNA","Guam","Racetrack",NA,NA,NA,NA,NA,"Coleoptera",NA
"GuamRacetrackNA","Guam","Racetrack",NA,NA,NA,NA,NA,"Araneae",NA
"GuamRacetrackNA","Guam","Racetrack",NA,NA,NA,NA,NA,"Formicidae",NA
"GuamRacetrackNA","Guam","Racetrack",NA,NA,NA,NA,NA,"Isoptera",NA
"GuamRacetrackNA","Guam","Racetrack",NA,NA,NA,NA,NA,"Apoidea",NA
"GuamRacetrackNA","Guam","Racetrack",NA,NA,NA,NA,NA,"Crabronidae",NA
"GuamRacetrackNA","Guam","Racetrack",NA,NA,NA,NA,NA,"Trichoptera",NA
"GuamRacetrackNA","Guam","Racetrack",NA,NA,NA,NA,NA,"Diptera",NA
"GuamRacetrackNA","Guam","Racetrack",NA,NA,NA,NA,NA,"Lepidoptera",NA
"GuamRacetrackNA","Guam","Racetrack",NA,NA,NA,NA,NA,"Hemiptera",NA
"GuamRacetrackNA","Guam","Racetrack",NA,NA,NA,NA,NA,"Blattodea",NA
"GuamRitiNA","Guam","Riti",NA,NA,NA,NA,NA,"Coleoptera",NA
"GuamRitiNA","Guam","Riti",NA,NA,NA,NA,NA,"Araneae",NA
"GuamRitiNA","Guam","Riti",NA,NA,NA,NA,NA,"Formicidae",NA
"GuamRitiNA","Guam","Riti",NA,NA,NA,NA,NA,"Isoptera",NA
"GuamRitiNA","Guam","Riti",NA,NA,NA,NA,NA,"Apoidea",NA
"GuamRitiNA","Guam","Riti",NA,NA,NA,NA,NA,"Crabronidae",NA
"GuamRitiNA","Guam","Riti",NA,NA,NA,NA,NA,"Trichoptera",NA
"GuamRitiNA","Guam","Riti",NA,NA,NA,NA,NA,"Diptera",NA
"GuamRitiNA","Guam","Riti",NA,NA,NA,NA,NA,"Lepidoptera",NA
"GuamRitiNA","Guam","Riti",NA,NA,NA,NA,NA,"Hemiptera",NA
"GuamRitiNA","Guam","Riti",NA,NA,NA,NA,NA,"Blattodea",NA
"GuamSblasNA","Guam","Sblas",NA,NA,NA,NA,NA,"Coleoptera",NA
"GuamSblasNA","Guam","Sblas",NA,NA,NA,NA,NA,"Araneae",NA
"GuamSblasNA","Guam","Sblas",NA,NA,NA,NA,NA,"Formicidae",NA
"GuamSblasNA","Guam","Sblas",NA,NA,NA,NA,NA,"Isoptera",NA
"GuamSblasNA","Guam","Sblas",NA,NA,NA,NA,NA,"Apoidea",NA
"GuamSblasNA","Guam","Sblas",NA,NA,NA,NA,NA,"Crabronidae",NA
"GuamSblasNA","Guam","Sblas",NA,NA,NA,NA,NA,"Trichoptera",NA
"GuamSblasNA","Guam","Sblas",NA,NA,NA,NA,NA,"Diptera",NA
"GuamSblasNA","Guam","Sblas",NA,NA,NA,NA,NA,"Lepidoptera",NA
"GuamSblasNA","Guam","Sblas",NA,NA,NA,NA,NA,"Hemiptera",NA
"GuamSblasNA","Guam","Sblas",NA,NA,NA,NA,NA,"Blattodea",NA
"GuamNANA","Guam",NA,NA,NA,NA,NA,NA,"Coleoptera",NA
"GuamNANA","Guam",NA,NA,NA,NA,NA,NA,"Araneae",NA
"GuamNANA","Guam",NA,NA,NA,NA,NA,NA,"Formicidae",NA
"GuamNANA","Guam",NA,NA,NA,NA,NA,NA,"Isoptera",NA
"GuamNANA","Guam",NA,NA,NA,NA,NA,NA,"Apoidea",NA
"GuamNANA","Guam",NA,NA,NA,NA,NA,NA,"Crabronidae",NA
"GuamNANA","Guam",NA,NA,NA,NA,NA,NA,"Trichoptera",NA
"GuamNANA","Guam",NA,NA,NA,NA,NA,NA,"Diptera",NA
"GuamNANA","Guam",NA,NA,NA,NA,NA,NA,"Lepidoptera",NA
"GuamNANA","Guam",NA,NA,NA,NA,NA,NA,"Hemiptera",NA
"GuamNANA","Guam",NA,NA,NA,NA,NA,NA,"Blattodea",NA
"SaipanAnaoNA","Saipan","Anao",NA,NA,NA,NA,NA,"Coleoptera",NA
"SaipanAnaoNA","Saipan","Anao",NA,NA,NA,NA,NA,"Araneae",NA
"SaipanAnaoNA","Saipan","Anao",NA,NA,NA,NA,NA,"Formicidae",NA
"SaipanAnaoNA","Saipan","Anao",NA,NA,NA,NA,NA,"Isoptera",NA
"SaipanAnaoNA","Saipan","Anao",NA,NA,NA,NA,NA,"Apoidea",NA
"SaipanAnaoNA","Saipan","Anao",NA,NA,NA,NA,NA,"Crabronidae",NA
"SaipanAnaoNA","Saipan","Anao",NA,NA,NA,NA,NA,"Trichoptera",NA
"SaipanAnaoNA","Saipan","Anao",NA,NA,NA,NA,NA,"Diptera",NA
"SaipanAnaoNA","Saipan","Anao",NA,NA,NA,NA,NA,"Lepidoptera",NA
"SaipanAnaoNA","Saipan","Anao",NA,NA,NA,NA,NA,"Hemiptera",NA
"SaipanAnaoNA","Saipan","Anao",NA,NA,NA,NA,NA,"Blattodea",NA
"SaipanForbiAL1","Saipan","ForbiA","L1","b","w",0,0,"Coleoptera",0
"SaipanForbiAL1","Saipan","ForbiA","L1","b","w",0,0,"Araneae",0
"SaipanForbiAL1","Saipan","ForbiA","L1","b","w",0,0,"Formicidae",0
"SaipanForbiAL1","Saipan","ForbiA","L1","b","w",0,0,"Isoptera",0
"SaipanForbiAL1","Saipan","ForbiA","L1","b","w",0,0,"Apoidea",1
"SaipanForbiAL1","Saipan","ForbiA","L1","b","w",0,0,"Crabronidae",1
"SaipanForbiAL1","Saipan","ForbiA","L1","b","w",0,0,"Trichoptera",0
"SaipanForbiAL1","Saipan","ForbiA","L1","b","w",0,0,"Diptera",1
"SaipanForbiAL1","Saipan","ForbiA","L1","b","w",0,0,"Lepidoptera",1
"SaipanForbiAL1","Saipan","ForbiA","L1","b","w",0,0,"Hemiptera",0
"SaipanForbiAL1","Saipan","ForbiA","L1","b","w",0,0,"Blattodea",0
"SaipanForbiAL1","Saipan","ForbiA","L1","y","y",0,0,"Coleoptera",0
"SaipanForbiAL1","Saipan","ForbiA","L1","y","y",0,0,"Araneae",0
"SaipanForbiAL1","Saipan","ForbiA","L1","y","y",0,0,"Formicidae",0
"SaipanForbiAL1","Saipan","ForbiA","L1","y","y",0,0,"Isoptera",0
"SaipanForbiAL1","Saipan","ForbiA","L1","y","y",0,0,"Apoidea",0
"SaipanForbiAL1","Saipan","ForbiA","L1","y","y",0,0,"Crabronidae",0
"SaipanForbiAL1","Saipan","ForbiA","L1","y","y",0,0,"Trichoptera",0
"SaipanForbiAL1","Saipan","ForbiA","L1","y","y",0,0,"Diptera",1
"SaipanForbiAL1","Saipan","ForbiA","L1","y","y",0,0,"Lepidoptera",0
"SaipanForbiAL1","Saipan","ForbiA","L1","y","y",0,0,"Hemiptera",0
"SaipanForbiAL1","Saipan","ForbiA","L1","y","y",0,0,"Blattodea",0
"SaipanForbiAL1","Saipan","ForbiA","L1","y","r",0,0,"Coleoptera",0
"SaipanForbiAL1","Saipan","ForbiA","L1","y","r",0,0,"Araneae",0
"SaipanForbiAL1","Saipan","ForbiA","L1","y","r",0,0,"Formicidae",0
"SaipanForbiAL1","Saipan","ForbiA","L1","y","r",0,0,"Isoptera",0
"SaipanForbiAL1","Saipan","ForbiA","L1","y","r",0,0,"Apoidea",0
"SaipanForbiAL1","Saipan","ForbiA","L1","y","r",0,0,"Crabronidae",0
"SaipanForbiAL1","Saipan","ForbiA","L1","y","r",0,0,"Trichoptera",0
"SaipanForbiAL1","Saipan","ForbiA","L1","y","r",0,0,"Diptera",NA
"SaipanForbiAL1","Saipan","ForbiA","L1","y","r",0,0,"Lepidoptera",0
"SaipanForbiAL1","Saipan","ForbiA","L1","y","r",0,0,"Hemiptera",1
"SaipanForbiAL1","Saipan","ForbiA","L1","y","r",0,0,"Blattodea",0
"SaipanForbiAL1","Saipan","ForbiA","L1","r","r",0,0,"Coleoptera",1
"SaipanForbiAL1","Saipan","ForbiA","L1","r","r",0,0,"Araneae",0
"SaipanForbiAL1","Saipan","ForbiA","L1","r","r",0,0,"Formicidae",0
"SaipanForbiAL1","Saipan","ForbiA","L1","r","r",0,0,"Isoptera",0
"SaipanForbiAL1","Saipan","ForbiA","L1","r","r",0,0,"Apoidea",1
"SaipanForbiAL1","Saipan","ForbiA","L1","r","r",0,0,"Crabronidae",1
"SaipanForbiAL1","Saipan","ForbiA","L1","r","r",0,0,"Trichoptera",0
"SaipanForbiAL1","Saipan","ForbiA","L1","r","r",0,0,"Diptera",2
"SaipanForbiAL1","Saipan","ForbiA","L1","r","r",0,0,"Lepidoptera",3
"SaipanForbiAL1","Saipan","ForbiA","L1","r","r",0,0,"Hemiptera",0
"SaipanForbiAL1","Saipan","ForbiA","L1","r","r",0,0,"Blattodea",0
"SaipanForbiAL1","Saipan","ForbiA","L1","r","w",0,0,"Coleoptera",1
"SaipanForbiAL1","Saipan","ForbiA","L1","r","w",0,0,"Araneae",0
"SaipanForbiAL1","Saipan","ForbiA","L1","r","w",0,0,"Formicidae",1
"SaipanForbiAL1","Saipan","ForbiA","L1","r","w",0,0,"Isoptera",0
"SaipanForbiAL1","Saipan","ForbiA","L1","r","w",0,0,"Apoidea",2
"SaipanForbiAL1","Saipan","ForbiA","L1","r","w",0,0,"Crabronidae",0
"SaipanForbiAL1","Saipan","ForbiA","L1","r","w",0,0,"Trichoptera",0
"SaipanForbiAL1","Saipan","ForbiA","L1","r","w",0,0,"Diptera",2
"SaipanForbiAL1","Saipan","ForbiA","L1","r","w",0,0,"Lepidoptera",3
"SaipanForbiAL1","Saipan","ForbiA","L1","r","w",0,0,"Hemiptera",0
"SaipanForbiAL1","Saipan","ForbiA","L1","r","w",0,0,"Blattodea",0
"SaipanForbiAL1","Saipan","ForbiA","L1","b","y",0,0,"Coleoptera",0
"SaipanForbiAL1","Saipan","ForbiA","L1","b","y",0,0,"Araneae",0
"SaipanForbiAL1","Saipan","ForbiA","L1","b","y",0,0,"Formicidae",0
"SaipanForbiAL1","Saipan","ForbiA","L1","b","y",0,0,"Isoptera",0
"SaipanForbiAL1","Saipan","ForbiA","L1","b","y",0,0,"Apoidea",0
"SaipanForbiAL1","Saipan","ForbiA","L1","b","y",0,0,"Crabronidae",0
"SaipanForbiAL1","Saipan","ForbiA","L1","b","y",0,0,"Trichoptera",0
"SaipanForbiAL1","Saipan","ForbiA","L1","b","y",0,0,"Diptera",6
"SaipanForbiAL1","Saipan","ForbiA","L1","b","y",0,0,"Lepidoptera",2
"SaipanForbiAL1","Saipan","ForbiA","L1","b","y",0,0,"Hemiptera",0
"SaipanForbiAL1","Saipan","ForbiA","L1","b","y",0,0,"Blattodea",0
"SaipanForbiAL1","Saipan","ForbiA","L1","w","r",0,0,"Coleoptera",0
"SaipanForbiAL1","Saipan","ForbiA","L1","w","r",0,0,"Araneae",0
"SaipanForbiAL1","Saipan","ForbiA","L1","w","r",0,0,"Formicidae",0
"SaipanForbiAL1","Saipan","ForbiA","L1","w","r",0,0,"Isoptera",0
"SaipanForbiAL1","Saipan","ForbiA","L1","w","r",0,0,"Apoidea",1
"SaipanForbiAL1","Saipan","ForbiA","L1","w","r",0,0,"Crabronidae",0
"SaipanForbiAL1","Saipan","ForbiA","L1","w","r",0,0,"Trichoptera",0
"SaipanForbiAL1","Saipan","ForbiA","L1","w","r",0,0,"Diptera",2
"SaipanForbiAL1","Saipan","ForbiA","L1","w","r",0,0,"Lepidoptera",3
"SaipanForbiAL1","Saipan","ForbiA","L1","w","r",0,0,"Hemiptera",0
"SaipanForbiAL1","Saipan","ForbiA","L1","w","r",0,0,"Blattodea",0
"SaipanForbiAL1","Saipan","ForbiA","L1","b","b",0,0,"Coleoptera",0
"SaipanForbiAL1","Saipan","ForbiA","L1","b","b",0,0,"Araneae",0
"SaipanForbiAL1","Saipan","ForbiA","L1","b","b",0,0,"Formicidae",0
"SaipanForbiAL1","Saipan","ForbiA","L1","b","b",0,0,"Isoptera",0
"SaipanForbiAL1","Saipan","ForbiA","L1","b","b",0,0,"Apoidea",0
"SaipanForbiAL1","Saipan","ForbiA","L1","b","b",0,0,"Crabronidae",0
"SaipanForbiAL1","Saipan","ForbiA","L1","b","b",0,0,"Trichoptera",0
"SaipanForbiAL1","Saipan","ForbiA","L1","b","b",0,0,"Diptera",NA
"SaipanForbiAL1","Saipan","ForbiA","L1","b","b",0,0,"Lepidoptera",1
"SaipanForbiAL1","Saipan","ForbiA","L1","b","b",0,0,"Hemiptera",0
"SaipanForbiAL1","Saipan","ForbiA","L1","b","b",0,0,"Blattodea",0
"SaipanForbiAL1","Saipan","ForbiA","L1","b","r",0,0,"Coleoptera",0
"SaipanForbiAL1","Saipan","ForbiA","L1","b","r",0,0,"Araneae",1
"SaipanForbiAL1","Saipan","ForbiA","L1","b","r",0,0,"Formicidae",0
"SaipanForbiAL1","Saipan","ForbiA","L1","b","r",0,0,"Isoptera",0
"SaipanForbiAL1","Saipan","ForbiA","L1","b","r",0,0,"Apoidea",0
"SaipanForbiAL1","Saipan","ForbiA","L1","b","r",0,0,"Crabronidae",0
"SaipanForbiAL1","Saipan","ForbiA","L1","b","r",0,0,"Trichoptera",0
"SaipanForbiAL1","Saipan","ForbiA","L1","b","r",0,0,"Diptera",NA
"SaipanForbiAL1","Saipan","ForbiA","L1","b","r",0,0,"Lepidoptera",4
"SaipanForbiAL1","Saipan","ForbiA","L1","b","r",0,0,"Hemiptera",0
"SaipanForbiAL1","Saipan","ForbiA","L1","b","r",0,0,"Blattodea",0
"SaipanForbiAL1","Saipan","ForbiA","L1","w","y",0,0,"Coleoptera",0
"SaipanForbiAL1","Saipan","ForbiA","L1","w","y",0,0,"Araneae",0
"SaipanForbiAL1","Saipan","ForbiA","L1","w","y",0,0,"Formicidae",0
"SaipanForbiAL1","Saipan","ForbiA","L1","w","y",0,0,"Isoptera",0
"SaipanForbiAL1","Saipan","ForbiA","L1","w","y",0,0,"Apoidea",0
"SaipanForbiAL1","Saipan","ForbiA","L1","w","y",0,0,"Crabronidae",0
"SaipanForbiAL1","Saipan","ForbiA","L1","w","y",0,0,"Trichoptera",0
"SaipanForbiAL1","Saipan","ForbiA","L1","w","y",0,0,"Diptera",NA
"SaipanForbiAL1","Saipan","ForbiA","L1","w","y",0,0,"Lepidoptera",0
"SaipanForbiAL1","Saipan","ForbiA","L1","w","y",0,0,"Hemiptera",0
"SaipanForbiAL1","Saipan","ForbiA","L1","w","y",0,0,"Blattodea",0
"SaipanForbiAL1","Saipan","ForbiA","L1","w","w",0,0,"Coleoptera",0
"SaipanForbiAL1","Saipan","ForbiA","L1","w","w",0,0,"Araneae",0
"SaipanForbiAL1","Saipan","ForbiA","L1","w","w",0,0,"Formicidae",0
"SaipanForbiAL1","Saipan","ForbiA","L1","w","w",0,0,"Isoptera",0
"SaipanForbiAL1","Saipan","ForbiA","L1","w","w",0,0,"Apoidea",1
"SaipanForbiAL1","Saipan","ForbiA","L1","w","w",0,0,"Crabronidae",0
"SaipanForbiAL1","Saipan","ForbiA","L1","w","w",0,0,"Trichoptera",1
"SaipanForbiAL1","Saipan","ForbiA","L1","w","w",0,0,"Diptera",6
"SaipanForbiAL1","Saipan","ForbiA","L1","w","w",0,0,"Lepidoptera",4
"SaipanForbiAL1","Saipan","ForbiA","L1","w","w",0,0,"Hemiptera",1
"SaipanForbiAL1","Saipan","ForbiA","L1","w","w",0,0,"Blattodea",0
"SaipanForbiAL1","Saipan","ForbiA","L1","y","b",0,0,"Coleoptera",0
"SaipanForbiAL1","Saipan","ForbiA","L1","y","b",0,0,"Araneae",0
"SaipanForbiAL1","Saipan","ForbiA","L1","y","b",0,0,"Formicidae",0
"SaipanForbiAL1","Saipan","ForbiA","L1","y","b",0,0,"Isoptera",0
"SaipanForbiAL1","Saipan","ForbiA","L1","y","b",0,0,"Apoidea",0
"SaipanForbiAL1","Saipan","ForbiA","L1","y","b",0,0,"Crabronidae",0
"SaipanForbiAL1","Saipan","ForbiA","L1","y","b",0,0,"Trichoptera",1
"SaipanForbiAL1","Saipan","ForbiA","L1","y","b",0,0,"Diptera",2
"SaipanForbiAL1","Saipan","ForbiA","L1","y","b",0,0,"Lepidoptera",1
"SaipanForbiAL1","Saipan","ForbiA","L1","y","b",0,0,"Hemiptera",0
"SaipanForbiAL1","Saipan","ForbiA","L1","y","b",0,0,"Blattodea",0
"SaipanForbiAL1","Saipan","ForbiA","L1","w","b",0,0,"Coleoptera",0
"SaipanForbiAL1","Saipan","ForbiA","L1","w","b",0,0,"Araneae",0
"SaipanForbiAL1","Saipan","ForbiA","L1","w","b",0,0,"Formicidae",1
"SaipanForbiAL1","Saipan","ForbiA","L1","w","b",0,0,"Isoptera",0
"SaipanForbiAL1","Saipan","ForbiA","L1","w","b",0,0,"Apoidea",1
"SaipanForbiAL1","Saipan","ForbiA","L1","w","b",0,0,"Crabronidae",1
"SaipanForbiAL1","Saipan","ForbiA","L1","w","b",0,0,"Trichoptera",0
"SaipanForbiAL1","Saipan","ForbiA","L1","w","b",0,0,"Diptera",NA
"SaipanForbiAL1","Saipan","ForbiA","L1","w","b",0,0,"Lepidoptera",1
"SaipanForbiAL1","Saipan","ForbiA","L1","w","b",0,0,"Hemiptera",1
"SaipanForbiAL1","Saipan","ForbiA","L1","w","b",0,0,"Blattodea",0
"SaipanForbiAL1","Saipan","ForbiA","L1","r","y",0,0,"Coleoptera",0
"SaipanForbiAL1","Saipan","ForbiA","L1","r","y",0,0,"Araneae",0
"SaipanForbiAL1","Saipan","ForbiA","L1","r","y",0,0,"Formicidae",0
"SaipanForbiAL1","Saipan","ForbiA","L1","r","y",0,0,"Isoptera",0
"SaipanForbiAL1","Saipan","ForbiA","L1","r","y",0,0,"Apoidea",0
"SaipanForbiAL1","Saipan","ForbiA","L1","r","y",0,0,"Crabronidae",0
"SaipanForbiAL1","Saipan","ForbiA","L1","r","y",0,0,"Trichoptera",0
"SaipanForbiAL1","Saipan","ForbiA","L1","r","y",0,0,"Diptera",1
"SaipanForbiAL1","Saipan","ForbiA","L1","r","y",0,0,"Lepidoptera",2
"SaipanForbiAL1","Saipan","ForbiA","L1","r","y",0,0,"Hemiptera",1
"SaipanForbiAL1","Saipan","ForbiA","L1","r","y",0,0,"Blattodea",0
"SaipanForbiAL1","Saipan","ForbiA","L1","y","w",0,0,"Coleoptera",0
"SaipanForbiAL1","Saipan","ForbiA","L1","y","w",0,0,"Araneae",0
"SaipanForbiAL1","Saipan","ForbiA","L1","y","w",0,0,"Formicidae",0
"SaipanForbiAL1","Saipan","ForbiA","L1","y","w",0,0,"Isoptera",0
"SaipanForbiAL1","Saipan","ForbiA","L1","y","w",0,0,"Apoidea",0
"SaipanForbiAL1","Saipan","ForbiA","L1","y","w",0,0,"Crabronidae",0
"SaipanForbiAL1","Saipan","ForbiA","L1","y","w",0,0,"Trichoptera",0
"SaipanForbiAL1","Saipan","ForbiA","L1","y","w",0,0,"Diptera",NA
"SaipanForbiAL1","Saipan","ForbiA","L1","y","w",0,0,"Lepidoptera",1
"SaipanForbiAL1","Saipan","ForbiA","L1","y","w",0,0,"Hemiptera",0
"SaipanForbiAL1","Saipan","ForbiA","L1","y","w",0,0,"Blattodea",0
"SaipanForbiAL1","Saipan","ForbiA","L1","r","b",0,0,"Coleoptera",0
"SaipanForbiAL1","Saipan","ForbiA","L1","r","b",0,0,"Araneae",0
"SaipanForbiAL1","Saipan","ForbiA","L1","r","b",0,0,"Formicidae",1
"SaipanForbiAL1","Saipan","ForbiA","L1","r","b",0,0,"Isoptera",0
"SaipanForbiAL1","Saipan","ForbiA","L1","r","b",0,0,"Apoidea",0
"SaipanForbiAL1","Saipan","ForbiA","L1","r","b",0,0,"Crabronidae",0
"SaipanForbiAL1","Saipan","ForbiA","L1","r","b",0,0,"Trichoptera",0
"SaipanForbiAL1","Saipan","ForbiA","L1","r","b",0,0,"Diptera",2
"SaipanForbiAL1","Saipan","ForbiA","L1","r","b",0,0,"Lepidoptera",0
"SaipanForbiAL1","Saipan","ForbiA","L1","r","b",0,0,"Hemiptera",0
"SaipanForbiAL1","Saipan","ForbiA","L1","r","b",0,0,"Blattodea",0
"SaipanForbiAL2","Saipan","ForbiA","L2","y","b",0,0,"Coleoptera",0
"SaipanForbiAL2","Saipan","ForbiA","L2","y","b",0,0,"Araneae",0
"SaipanForbiAL2","Saipan","ForbiA","L2","y","b",0,0,"Formicidae",0
"SaipanForbiAL2","Saipan","ForbiA","L2","y","b",0,0,"Isoptera",0
"SaipanForbiAL2","Saipan","ForbiA","L2","y","b",0,0,"Apoidea",2
"SaipanForbiAL2","Saipan","ForbiA","L2","y","b",0,0,"Crabronidae",1
"SaipanForbiAL2","Saipan","ForbiA","L2","y","b",0,0,"Trichoptera",0
"SaipanForbiAL2","Saipan","ForbiA","L2","y","b",0,0,"Diptera",1
"SaipanForbiAL2","Saipan","ForbiA","L2","y","b",0,0,"Lepidoptera",1
"SaipanForbiAL2","Saipan","ForbiA","L2","y","b",0,0,"Hemiptera",0
"SaipanForbiAL2","Saipan","ForbiA","L2","y","b",0,0,"Blattodea",0
"SaipanForbiAL2","Saipan","ForbiA","L2","y","y",0,0,"Coleoptera",0
"SaipanForbiAL2","Saipan","ForbiA","L2","y","y",0,0,"Araneae",0
"SaipanForbiAL2","Saipan","ForbiA","L2","y","y",0,0,"Formicidae",3
"SaipanForbiAL2","Saipan","ForbiA","L2","y","y",0,0,"Isoptera",0
"SaipanForbiAL2","Saipan","ForbiA","L2","y","y",0,0,"Apoidea",0
"SaipanForbiAL2","Saipan","ForbiA","L2","y","y",0,0,"Crabronidae",1
"SaipanForbiAL2","Saipan","ForbiA","L2","y","y",0,0,"Trichoptera",0
"SaipanForbiAL2","Saipan","ForbiA","L2","y","y",0,0,"Diptera",7
"SaipanForbiAL2","Saipan","ForbiA","L2","y","y",0,0,"Lepidoptera",3
"SaipanForbiAL2","Saipan","ForbiA","L2","y","y",0,0,"Hemiptera",2
"SaipanForbiAL2","Saipan","ForbiA","L2","y","y",0,0,"Blattodea",0
"SaipanForbiAL2","Saipan","ForbiA","L2","y","w",0,0,"Coleoptera",0
"SaipanForbiAL2","Saipan","ForbiA","L2","y","w",0,0,"Araneae",0
"SaipanForbiAL2","Saipan","ForbiA","L2","y","w",0,0,"Formicidae",0
"SaipanForbiAL2","Saipan","ForbiA","L2","y","w",0,0,"Isoptera",0
"SaipanForbiAL2","Saipan","ForbiA","L2","y","w",0,0,"Apoidea",0
"SaipanForbiAL2","Saipan","ForbiA","L2","y","w",0,0,"Crabronidae",1
"SaipanForbiAL2","Saipan","ForbiA","L2","y","w",0,0,"Trichoptera",0
"SaipanForbiAL2","Saipan","ForbiA","L2","y","w",0,0,"Diptera",7
"SaipanForbiAL2","Saipan","ForbiA","L2","y","w",0,0,"Lepidoptera",0
"SaipanForbiAL2","Saipan","ForbiA","L2","y","w",0,0,"Hemiptera",2
"SaipanForbiAL2","Saipan","ForbiA","L2","y","w",0,0,"Blattodea",0
"SaipanForbiAL2","Saipan","ForbiA","L2","y","r",0,0,"Coleoptera",0
"SaipanForbiAL2","Saipan","ForbiA","L2","y","r",0,0,"Araneae",0
"SaipanForbiAL2","Saipan","ForbiA","L2","y","r",0,0,"Formicidae",0
"SaipanForbiAL2","Saipan","ForbiA","L2","y","r",0,0,"Isoptera",0
"SaipanForbiAL2","Saipan","ForbiA","L2","y","r",0,0,"Apoidea",0
"SaipanForbiAL2","Saipan","ForbiA","L2","y","r",0,0,"Crabronidae",0
"SaipanForbiAL2","Saipan","ForbiA","L2","y","r",0,0,"Trichoptera",0
"SaipanForbiAL2","Saipan","ForbiA","L2","y","r",0,0,"Diptera",0
"SaipanForbiAL2","Saipan","ForbiA","L2","y","r",0,0,"Lepidoptera",4
"SaipanForbiAL2","Saipan","ForbiA","L2","y","r",0,0,"Hemiptera",0
"SaipanForbiAL2","Saipan","ForbiA","L2","y","r",0,0,"Blattodea",0
"SaipanForbiAL2","Saipan","ForbiA","L2","b","y",0,0,"Coleoptera",1
"SaipanForbiAL2","Saipan","ForbiA","L2","b","y",0,0,"Araneae",0
"SaipanForbiAL2","Saipan","ForbiA","L2","b","y",0,0,"Formicidae",0
"SaipanForbiAL2","Saipan","ForbiA","L2","b","y",0,0,"Isoptera",0
"SaipanForbiAL2","Saipan","ForbiA","L2","b","y",0,0,"Apoidea",1
"SaipanForbiAL2","Saipan","ForbiA","L2","b","y",0,0,"Crabronidae",1
"SaipanForbiAL2","Saipan","ForbiA","L2","b","y",0,0,"Trichoptera",0
"SaipanForbiAL2","Saipan","ForbiA","L2","b","y",0,0,"Diptera",15
"SaipanForbiAL2","Saipan","ForbiA","L2","b","y",0,0,"Lepidoptera",3
"SaipanForbiAL2","Saipan","ForbiA","L2","b","y",0,0,"Hemiptera",5
"SaipanForbiAL2","Saipan","ForbiA","L2","b","y",0,0,"Blattodea",0
"SaipanForbiAL2","Saipan","ForbiA","L2","b","b",0,0,"Coleoptera",1
"SaipanForbiAL2","Saipan","ForbiA","L2","b","b",0,0,"Araneae",0
"SaipanForbiAL2","Saipan","ForbiA","L2","b","b",0,0,"Formicidae",1
"SaipanForbiAL2","Saipan","ForbiA","L2","b","b",0,0,"Isoptera",0
"SaipanForbiAL2","Saipan","ForbiA","L2","b","b",0,0,"Apoidea",0
"SaipanForbiAL2","Saipan","ForbiA","L2","b","b",0,0,"Crabronidae",0
"SaipanForbiAL2","Saipan","ForbiA","L2","b","b",0,0,"Trichoptera",0
"SaipanForbiAL2","Saipan","ForbiA","L2","b","b",0,0,"Diptera",2
"SaipanForbiAL2","Saipan","ForbiA","L2","b","b",0,0,"Lepidoptera",3
"SaipanForbiAL2","Saipan","ForbiA","L2","b","b",0,0,"Hemiptera",0
"SaipanForbiAL2","Saipan","ForbiA","L2","b","b",0,0,"Blattodea",0
"SaipanForbiAL2","Saipan","ForbiA","L2","b","w",0,0,"Coleoptera",0
"SaipanForbiAL2","Saipan","ForbiA","L2","b","w",0,0,"Araneae",0
"SaipanForbiAL2","Saipan","ForbiA","L2","b","w",0,0,"Formicidae",0
"SaipanForbiAL2","Saipan","ForbiA","L2","b","w",0,0,"Isoptera",0
"SaipanForbiAL2","Saipan","ForbiA","L2","b","w",0,0,"Apoidea",1
"SaipanForbiAL2","Saipan","ForbiA","L2","b","w",0,0,"Crabronidae",0
"SaipanForbiAL2","Saipan","ForbiA","L2","b","w",0,0,"Trichoptera",0
"SaipanForbiAL2","Saipan","ForbiA","L2","b","w",0,0,"Diptera",4
"SaipanForbiAL2","Saipan","ForbiA","L2","b","w",0,0,"Lepidoptera",0
"SaipanForbiAL2","Saipan","ForbiA","L2","b","w",0,0,"Hemiptera",0
"SaipanForbiAL2","Saipan","ForbiA","L2","b","w",0,0,"Blattodea",0
"SaipanForbiAL2","Saipan","ForbiA","L2","b","r",0,0,"Coleoptera",0
"SaipanForbiAL2","Saipan","ForbiA","L2","b","r",0,0,"Araneae",0
"SaipanForbiAL2","Saipan","ForbiA","L2","b","r",0,0,"Formicidae",1
"SaipanForbiAL2","Saipan","ForbiA","L2","b","r",0,0,"Isoptera",0
"SaipanForbiAL2","Saipan","ForbiA","L2","b","r",0,0,"Apoidea",0
"SaipanForbiAL2","Saipan","ForbiA","L2","b","r",0,0,"Crabronidae",1
"SaipanForbiAL2","Saipan","ForbiA","L2","b","r",0,0,"Trichoptera",0
"SaipanForbiAL2","Saipan","ForbiA","L2","b","r",0,0,"Diptera",2
"SaipanForbiAL2","Saipan","ForbiA","L2","b","r",0,0,"Lepidoptera",3
"SaipanForbiAL2","Saipan","ForbiA","L2","b","r",0,0,"Hemiptera",1
"SaipanForbiAL2","Saipan","ForbiA","L2","b","r",0,0,"Blattodea",0
"SaipanForbiAL2","Saipan","ForbiA","L2","w","y",0,0,"Coleoptera",2
"SaipanForbiAL2","Saipan","ForbiA","L2","w","y",0,0,"Araneae",1
"SaipanForbiAL2","Saipan","ForbiA","L2","w","y",0,0,"Formicidae",2
"SaipanForbiAL2","Saipan","ForbiA","L2","w","y",0,0,"Isoptera",0
"SaipanForbiAL2","Saipan","ForbiA","L2","w","y",0,0,"Apoidea",3
"SaipanForbiAL2","Saipan","ForbiA","L2","w","y",0,0,"Crabronidae",0
"SaipanForbiAL2","Saipan","ForbiA","L2","w","y",0,0,"Trichoptera",1
"SaipanForbiAL2","Saipan","ForbiA","L2","w","y",0,0,"Diptera",4
"SaipanForbiAL2","Saipan","ForbiA","L2","w","y",0,0,"Lepidoptera",5
"SaipanForbiAL2","Saipan","ForbiA","L2","w","y",0,0,"Hemiptera",0
"SaipanForbiAL2","Saipan","ForbiA","L2","w","y",0,0,"Blattodea",0
"SaipanForbiAL2","Saipan","ForbiA","L2","w","b",0,0,"Coleoptera",0
"SaipanForbiAL2","Saipan","ForbiA","L2","w","b",0,0,"Araneae",1
"SaipanForbiAL2","Saipan","ForbiA","L2","w","b",0,0,"Formicidae",1
"SaipanForbiAL2","Saipan","ForbiA","L2","w","b",0,0,"Isoptera",0
"SaipanForbiAL2","Saipan","ForbiA","L2","w","b",0,0,"Apoidea",2
"SaipanForbiAL2","Saipan","ForbiA","L2","w","b",0,0,"Crabronidae",0
"SaipanForbiAL2","Saipan","ForbiA","L2","w","b",0,0,"Trichoptera",0
"SaipanForbiAL2","Saipan","ForbiA","L2","w","b",0,0,"Diptera",1
"SaipanForbiAL2","Saipan","ForbiA","L2","w","b",0,0,"Lepidoptera",3
"SaipanForbiAL2","Saipan","ForbiA","L2","w","b",0,0,"Hemiptera",1
"SaipanForbiAL2","Saipan","ForbiA","L2","w","b",0,0,"Blattodea",0
"SaipanForbiAL2","Saipan","ForbiA","L2","w","w",0,0,"Coleoptera",0
"SaipanForbiAL2","Saipan","ForbiA","L2","w","w",0,0,"Araneae",0
"SaipanForbiAL2","Saipan","ForbiA","L2","w","w",0,0,"Formicidae",1
"SaipanForbiAL2","Saipan","ForbiA","L2","w","w",0,0,"Isoptera",0
"SaipanForbiAL2","Saipan","ForbiA","L2","w","w",0,0,"Apoidea",2
"SaipanForbiAL2","Saipan","ForbiA","L2","w","w",0,0,"Crabronidae",2
"SaipanForbiAL2","Saipan","ForbiA","L2","w","w",0,0,"Trichoptera",0
"SaipanForbiAL2","Saipan","ForbiA","L2","w","w",0,0,"Diptera",4
"SaipanForbiAL2","Saipan","ForbiA","L2","w","w",0,0,"Lepidoptera",2
"SaipanForbiAL2","Saipan","ForbiA","L2","w","w",0,0,"Hemiptera",0
"SaipanForbiAL2","Saipan","ForbiA","L2","w","w",0,0,"Blattodea",0
"SaipanForbiAL2","Saipan","ForbiA","L2","w","r",0,0,"Coleoptera",1
"SaipanForbiAL2","Saipan","ForbiA","L2","w","r",0,0,"Araneae",0
"SaipanForbiAL2","Saipan","ForbiA","L2","w","r",0,0,"Formicidae",1
"SaipanForbiAL2","Saipan","ForbiA","L2","w","r",0,0,"Isoptera",0
"SaipanForbiAL2","Saipan","ForbiA","L2","w","r",0,0,"Apoidea",2
"SaipanForbiAL2","Saipan","ForbiA","L2","w","r",0,0,"Crabronidae",0
"SaipanForbiAL2","Saipan","ForbiA","L2","w","r",0,0,"Trichoptera",0
"SaipanForbiAL2","Saipan","ForbiA","L2","w","r",0,0,"Diptera",1
"SaipanForbiAL2","Saipan","ForbiA","L2","w","r",0,0,"Lepidoptera",7
"SaipanForbiAL2","Saipan","ForbiA","L2","w","r",0,0,"Hemiptera",0
"SaipanForbiAL2","Saipan","ForbiA","L2","w","r",0,0,"Blattodea",0
"SaipanForbiAL2","Saipan","ForbiA","L2","r","y",0,0,"Coleoptera",1
"SaipanForbiAL2","Saipan","ForbiA","L2","r","y",0,0,"Araneae",0
"SaipanForbiAL2","Saipan","ForbiA","L2","r","y",0,0,"Formicidae",2
"SaipanForbiAL2","Saipan","ForbiA","L2","r","y",0,0,"Isoptera",0
"SaipanForbiAL2","Saipan","ForbiA","L2","r","y",0,0,"Apoidea",1
"SaipanForbiAL2","Saipan","ForbiA","L2","r","y",0,0,"Crabronidae",0
"SaipanForbiAL2","Saipan","ForbiA","L2","r","y",0,0,"Trichoptera",0
"SaipanForbiAL2","Saipan","ForbiA","L2","r","y",0,0,"Diptera",6
"SaipanForbiAL2","Saipan","ForbiA","L2","r","y",0,0,"Lepidoptera",6
"SaipanForbiAL2","Saipan","ForbiA","L2","r","y",0,0,"Hemiptera",1
"SaipanForbiAL2","Saipan","ForbiA","L2","r","y",0,0,"Blattodea",0
"SaipanForbiAL2","Saipan","ForbiA","L2","r","b",0,0,"Coleoptera",0
"SaipanForbiAL2","Saipan","ForbiA","L2","r","b",0,0,"Araneae",0
"SaipanForbiAL2","Saipan","ForbiA","L2","r","b",0,0,"Formicidae",0
"SaipanForbiAL2","Saipan","ForbiA","L2","r","b",0,0,"Isoptera",0
"SaipanForbiAL2","Saipan","ForbiA","L2","r","b",0,0,"Apoidea",0
"SaipanForbiAL2","Saipan","ForbiA","L2","r","b",0,0,"Crabronidae",0
"SaipanForbiAL2","Saipan","ForbiA","L2","r","b",0,0,"Trichoptera",0
"SaipanForbiAL2","Saipan","ForbiA","L2","r","b",0,0,"Diptera",3
"SaipanForbiAL2","Saipan","ForbiA","L2","r","b",0,0,"Lepidoptera",6
"SaipanForbiAL2","Saipan","ForbiA","L2","r","b",0,0,"Hemiptera",0
"SaipanForbiAL2","Saipan","ForbiA","L2","r","b",0,0,"Blattodea",0
"SaipanForbiAL2","Saipan","ForbiA","L2","r","w",0,0,"Coleoptera",0
"SaipanForbiAL2","Saipan","ForbiA","L2","r","w",0,0,"Araneae",0
"SaipanForbiAL2","Saipan","ForbiA","L2","r","w",0,0,"Formicidae",1
"SaipanForbiAL2","Saipan","ForbiA","L2","r","w",0,0,"Isoptera",0
"SaipanForbiAL2","Saipan","ForbiA","L2","r","w",0,0,"Apoidea",0
"SaipanForbiAL2","Saipan","ForbiA","L2","r","w",0,0,"Crabronidae",0
"SaipanForbiAL2","Saipan","ForbiA","L2","r","w",0,0,"Trichoptera",0
"SaipanForbiAL2","Saipan","ForbiA","L2","r","w",0,0,"Diptera",6
"SaipanForbiAL2","Saipan","ForbiA","L2","r","w",0,0,"Lepidoptera",2
"SaipanForbiAL2","Saipan","ForbiA","L2","r","w",0,0,"Hemiptera",0
"SaipanForbiAL2","Saipan","ForbiA","L2","r","w",0,0,"Blattodea",0
"SaipanForbiAL2","Saipan","ForbiA","L2","r","r",0,0,"Coleoptera",1
"SaipanForbiAL2","Saipan","ForbiA","L2","r","r",0,0,"Araneae",0
"SaipanForbiAL2","Saipan","ForbiA","L2","r","r",0,0,"Formicidae",0
"SaipanForbiAL2","Saipan","ForbiA","L2","r","r",0,0,"Isoptera",0
"SaipanForbiAL2","Saipan","ForbiA","L2","r","r",0,0,"Apoidea",0
"SaipanForbiAL2","Saipan","ForbiA","L2","r","r",0,0,"Crabronidae",0
"SaipanForbiAL2","Saipan","ForbiA","L2","r","r",0,0,"Trichoptera",0
"SaipanForbiAL2","Saipan","ForbiA","L2","r","r",0,0,"Diptera",2
"SaipanForbiAL2","Saipan","ForbiA","L2","r","r",0,0,"Lepidoptera",5
"SaipanForbiAL2","Saipan","ForbiA","L2","r","r",0,0,"Hemiptera",0
"SaipanForbiAL2","Saipan","ForbiA","L2","r","r",0,0,"Blattodea",0
"SaipanForbiAL3","Saipan","ForbiA","L3","r","y",0,0,"Coleoptera",0
"SaipanForbiAL3","Saipan","ForbiA","L3","r","y",0,0,"Araneae",0
"SaipanForbiAL3","Saipan","ForbiA","L3","r","y",0,0,"Formicidae",0
"SaipanForbiAL3","Saipan","ForbiA","L3","r","y",0,0,"Isoptera",0
"SaipanForbiAL3","Saipan","ForbiA","L3","r","y",0,0,"Apoidea",2
"SaipanForbiAL3","Saipan","ForbiA","L3","r","y",0,0,"Crabronidae",0
"SaipanForbiAL3","Saipan","ForbiA","L3","r","y",0,0,"Trichoptera",0
"SaipanForbiAL3","Saipan","ForbiA","L3","r","y",0,0,"Diptera",3
"SaipanForbiAL3","Saipan","ForbiA","L3","r","y",0,0,"Lepidoptera",0
"SaipanForbiAL3","Saipan","ForbiA","L3","r","y",0,0,"Hemiptera",0
"SaipanForbiAL3","Saipan","ForbiA","L3","r","y",0,0,"Blattodea",0
"SaipanForbiAL3","Saipan","ForbiA","L3","r","b",0,0,"Coleoptera",0
"SaipanForbiAL3","Saipan","ForbiA","L3","r","b",0,0,"Araneae",0
"SaipanForbiAL3","Saipan","ForbiA","L3","r","b",0,0,"Formicidae",0
"SaipanForbiAL3","Saipan","ForbiA","L3","r","b",0,0,"Isoptera",0
"SaipanForbiAL3","Saipan","ForbiA","L3","r","b",0,0,"Apoidea",0
"SaipanForbiAL3","Saipan","ForbiA","L3","r","b",0,0,"Crabronidae",0
"SaipanForbiAL3","Saipan","ForbiA","L3","r","b",0,0,"Trichoptera",0
"SaipanForbiAL3","Saipan","ForbiA","L3","r","b",0,0,"Diptera",5
"SaipanForbiAL3","Saipan","ForbiA","L3","r","b",0,0,"Lepidoptera",0
"SaipanForbiAL3","Saipan","ForbiA","L3","r","b",0,0,"Hemiptera",0
"SaipanForbiAL3","Saipan","ForbiA","L3","r","b",0,0,"Blattodea",0
"SaipanForbiAL3","Saipan","ForbiA","L3","r","w",0,0,"Coleoptera",2
"SaipanForbiAL3","Saipan","ForbiA","L3","r","w",0,0,"Araneae",0
"SaipanForbiAL3","Saipan","ForbiA","L3","r","w",0,0,"Formicidae",0
"SaipanForbiAL3","Saipan","ForbiA","L3","r","w",0,0,"Isoptera",0
"SaipanForbiAL3","Saipan","ForbiA","L3","r","w",0,0,"Apoidea",0
"SaipanForbiAL3","Saipan","ForbiA","L3","r","w",0,0,"Crabronidae",0
"SaipanForbiAL3","Saipan","ForbiA","L3","r","w",0,0,"Trichoptera",0
"SaipanForbiAL3","Saipan","ForbiA","L3","r","w",0,0,"Diptera",4
"SaipanForbiAL3","Saipan","ForbiA","L3","r","w",0,0,"Lepidoptera",0
"SaipanForbiAL3","Saipan","ForbiA","L3","r","w",0,0,"Hemiptera",1
"SaipanForbiAL3","Saipan","ForbiA","L3","r","w",0,0,"Blattodea",1
"SaipanForbiAL3","Saipan","ForbiA","L3","r","r",0,0,"Coleoptera",0
"SaipanForbiAL3","Saipan","ForbiA","L3","r","r",0,0,"Araneae",0
"SaipanForbiAL3","Saipan","ForbiA","L3","r","r",0,0,"Formicidae",0
"SaipanForbiAL3","Saipan","ForbiA","L3","r","r",0,0,"Isoptera",0
"SaipanForbiAL3","Saipan","ForbiA","L3","r","r",0,0,"Apoidea",0
"SaipanForbiAL3","Saipan","ForbiA","L3","r","r",0,0,"Crabronidae",1
"SaipanForbiAL3","Saipan","ForbiA","L3","r","r",0,0,"Trichoptera",0
"SaipanForbiAL3","Saipan","ForbiA","L3","r","r",0,0,"Diptera",5
"SaipanForbiAL3","Saipan","ForbiA","L3","r","r",0,0,"Lepidoptera",0
"SaipanForbiAL3","Saipan","ForbiA","L3","r","r",0,0,"Hemiptera",1
"SaipanForbiAL3","Saipan","ForbiA","L3","r","r",0,0,"Blattodea",0
"SaipanForbiAL3","Saipan","ForbiA","L3","w","y",0,0,"Coleoptera",0
"SaipanForbiAL3","Saipan","ForbiA","L3","w","y",0,0,"Araneae",0
"SaipanForbiAL3","Saipan","ForbiA","L3","w","y",0,0,"Formicidae",0
"SaipanForbiAL3","Saipan","ForbiA","L3","w","y",0,0,"Isoptera",0
"SaipanForbiAL3","Saipan","ForbiA","L3","w","y",0,0,"Apoidea",3
"SaipanForbiAL3","Saipan","ForbiA","L3","w","y",0,0,"Crabronidae",0
"SaipanForbiAL3","Saipan","ForbiA","L3","w","y",0,0,"Trichoptera",0
"SaipanForbiAL3","Saipan","ForbiA","L3","w","y",0,0,"Diptera",1
"SaipanForbiAL3","Saipan","ForbiA","L3","w","y",0,0,"Lepidoptera",0
"SaipanForbiAL3","Saipan","ForbiA","L3","w","y",0,0,"Hemiptera",1
"SaipanForbiAL3","Saipan","ForbiA","L3","w","y",0,0,"Blattodea",0
"SaipanForbiAL3","Saipan","ForbiA","L3","w","b",0,0,"Coleoptera",1
"SaipanForbiAL3","Saipan","ForbiA","L3","w","b",0,0,"Araneae",0
"SaipanForbiAL3","Saipan","ForbiA","L3","w","b",0,0,"Formicidae",0
"SaipanForbiAL3","Saipan","ForbiA","L3","w","b",0,0,"Isoptera",0
"SaipanForbiAL3","Saipan","ForbiA","L3","w","b",0,0,"Apoidea",0
"SaipanForbiAL3","Saipan","ForbiA","L3","w","b",0,0,"Crabronidae",0
"SaipanForbiAL3","Saipan","ForbiA","L3","w","b",0,0,"Trichoptera",0
"SaipanForbiAL3","Saipan","ForbiA","L3","w","b",0,0,"Diptera",1
"SaipanForbiAL3","Saipan","ForbiA","L3","w","b",0,0,"Lepidoptera",0
"SaipanForbiAL3","Saipan","ForbiA","L3","w","b",0,0,"Hemiptera",1
"SaipanForbiAL3","Saipan","ForbiA","L3","w","b",0,0,"Blattodea",0
"SaipanForbiAL3","Saipan","ForbiA","L3","w","w",0,0,"Coleoptera",0
"SaipanForbiAL3","Saipan","ForbiA","L3","w","w",0,0,"Araneae",0
"SaipanForbiAL3","Saipan","ForbiA","L3","w","w",0,0,"Formicidae",0
"SaipanForbiAL3","Saipan","ForbiA","L3","w","w",0,0,"Isoptera",0
"SaipanForbiAL3","Saipan","ForbiA","L3","w","w",0,0,"Apoidea",1
"SaipanForbiAL3","Saipan","ForbiA","L3","w","w",0,0,"Crabronidae",0
"SaipanForbiAL3","Saipan","ForbiA","L3","w","w",0,0,"Trichoptera",0
"SaipanForbiAL3","Saipan","ForbiA","L3","w","w",0,0,"Diptera",2
"SaipanForbiAL3","Saipan","ForbiA","L3","w","w",0,0,"Lepidoptera",0
"SaipanForbiAL3","Saipan","ForbiA","L3","w","w",0,0,"Hemiptera",0
"SaipanForbiAL3","Saipan","ForbiA","L3","w","w",0,0,"Blattodea",0
"SaipanForbiAL3","Saipan","ForbiA","L3","b","y",0,0,"Coleoptera",0
"SaipanForbiAL3","Saipan","ForbiA","L3","b","y",0,0,"Araneae",0
"SaipanForbiAL3","Saipan","ForbiA","L3","b","y",0,0,"Formicidae",0
"SaipanForbiAL3","Saipan","ForbiA","L3","b","y",0,0,"Isoptera",0
"SaipanForbiAL3","Saipan","ForbiA","L3","b","y",0,0,"Apoidea",1
"SaipanForbiAL3","Saipan","ForbiA","L3","b","y",0,0,"Crabronidae",0
"SaipanForbiAL3","Saipan","ForbiA","L3","b","y",0,0,"Trichoptera",0
"SaipanForbiAL3","Saipan","ForbiA","L3","b","y",0,0,"Diptera",8
"SaipanForbiAL3","Saipan","ForbiA","L3","b","y",0,0,"Lepidoptera",0
"SaipanForbiAL3","Saipan","ForbiA","L3","b","y",0,0,"Hemiptera",0
"SaipanForbiAL3","Saipan","ForbiA","L3","b","y",0,0,"Blattodea",0
"SaipanForbiAL3","Saipan","ForbiA","L3","w","r",0,0,"Coleoptera",1
"SaipanForbiAL3","Saipan","ForbiA","L3","w","r",0,0,"Araneae",0
"SaipanForbiAL3","Saipan","ForbiA","L3","w","r",0,0,"Formicidae",0
"SaipanForbiAL3","Saipan","ForbiA","L3","w","r",0,0,"Isoptera",0
"SaipanForbiAL3","Saipan","ForbiA","L3","w","r",0,0,"Apoidea",1
"SaipanForbiAL3","Saipan","ForbiA","L3","w","r",0,0,"Crabronidae",0
"SaipanForbiAL3","Saipan","ForbiA","L3","w","r",0,0,"Trichoptera",0
"SaipanForbiAL3","Saipan","ForbiA","L3","w","r",0,0,"Diptera",1
"SaipanForbiAL3","Saipan","ForbiA","L3","w","r",0,0,"Lepidoptera",2
"SaipanForbiAL3","Saipan","ForbiA","L3","w","r",0,0,"Hemiptera",1
"SaipanForbiAL3","Saipan","ForbiA","L3","w","r",0,0,"Blattodea",0
"SaipanForbiAL3","Saipan","ForbiA","L3","b","w",0,0,"Coleoptera",2
"SaipanForbiAL3","Saipan","ForbiA","L3","b","w",0,0,"Araneae",0
"SaipanForbiAL3","Saipan","ForbiA","L3","b","w",0,0,"Formicidae",0
"SaipanForbiAL3","Saipan","ForbiA","L3","b","w",0,0,"Isoptera",0
"SaipanForbiAL3","Saipan","ForbiA","L3","b","w",0,0,"Apoidea",2
"SaipanForbiAL3","Saipan","ForbiA","L3","b","w",0,0,"Crabronidae",11
"SaipanForbiAL3","Saipan","ForbiA","L3","b","w",0,0,"Trichoptera",0
"SaipanForbiAL3","Saipan","ForbiA","L3","b","w",0,0,"Diptera",7
"SaipanForbiAL3","Saipan","ForbiA","L3","b","w",0,0,"Lepidoptera",0
"SaipanForbiAL3","Saipan","ForbiA","L3","b","w",0,0,"Hemiptera",0
"SaipanForbiAL3","Saipan","ForbiA","L3","b","w",0,0,"Blattodea",1
"SaipanForbiAL3","Saipan","ForbiA","L3","b","b",0,0,"Coleoptera",0
"SaipanForbiAL3","Saipan","ForbiA","L3","b","b",0,0,"Araneae",0
"SaipanForbiAL3","Saipan","ForbiA","L3","b","b",0,0,"Formicidae",0
"SaipanForbiAL3","Saipan","ForbiA","L3","b","b",0,0,"Isoptera",0
"SaipanForbiAL3","Saipan","ForbiA","L3","b","b",0,0,"Apoidea",0
"SaipanForbiAL3","Saipan","ForbiA","L3","b","b",0,0,"Crabronidae",0
"SaipanForbiAL3","Saipan","ForbiA","L3","b","b",0,0,"Trichoptera",0
"SaipanForbiAL3","Saipan","ForbiA","L3","b","b",0,0,"Diptera",2
"SaipanForbiAL3","Saipan","ForbiA","L3","b","b",0,0,"Lepidoptera",1
"SaipanForbiAL3","Saipan","ForbiA","L3","b","b",0,0,"Hemiptera",1
"SaipanForbiAL3","Saipan","ForbiA","L3","b","b",0,0,"Blattodea",0
"SaipanForbiAL3","Saipan","ForbiA","L3","b","r",0,0,"Coleoptera",1
"SaipanForbiAL3","Saipan","ForbiA","L3","b","r",0,0,"Araneae",0
"SaipanForbiAL3","Saipan","ForbiA","L3","b","r",0,0,"Formicidae",0
"SaipanForbiAL3","Saipan","ForbiA","L3","b","r",0,0,"Isoptera",0
"SaipanForbiAL3","Saipan","ForbiA","L3","b","r",0,0,"Apoidea",0
"SaipanForbiAL3","Saipan","ForbiA","L3","b","r",0,0,"Crabronidae",0
"SaipanForbiAL3","Saipan","ForbiA","L3","b","r",0,0,"Trichoptera",0
"SaipanForbiAL3","Saipan","ForbiA","L3","b","r",0,0,"Diptera",1
"SaipanForbiAL3","Saipan","ForbiA","L3","b","r",0,0,"Lepidoptera",0
"SaipanForbiAL3","Saipan","ForbiA","L3","b","r",0,0,"Hemiptera",1
"SaipanForbiAL3","Saipan","ForbiA","L3","b","r",0,0,"Blattodea",0
"SaipanForbiAL3","Saipan","ForbiA","L3","y","y",0,0,"Coleoptera",0
"SaipanForbiAL3","Saipan","ForbiA","L3","y","y",0,0,"Araneae",0
"SaipanForbiAL3","Saipan","ForbiA","L3","y","y",0,0,"Formicidae",0
"SaipanForbiAL3","Saipan","ForbiA","L3","y","y",0,0,"Isoptera",0
"SaipanForbiAL3","Saipan","ForbiA","L3","y","y",0,0,"Apoidea",3
"SaipanForbiAL3","Saipan","ForbiA","L3","y","y",0,0,"Crabronidae",0
"SaipanForbiAL3","Saipan","ForbiA","L3","y","y",0,0,"Trichoptera",1
"SaipanForbiAL3","Saipan","ForbiA","L3","y","y",0,0,"Diptera",1
"SaipanForbiAL3","Saipan","ForbiA","L3","y","y",0,0,"Lepidoptera",3
"SaipanForbiAL3","Saipan","ForbiA","L3","y","y",0,0,"Hemiptera",0
"SaipanForbiAL3","Saipan","ForbiA","L3","y","y",0,0,"Blattodea",0
"SaipanForbiAL3","Saipan","ForbiA","L3","y","b",0,0,"Coleoptera",1
"SaipanForbiAL3","Saipan","ForbiA","L3","y","b",0,0,"Araneae",0
"SaipanForbiAL3","Saipan","ForbiA","L3","y","b",0,0,"Formicidae",1
"SaipanForbiAL3","Saipan","ForbiA","L3","y","b",0,0,"Isoptera",0
"SaipanForbiAL3","Saipan","ForbiA","L3","y","b",0,0,"Apoidea",0
"SaipanForbiAL3","Saipan","ForbiA","L3","y","b",0,0,"Crabronidae",0
"SaipanForbiAL3","Saipan","ForbiA","L3","y","b",0,0,"Trichoptera",0
"SaipanForbiAL3","Saipan","ForbiA","L3","y","b",0,0,"Diptera",1
"SaipanForbiAL3","Saipan","ForbiA","L3","y","b",0,0,"Lepidoptera",0
"SaipanForbiAL3","Saipan","ForbiA","L3","y","b",0,0,"Hemiptera",1
"SaipanForbiAL3","Saipan","ForbiA","L3","y","b",0,0,"Blattodea",0
"SaipanForbiAL3","Saipan","ForbiA","L3","y","w",0,0,"Coleoptera",0
"SaipanForbiAL3","Saipan","ForbiA","L3","y","w",0,0,"Araneae",1
"SaipanForbiAL3","Saipan","ForbiA","L3","y","w",0,0,"Formicidae",1
"SaipanForbiAL3","Saipan","ForbiA","L3","y","w",0,0,"Isoptera",0
"SaipanForbiAL3","Saipan","ForbiA","L3","y","w",0,0,"Apoidea",2
"SaipanForbiAL3","Saipan","ForbiA","L3","y","w",0,0,"Crabronidae",0
"SaipanForbiAL3","Saipan","ForbiA","L3","y","w",0,0,"Trichoptera",0
"SaipanForbiAL3","Saipan","ForbiA","L3","y","w",0,0,"Diptera",4
"SaipanForbiAL3","Saipan","ForbiA","L3","y","w",0,0,"Lepidoptera",3
"SaipanForbiAL3","Saipan","ForbiA","L3","y","w",0,0,"Hemiptera",0
"SaipanForbiAL3","Saipan","ForbiA","L3","y","w",0,0,"Blattodea",0
"SaipanForbiAL3","Saipan","ForbiA","L3","y","r",1,0,"Coleoptera",0
"SaipanForbiAL3","Saipan","ForbiA","L3","y","r",1,0,"Araneae",0
"SaipanForbiAL3","Saipan","ForbiA","L3","y","r",1,0,"Formicidae",0
"SaipanForbiAL3","Saipan","ForbiA","L3","y","r",1,0,"Isoptera",0
"SaipanForbiAL3","Saipan","ForbiA","L3","y","r",1,0,"Apoidea",0
"SaipanForbiAL3","Saipan","ForbiA","L3","y","r",1,0,"Crabronidae",0
"SaipanForbiAL3","Saipan","ForbiA","L3","y","r",1,0,"Trichoptera",0
"SaipanForbiAL3","Saipan","ForbiA","L3","y","r",1,0,"Diptera",3
"SaipanForbiAL3","Saipan","ForbiA","L3","y","r",1,0,"Lepidoptera",0
"SaipanForbiAL3","Saipan","ForbiA","L3","y","r",1,0,"Hemiptera",1
"SaipanForbiAL3","Saipan","ForbiA","L3","y","r",1,0,"Blattodea",0
"SaipanForbiGridL1","Saipan","ForbiGrid","L1","y","b",0,0,"Coleoptera",0
"SaipanForbiGridL1","Saipan","ForbiGrid","L1","y","b",0,0,"Araneae",0
"SaipanForbiGridL1","Saipan","ForbiGrid","L1","y","b",0,0,"Formicidae",0
"SaipanForbiGridL1","Saipan","ForbiGrid","L1","y","b",0,0,"Isoptera",1
"SaipanForbiGridL1","Saipan","ForbiGrid","L1","y","b",0,0,"Apoidea",5
"SaipanForbiGridL1","Saipan","ForbiGrid","L1","y","b",0,0,"Crabronidae",0
"SaipanForbiGridL1","Saipan","ForbiGrid","L1","y","b",0,0,"Trichoptera",7
"SaipanForbiGridL1","Saipan","ForbiGrid","L1","y","b",0,0,"Diptera",4
"SaipanForbiGridL1","Saipan","ForbiGrid","L1","y","b",0,0,"Lepidoptera",0
"SaipanForbiGridL1","Saipan","ForbiGrid","L1","y","b",0,0,"Hemiptera",10
"SaipanForbiGridL1","Saipan","ForbiGrid","L1","y","b",0,0,"Blattodea",0
"SaipanForbiGridL1","Saipan","ForbiGrid","L1","y","y",0,0,"Coleoptera",0
"SaipanForbiGridL1","Saipan","ForbiGrid","L1","y","y",0,0,"Araneae",3
"SaipanForbiGridL1","Saipan","ForbiGrid","L1","y","y",0,0,"Formicidae",0
"SaipanForbiGridL1","Saipan","ForbiGrid","L1","y","y",0,0,"Isoptera",0
"SaipanForbiGridL1","Saipan","ForbiGrid","L1","y","y",0,0,"Apoidea",20
"SaipanForbiGridL1","Saipan","ForbiGrid","L1","y","y",0,0,"Crabronidae",0
"SaipanForbiGridL1","Saipan","ForbiGrid","L1","y","y",0,0,"Trichoptera",9
"SaipanForbiGridL1","Saipan","ForbiGrid","L1","y","y",0,0,"Diptera",7
"SaipanForbiGridL1","Saipan","ForbiGrid","L1","y","y",0,0,"Lepidoptera",0
"SaipanForbiGridL1","Saipan","ForbiGrid","L1","y","y",0,0,"Hemiptera",52
"SaipanForbiGridL1","Saipan","ForbiGrid","L1","y","y",0,0,"Blattodea",0
"SaipanForbiGridL1","Saipan","ForbiGrid","L1","y","w",0,0,"Coleoptera",1
"SaipanForbiGridL1","Saipan","ForbiGrid","L1","y","w",0,0,"Araneae",0
"SaipanForbiGridL1","Saipan","ForbiGrid","L1","y","w",0,0,"Formicidae",0
"SaipanForbiGridL1","Saipan","ForbiGrid","L1","y","w",0,0,"Isoptera",0
"SaipanForbiGridL1","Saipan","ForbiGrid","L1","y","w",0,0,"Apoidea",4
"SaipanForbiGridL1","Saipan","ForbiGrid","L1","y","w",0,0,"Crabronidae",0
"SaipanForbiGridL1","Saipan","ForbiGrid","L1","y","w",0,0,"Trichoptera",0
"SaipanForbiGridL1","Saipan","ForbiGrid","L1","y","w",0,0,"Diptera",11
"SaipanForbiGridL1","Saipan","ForbiGrid","L1","y","w",0,0,"Lepidoptera",2
"SaipanForbiGridL1","Saipan","ForbiGrid","L1","y","w",0,0,"Hemiptera",1
"SaipanForbiGridL1","Saipan","ForbiGrid","L1","y","w",0,0,"Blattodea",0
"SaipanForbiGridL1","Saipan","ForbiGrid","L1","b","w",0,0,"Coleoptera",0
"SaipanForbiGridL1","Saipan","ForbiGrid","L1","b","w",0,0,"Araneae",0
"SaipanForbiGridL1","Saipan","ForbiGrid","L1","b","w",0,0,"Formicidae",0
"SaipanForbiGridL1","Saipan","ForbiGrid","L1","b","w",0,0,"Isoptera",0
"SaipanForbiGridL1","Saipan","ForbiGrid","L1","b","w",0,0,"Apoidea",3
"SaipanForbiGridL1","Saipan","ForbiGrid","L1","b","w",0,0,"Crabronidae",1
"SaipanForbiGridL1","Saipan","ForbiGrid","L1","b","w",0,0,"Trichoptera",0
"SaipanForbiGridL1","Saipan","ForbiGrid","L1","b","w",0,0,"Diptera",16
"SaipanForbiGridL1","Saipan","ForbiGrid","L1","b","w",0,0,"Lepidoptera",6
"SaipanForbiGridL1","Saipan","ForbiGrid","L1","b","w",0,0,"Hemiptera",11
"SaipanForbiGridL1","Saipan","ForbiGrid","L1","b","w",0,0,"Blattodea",0
"SaipanForbiGridL1","Saipan","ForbiGrid","L1","b","b",0,0,"Coleoptera",0
"SaipanForbiGridL1","Saipan","ForbiGrid","L1","b","b",0,0,"Araneae",0
"SaipanForbiGridL1","Saipan","ForbiGrid","L1","b","b",0,0,"Formicidae",0
"SaipanForbiGridL1","Saipan","ForbiGrid","L1","b","b",0,0,"Isoptera",0
"SaipanForbiGridL1","Saipan","ForbiGrid","L1","b","b",0,0,"Apoidea",2
"SaipanForbiGridL1","Saipan","ForbiGrid","L1","b","b",0,0,"Crabronidae",2
"SaipanForbiGridL1","Saipan","ForbiGrid","L1","b","b",0,0,"Trichoptera",0
"SaipanForbiGridL1","Saipan","ForbiGrid","L1","b","b",0,0,"Diptera",6
"SaipanForbiGridL1","Saipan","ForbiGrid","L1","b","b",0,0,"Lepidoptera",4
"SaipanForbiGridL1","Saipan","ForbiGrid","L1","b","b",0,0,"Hemiptera",22
"SaipanForbiGridL1","Saipan","ForbiGrid","L1","b","b",0,0,"Blattodea",0
"SaipanForbiGridL1","Saipan","ForbiGrid","L1","r","w",0,0,"Coleoptera",0
"SaipanForbiGridL1","Saipan","ForbiGrid","L1","r","w",0,0,"Araneae",0
"SaipanForbiGridL1","Saipan","ForbiGrid","L1","r","w",0,0,"Formicidae",1
"SaipanForbiGridL1","Saipan","ForbiGrid","L1","r","w",0,0,"Isoptera",0
"SaipanForbiGridL1","Saipan","ForbiGrid","L1","r","w",0,0,"Apoidea",4
"SaipanForbiGridL1","Saipan","ForbiGrid","L1","r","w",0,0,"Crabronidae",3
"SaipanForbiGridL1","Saipan","ForbiGrid","L1","r","w",0,0,"Trichoptera",0
"SaipanForbiGridL1","Saipan","ForbiGrid","L1","r","w",0,0,"Diptera",8
"SaipanForbiGridL1","Saipan","ForbiGrid","L1","r","w",0,0,"Lepidoptera",8
"SaipanForbiGridL1","Saipan","ForbiGrid","L1","r","w",0,0,"Hemiptera",0
"SaipanForbiGridL1","Saipan","ForbiGrid","L1","r","w",0,0,"Blattodea",0
"SaipanForbiGridL1","Saipan","ForbiGrid","L1","b","r",0,0,"Coleoptera",0
"SaipanForbiGridL1","Saipan","ForbiGrid","L1","b","r",0,0,"Araneae",1
"SaipanForbiGridL1","Saipan","ForbiGrid","L1","b","r",0,0,"Formicidae",0
"SaipanForbiGridL1","Saipan","ForbiGrid","L1","b","r",0,0,"Isoptera",0
"SaipanForbiGridL1","Saipan","ForbiGrid","L1","b","r",0,0,"Apoidea",6
"SaipanForbiGridL1","Saipan","ForbiGrid","L1","b","r",0,0,"Crabronidae",3
"SaipanForbiGridL1","Saipan","ForbiGrid","L1","b","r",0,0,"Trichoptera",0
"SaipanForbiGridL1","Saipan","ForbiGrid","L1","b","r",0,0,"Diptera",8
"SaipanForbiGridL1","Saipan","ForbiGrid","L1","b","r",0,0,"Lepidoptera",5
"SaipanForbiGridL1","Saipan","ForbiGrid","L1","b","r",0,0,"Hemiptera",23
"SaipanForbiGridL1","Saipan","ForbiGrid","L1","b","r",0,0,"Blattodea",0
"SaipanForbiGridL1","Saipan","ForbiGrid","L1","r","r",0,0,"Coleoptera",0
"SaipanForbiGridL1","Saipan","ForbiGrid","L1","r","r",0,0,"Araneae",0
"SaipanForbiGridL1","Saipan","ForbiGrid","L1","r","r",0,0,"Formicidae",0
"SaipanForbiGridL1","Saipan","ForbiGrid","L1","r","r",0,0,"Isoptera",0
"SaipanForbiGridL1","Saipan","ForbiGrid","L1","r","r",0,0,"Apoidea",0
"SaipanForbiGridL1","Saipan","ForbiGrid","L1","r","r",0,0,"Crabronidae",1
"SaipanForbiGridL1","Saipan","ForbiGrid","L1","r","r",0,0,"Trichoptera",0
"SaipanForbiGridL1","Saipan","ForbiGrid","L1","r","r",0,0,"Diptera",5
"SaipanForbiGridL1","Saipan","ForbiGrid","L1","r","r",0,0,"Lepidoptera",2
"SaipanForbiGridL1","Saipan","ForbiGrid","L1","r","r",0,0,"Hemiptera",4
"SaipanForbiGridL1","Saipan","ForbiGrid","L1","r","r",0,0,"Blattodea",0
"SaipanForbiGridL1","Saipan","ForbiGrid","L1","y","r",0,0,"Coleoptera",0
"SaipanForbiGridL1","Saipan","ForbiGrid","L1","y","r",0,0,"Araneae",0
"SaipanForbiGridL1","Saipan","ForbiGrid","L1","y","r",0,0,"Formicidae",0
"SaipanForbiGridL1","Saipan","ForbiGrid","L1","y","r",0,0,"Isoptera",0
"SaipanForbiGridL1","Saipan","ForbiGrid","L1","y","r",0,0,"Apoidea",1
"SaipanForbiGridL1","Saipan","ForbiGrid","L1","y","r",0,0,"Crabronidae",1
"SaipanForbiGridL1","Saipan","ForbiGrid","L1","y","r",0,0,"Trichoptera",0
"SaipanForbiGridL1","Saipan","ForbiGrid","L1","y","r",0,0,"Diptera",3
"SaipanForbiGridL1","Saipan","ForbiGrid","L1","y","r",0,0,"Lepidoptera",2
"SaipanForbiGridL1","Saipan","ForbiGrid","L1","y","r",0,0,"Hemiptera",6
"SaipanForbiGridL1","Saipan","ForbiGrid","L1","y","r",0,0,"Blattodea",0
"SaipanForbiGridL1","Saipan","ForbiGrid","L1","b","y",0,0,"Coleoptera",6
"SaipanForbiGridL1","Saipan","ForbiGrid","L1","b","y",0,0,"Araneae",1
"SaipanForbiGridL1","Saipan","ForbiGrid","L1","b","y",0,0,"Formicidae",0
"SaipanForbiGridL1","Saipan","ForbiGrid","L1","b","y",0,0,"Isoptera",0
"SaipanForbiGridL1","Saipan","ForbiGrid","L1","b","y",0,0,"Apoidea",3
"SaipanForbiGridL1","Saipan","ForbiGrid","L1","b","y",0,0,"Crabronidae",2
"SaipanForbiGridL1","Saipan","ForbiGrid","L1","b","y",0,0,"Trichoptera",0
"SaipanForbiGridL1","Saipan","ForbiGrid","L1","b","y",0,0,"Diptera",17
"SaipanForbiGridL1","Saipan","ForbiGrid","L1","b","y",0,0,"Lepidoptera",3
"SaipanForbiGridL1","Saipan","ForbiGrid","L1","b","y",0,0,"Hemiptera",53
"SaipanForbiGridL1","Saipan","ForbiGrid","L1","b","y",0,0,"Blattodea",0
"SaipanForbiGridL1","Saipan","ForbiGrid","L1","w","y",0,0,"Coleoptera",3
"SaipanForbiGridL1","Saipan","ForbiGrid","L1","w","y",0,0,"Araneae",0
"SaipanForbiGridL1","Saipan","ForbiGrid","L1","w","y",0,0,"Formicidae",0
"SaipanForbiGridL1","Saipan","ForbiGrid","L1","w","y",0,0,"Isoptera",0
"SaipanForbiGridL1","Saipan","ForbiGrid","L1","w","y",0,0,"Apoidea",0
"SaipanForbiGridL1","Saipan","ForbiGrid","L1","w","y",0,0,"Crabronidae",0
"SaipanForbiGridL1","Saipan","ForbiGrid","L1","w","y",0,0,"Trichoptera",0
"SaipanForbiGridL1","Saipan","ForbiGrid","L1","w","y",0,0,"Diptera",13
"SaipanForbiGridL1","Saipan","ForbiGrid","L1","w","y",0,0,"Lepidoptera",3
"SaipanForbiGridL1","Saipan","ForbiGrid","L1","w","y",0,0,"Hemiptera",0
"SaipanForbiGridL1","Saipan","ForbiGrid","L1","w","y",0,0,"Blattodea",0
"SaipanForbiGridL1","Saipan","ForbiGrid","L1","r","y",1,0,"Coleoptera",0
"SaipanForbiGridL1","Saipan","ForbiGrid","L1","r","y",1,0,"Araneae",0
"SaipanForbiGridL1","Saipan","ForbiGrid","L1","r","y",1,0,"Formicidae",0
"SaipanForbiGridL1","Saipan","ForbiGrid","L1","r","y",1,0,"Isoptera",0
"SaipanForbiGridL1","Saipan","ForbiGrid","L1","r","y",1,0,"Apoidea",1
"SaipanForbiGridL1","Saipan","ForbiGrid","L1","r","y",1,0,"Crabronidae",0
"SaipanForbiGridL1","Saipan","ForbiGrid","L1","r","y",1,0,"Trichoptera",0
"SaipanForbiGridL1","Saipan","ForbiGrid","L1","r","y",1,0,"Diptera",6
"SaipanForbiGridL1","Saipan","ForbiGrid","L1","r","y",1,0,"Lepidoptera",3
"SaipanForbiGridL1","Saipan","ForbiGrid","L1","r","y",1,0,"Hemiptera",5
"SaipanForbiGridL1","Saipan","ForbiGrid","L1","r","y",1,0,"Blattodea",0
"SaipanForbiGridL1","Saipan","ForbiGrid","L1","r","b",0,0,"Coleoptera",0
"SaipanForbiGridL1","Saipan","ForbiGrid","L1","r","b",0,0,"Araneae",0
"SaipanForbiGridL1","Saipan","ForbiGrid","L1","r","b",0,0,"Formicidae",1
"SaipanForbiGridL1","Saipan","ForbiGrid","L1","r","b",0,0,"Isoptera",0
"SaipanForbiGridL1","Saipan","ForbiGrid","L1","r","b",0,0,"Apoidea",2
"SaipanForbiGridL1","Saipan","ForbiGrid","L1","r","b",0,0,"Crabronidae",0
"SaipanForbiGridL1","Saipan","ForbiGrid","L1","r","b",0,0,"Trichoptera",0
"SaipanForbiGridL1","Saipan","ForbiGrid","L1","r","b",0,0,"Diptera",3
"SaipanForbiGridL1","Saipan","ForbiGrid","L1","r","b",0,0,"Lepidoptera",1
"SaipanForbiGridL1","Saipan","ForbiGrid","L1","r","b",0,0,"Hemiptera",0
"SaipanForbiGridL1","Saipan","ForbiGrid","L1","r","b",0,0,"Blattodea",0
"SaipanForbiGridL1","Saipan","ForbiGrid","L1","w","b",0,0,"Coleoptera",0
"SaipanForbiGridL1","Saipan","ForbiGrid","L1","w","b",0,0,"Araneae",0
"SaipanForbiGridL1","Saipan","ForbiGrid","L1","w","b",0,0,"Formicidae",0
"SaipanForbiGridL1","Saipan","ForbiGrid","L1","w","b",0,0,"Isoptera",0
"SaipanForbiGridL1","Saipan","ForbiGrid","L1","w","b",0,0,"Apoidea",1
"SaipanForbiGridL1","Saipan","ForbiGrid","L1","w","b",0,0,"Crabronidae",1
"SaipanForbiGridL1","Saipan","ForbiGrid","L1","w","b",0,0,"Trichoptera",0
"SaipanForbiGridL1","Saipan","ForbiGrid","L1","w","b",0,0,"Diptera",2
"SaipanForbiGridL1","Saipan","ForbiGrid","L1","w","b",0,0,"Lepidoptera",2
"SaipanForbiGridL1","Saipan","ForbiGrid","L1","w","b",0,0,"Hemiptera",0
"SaipanForbiGridL1","Saipan","ForbiGrid","L1","w","b",0,0,"Blattodea",0
"SaipanForbiGridL1","Saipan","ForbiGrid","L1","w","r",0,0,"Coleoptera",0
"SaipanForbiGridL1","Saipan","ForbiGrid","L1","w","r",0,0,"Araneae",0
"SaipanForbiGridL1","Saipan","ForbiGrid","L1","w","r",0,0,"Formicidae",0
"SaipanForbiGridL1","Saipan","ForbiGrid","L1","w","r",0,0,"Isoptera",0
"SaipanForbiGridL1","Saipan","ForbiGrid","L1","w","r",0,0,"Apoidea",1
"SaipanForbiGridL1","Saipan","ForbiGrid","L1","w","r",0,0,"Crabronidae",2
"SaipanForbiGridL1","Saipan","ForbiGrid","L1","w","r",0,0,"Trichoptera",0
"SaipanForbiGridL1","Saipan","ForbiGrid","L1","w","r",0,0,"Diptera",2
"SaipanForbiGridL1","Saipan","ForbiGrid","L1","w","r",0,0,"Lepidoptera",2
"SaipanForbiGridL1","Saipan","ForbiGrid","L1","w","r",0,0,"Hemiptera",2
"SaipanForbiGridL1","Saipan","ForbiGrid","L1","w","r",0,0,"Blattodea",0
"SaipanForbiGridL2","Saipan","ForbiGrid","L2","y","y",0,0,"Coleoptera",1
"SaipanForbiGridL2","Saipan","ForbiGrid","L2","y","y",0,0,"Araneae",0
"SaipanForbiGridL2","Saipan","ForbiGrid","L2","y","y",0,0,"Formicidae",0
"SaipanForbiGridL2","Saipan","ForbiGrid","L2","y","y",0,0,"Isoptera",0
"SaipanForbiGridL2","Saipan","ForbiGrid","L2","y","y",0,0,"Apoidea",0
"SaipanForbiGridL2","Saipan","ForbiGrid","L2","y","y",0,0,"Crabronidae",0
"SaipanForbiGridL2","Saipan","ForbiGrid","L2","y","y",0,0,"Trichoptera",0
"SaipanForbiGridL2","Saipan","ForbiGrid","L2","y","y",0,0,"Diptera",3
"SaipanForbiGridL2","Saipan","ForbiGrid","L2","y","y",0,0,"Lepidoptera",7
"SaipanForbiGridL2","Saipan","ForbiGrid","L2","y","y",0,0,"Hemiptera",2
"SaipanForbiGridL2","Saipan","ForbiGrid","L2","y","y",0,0,"Blattodea",0
"SaipanForbiGridL2","Saipan","ForbiGrid","L2","y","b",0,0,"Coleoptera",1
"SaipanForbiGridL2","Saipan","ForbiGrid","L2","y","b",0,0,"Araneae",0
"SaipanForbiGridL2","Saipan","ForbiGrid","L2","y","b",0,0,"Formicidae",0
"SaipanForbiGridL2","Saipan","ForbiGrid","L2","y","b",0,0,"Isoptera",0
"SaipanForbiGridL2","Saipan","ForbiGrid","L2","y","b",0,0,"Apoidea",1
"SaipanForbiGridL2","Saipan","ForbiGrid","L2","y","b",0,0,"Crabronidae",1
"SaipanForbiGridL2","Saipan","ForbiGrid","L2","y","b",0,0,"Trichoptera",0
"SaipanForbiGridL2","Saipan","ForbiGrid","L2","y","b",0,0,"Diptera",6
"SaipanForbiGridL2","Saipan","ForbiGrid","L2","y","b",0,0,"Lepidoptera",1
"SaipanForbiGridL2","Saipan","ForbiGrid","L2","y","b",0,0,"Hemiptera",2
"SaipanForbiGridL2","Saipan","ForbiGrid","L2","y","b",0,0,"Blattodea",0
"SaipanForbiGridL2","Saipan","ForbiGrid","L2","y","w",0,0,"Coleoptera",0
"SaipanForbiGridL2","Saipan","ForbiGrid","L2","y","w",0,0,"Araneae",0
"SaipanForbiGridL2","Saipan","ForbiGrid","L2","y","w",0,0,"Formicidae",0
"SaipanForbiGridL2","Saipan","ForbiGrid","L2","y","w",0,0,"Isoptera",1
"SaipanForbiGridL2","Saipan","ForbiGrid","L2","y","w",0,0,"Apoidea",11
"SaipanForbiGridL2","Saipan","ForbiGrid","L2","y","w",0,0,"Crabronidae",0
"SaipanForbiGridL2","Saipan","ForbiGrid","L2","y","w",0,0,"Trichoptera",0
"SaipanForbiGridL2","Saipan","ForbiGrid","L2","y","w",0,0,"Diptera",1
"SaipanForbiGridL2","Saipan","ForbiGrid","L2","y","w",0,0,"Lepidoptera",0
"SaipanForbiGridL2","Saipan","ForbiGrid","L2","y","w",0,0,"Hemiptera",2
"SaipanForbiGridL2","Saipan","ForbiGrid","L2","y","w",0,0,"Blattodea",1
"SaipanForbiGridL2","Saipan","ForbiGrid","L2","y","r",1,0,"Coleoptera",0
"SaipanForbiGridL2","Saipan","ForbiGrid","L2","y","r",1,0,"Araneae",0
"SaipanForbiGridL2","Saipan","ForbiGrid","L2","y","r",1,0,"Formicidae",1
"SaipanForbiGridL2","Saipan","ForbiGrid","L2","y","r",1,0,"Isoptera",0
"SaipanForbiGridL2","Saipan","ForbiGrid","L2","y","r",1,0,"Apoidea",13
"SaipanForbiGridL2","Saipan","ForbiGrid","L2","y","r",1,0,"Crabronidae",2
"SaipanForbiGridL2","Saipan","ForbiGrid","L2","y","r",1,0,"Trichoptera",0
"SaipanForbiGridL2","Saipan","ForbiGrid","L2","y","r",1,0,"Diptera",12
"SaipanForbiGridL2","Saipan","ForbiGrid","L2","y","r",1,0,"Lepidoptera",0
"SaipanForbiGridL2","Saipan","ForbiGrid","L2","y","r",1,0,"Hemiptera",0
"SaipanForbiGridL2","Saipan","ForbiGrid","L2","y","r",1,0,"Blattodea",0
"SaipanForbiGridL2","Saipan","ForbiGrid","L2","b","y",0,0,"Coleoptera",2
"SaipanForbiGridL2","Saipan","ForbiGrid","L2","b","y",0,0,"Araneae",0
"SaipanForbiGridL2","Saipan","ForbiGrid","L2","b","y",0,0,"Formicidae",0
"SaipanForbiGridL2","Saipan","ForbiGrid","L2","b","y",0,0,"Isoptera",0
"SaipanForbiGridL2","Saipan","ForbiGrid","L2","b","y",0,0,"Apoidea",0
"SaipanForbiGridL2","Saipan","ForbiGrid","L2","b","y",0,0,"Crabronidae",0
"SaipanForbiGridL2","Saipan","ForbiGrid","L2","b","y",0,0,"Trichoptera",0
"SaipanForbiGridL2","Saipan","ForbiGrid","L2","b","y",0,0,"Diptera",1
"SaipanForbiGridL2","Saipan","ForbiGrid","L2","b","y",0,0,"Lepidoptera",2
"SaipanForbiGridL2","Saipan","ForbiGrid","L2","b","y",0,0,"Hemiptera",3
"SaipanForbiGridL2","Saipan","ForbiGrid","L2","b","y",0,0,"Blattodea",0
"SaipanForbiGridL2","Saipan","ForbiGrid","L2","b","b",0,0,"Coleoptera",0
"SaipanForbiGridL2","Saipan","ForbiGrid","L2","b","b",0,0,"Araneae",0
"SaipanForbiGridL2","Saipan","ForbiGrid","L2","b","b",0,0,"Formicidae",0
"SaipanForbiGridL2","Saipan","ForbiGrid","L2","b","b",0,0,"Isoptera",0
"SaipanForbiGridL2","Saipan","ForbiGrid","L2","b","b",0,0,"Apoidea",1
"SaipanForbiGridL2","Saipan","ForbiGrid","L2","b","b",0,0,"Crabronidae",3
"SaipanForbiGridL2","Saipan","ForbiGrid","L2","b","b",0,0,"Trichoptera",0
"SaipanForbiGridL2","Saipan","ForbiGrid","L2","b","b",0,0,"Diptera",2
"SaipanForbiGridL2","Saipan","ForbiGrid","L2","b","b",0,0,"Lepidoptera",0
"SaipanForbiGridL2","Saipan","ForbiGrid","L2","b","b",0,0,"Hemiptera",1
"SaipanForbiGridL2","Saipan","ForbiGrid","L2","b","b",0,0,"Blattodea",0
"SaipanForbiGridL2","Saipan","ForbiGrid","L2","b","w",0,0,"Coleoptera",0
"SaipanForbiGridL2","Saipan","ForbiGrid","L2","b","w",0,0,"Araneae",0
"SaipanForbiGridL2","Saipan","ForbiGrid","L2","b","w",0,0,"Formicidae",0
"SaipanForbiGridL2","Saipan","ForbiGrid","L2","b","w",0,0,"Isoptera",0
"SaipanForbiGridL2","Saipan","ForbiGrid","L2","b","w",0,0,"Apoidea",0
"SaipanForbiGridL2","Saipan","ForbiGrid","L2","b","w",0,0,"Crabronidae",0
"SaipanForbiGridL2","Saipan","ForbiGrid","L2","b","w",0,0,"Trichoptera",0
"SaipanForbiGridL2","Saipan","ForbiGrid","L2","b","w",0,0,"Diptera",4
"SaipanForbiGridL2","Saipan","ForbiGrid","L2","b","w",0,0,"Lepidoptera",1
"SaipanForbiGridL2","Saipan","ForbiGrid","L2","b","w",0,0,"Hemiptera",1
"SaipanForbiGridL2","Saipan","ForbiGrid","L2","b","w",0,0,"Blattodea",0
"SaipanForbiGridL2","Saipan","ForbiGrid","L2","b","r",1,0,"Coleoptera",1
"SaipanForbiGridL2","Saipan","ForbiGrid","L2","b","r",1,0,"Araneae",0
"SaipanForbiGridL2","Saipan","ForbiGrid","L2","b","r",1,0,"Formicidae",0
"SaipanForbiGridL2","Saipan","ForbiGrid","L2","b","r",1,0,"Isoptera",0
"SaipanForbiGridL2","Saipan","ForbiGrid","L2","b","r",1,0,"Apoidea",0
"SaipanForbiGridL2","Saipan","ForbiGrid","L2","b","r",1,0,"Crabronidae",0
"SaipanForbiGridL2","Saipan","ForbiGrid","L2","b","r",1,0,"Trichoptera",0
"SaipanForbiGridL2","Saipan","ForbiGrid","L2","b","r",1,0,"Diptera",0
"SaipanForbiGridL2","Saipan","ForbiGrid","L2","b","r",1,0,"Lepidoptera",2
"SaipanForbiGridL2","Saipan","ForbiGrid","L2","b","r",1,0,"Hemiptera",0
"SaipanForbiGridL2","Saipan","ForbiGrid","L2","b","r",1,0,"Blattodea",0
"SaipanForbiGridL2","Saipan","ForbiGrid","L2","w","y",0,0,"Coleoptera",0
"SaipanForbiGridL2","Saipan","ForbiGrid","L2","w","y",0,0,"Araneae",0
"SaipanForbiGridL2","Saipan","ForbiGrid","L2","w","y",0,0,"Formicidae",0
"SaipanForbiGridL2","Saipan","ForbiGrid","L2","w","y",0,0,"Isoptera",0
"SaipanForbiGridL2","Saipan","ForbiGrid","L2","w","y",0,0,"Apoidea",0
"SaipanForbiGridL2","Saipan","ForbiGrid","L2","w","y",0,0,"Crabronidae",0
"SaipanForbiGridL2","Saipan","ForbiGrid","L2","w","y",0,0,"Trichoptera",0
"SaipanForbiGridL2","Saipan","ForbiGrid","L2","w","y",0,0,"Diptera",3
"SaipanForbiGridL2","Saipan","ForbiGrid","L2","w","y",0,0,"Lepidoptera",0
"SaipanForbiGridL2","Saipan","ForbiGrid","L2","w","y",0,0,"Hemiptera",3
"SaipanForbiGridL2","Saipan","ForbiGrid","L2","w","y",0,0,"Blattodea",0
"SaipanForbiGridL2","Saipan","ForbiGrid","L2","w","b",0,0,"Coleoptera",1
"SaipanForbiGridL2","Saipan","ForbiGrid","L2","w","b",0,0,"Araneae",0
"SaipanForbiGridL2","Saipan","ForbiGrid","L2","w","b",0,0,"Formicidae",0
"SaipanForbiGridL2","Saipan","ForbiGrid","L2","w","b",0,0,"Isoptera",0
"SaipanForbiGridL2","Saipan","ForbiGrid","L2","w","b",0,0,"Apoidea",2
"SaipanForbiGridL2","Saipan","ForbiGrid","L2","w","b",0,0,"Crabronidae",9
"SaipanForbiGridL2","Saipan","ForbiGrid","L2","w","b",0,0,"Trichoptera",0
"SaipanForbiGridL2","Saipan","ForbiGrid","L2","w","b",0,0,"Diptera",4
"SaipanForbiGridL2","Saipan","ForbiGrid","L2","w","b",0,0,"Lepidoptera",1
"SaipanForbiGridL2","Saipan","ForbiGrid","L2","w","b",0,0,"Hemiptera",0
"SaipanForbiGridL2","Saipan","ForbiGrid","L2","w","b",0,0,"Blattodea",0
"SaipanForbiGridL2","Saipan","ForbiGrid","L2","w","w",1,0,"Coleoptera",0
"SaipanForbiGridL2","Saipan","ForbiGrid","L2","w","w",1,0,"Araneae",0
"SaipanForbiGridL2","Saipan","ForbiGrid","L2","w","w",1,0,"Formicidae",2
"SaipanForbiGridL2","Saipan","ForbiGrid","L2","w","w",1,0,"Isoptera",0
"SaipanForbiGridL2","Saipan","ForbiGrid","L2","w","w",1,0,"Apoidea",0
"SaipanForbiGridL2","Saipan","ForbiGrid","L2","w","w",1,0,"Crabronidae",0
"SaipanForbiGridL2","Saipan","ForbiGrid","L2","w","w",1,0,"Trichoptera",1
"SaipanForbiGridL2","Saipan","ForbiGrid","L2","w","w",1,0,"Diptera",1
"SaipanForbiGridL2","Saipan","ForbiGrid","L2","w","w",1,0,"Lepidoptera",0
"SaipanForbiGridL2","Saipan","ForbiGrid","L2","w","w",1,0,"Hemiptera",2
"SaipanForbiGridL2","Saipan","ForbiGrid","L2","w","w",1,0,"Blattodea",0
"SaipanForbiGridL2","Saipan","ForbiGrid","L2","w","r",0,0,"Coleoptera",2
"SaipanForbiGridL2","Saipan","ForbiGrid","L2","w","r",0,0,"Araneae",0
"SaipanForbiGridL2","Saipan","ForbiGrid","L2","w","r",0,0,"Formicidae",0
"SaipanForbiGridL2","Saipan","ForbiGrid","L2","w","r",0,0,"Isoptera",0
"SaipanForbiGridL2","Saipan","ForbiGrid","L2","w","r",0,0,"Apoidea",3
"SaipanForbiGridL2","Saipan","ForbiGrid","L2","w","r",0,0,"Crabronidae",0
"SaipanForbiGridL2","Saipan","ForbiGrid","L2","w","r",0,0,"Trichoptera",0
"SaipanForbiGridL2","Saipan","ForbiGrid","L2","w","r",0,0,"Diptera",0
"SaipanForbiGridL2","Saipan","ForbiGrid","L2","w","r",0,0,"Lepidoptera",2
"SaipanForbiGridL2","Saipan","ForbiGrid","L2","w","r",0,0,"Hemiptera",0
"SaipanForbiGridL2","Saipan","ForbiGrid","L2","w","r",0,0,"Blattodea",0
"SaipanForbiGridL2","Saipan","ForbiGrid","L2","r","y",0,0,"Coleoptera",0
"SaipanForbiGridL2","Saipan","ForbiGrid","L2","r","y",0,0,"Araneae",0
"SaipanForbiGridL2","Saipan","ForbiGrid","L2","r","y",0,0,"Formicidae",0
"SaipanForbiGridL2","Saipan","ForbiGrid","L2","r","y",0,0,"Isoptera",0
"SaipanForbiGridL2","Saipan","ForbiGrid","L2","r","y",0,0,"Apoidea",0
"SaipanForbiGridL2","Saipan","ForbiGrid","L2","r","y",0,0,"Crabronidae",4
"SaipanForbiGridL2","Saipan","ForbiGrid","L2","r","y",0,0,"Trichoptera",0
"SaipanForbiGridL2","Saipan","ForbiGrid","L2","r","y",0,0,"Diptera",0
"SaipanForbiGridL2","Saipan","ForbiGrid","L2","r","y",0,0,"Lepidoptera",0
"SaipanForbiGridL2","Saipan","ForbiGrid","L2","r","y",0,0,"Hemiptera",0
"SaipanForbiGridL2","Saipan","ForbiGrid","L2","r","y",0,0,"Blattodea",0
"SaipanForbiGridL2","Saipan","ForbiGrid","L2","r","b",0,0,"Coleoptera",1
"SaipanForbiGridL2","Saipan","ForbiGrid","L2","r","b",0,0,"Araneae",0
"SaipanForbiGridL2","Saipan","ForbiGrid","L2","r","b",0,0,"Formicidae",1
"SaipanForbiGridL2","Saipan","ForbiGrid","L2","r","b",0,0,"Isoptera",0
"SaipanForbiGridL2","Saipan","ForbiGrid","L2","r","b",0,0,"Apoidea",2
"SaipanForbiGridL2","Saipan","ForbiGrid","L2","r","b",0,0,"Crabronidae",0
"SaipanForbiGridL2","Saipan","ForbiGrid","L2","r","b",0,0,"Trichoptera",0
"SaipanForbiGridL2","Saipan","ForbiGrid","L2","r","b",0,0,"Diptera",6
"SaipanForbiGridL2","Saipan","ForbiGrid","L2","r","b",0,0,"Lepidoptera",3
"SaipanForbiGridL2","Saipan","ForbiGrid","L2","r","b",0,0,"Hemiptera",0
"SaipanForbiGridL2","Saipan","ForbiGrid","L2","r","b",0,0,"Blattodea",0
"SaipanForbiGridL2","Saipan","ForbiGrid","L2","r","w",0,0,"Coleoptera",0
"SaipanForbiGridL2","Saipan","ForbiGrid","L2","r","w",0,0,"Araneae",0
"SaipanForbiGridL2","Saipan","ForbiGrid","L2","r","w",0,0,"Formicidae",0
"SaipanForbiGridL2","Saipan","ForbiGrid","L2","r","w",0,0,"Isoptera",0
"SaipanForbiGridL2","Saipan","ForbiGrid","L2","r","w",0,0,"Apoidea",0
"SaipanForbiGridL2","Saipan","ForbiGrid","L2","r","w",0,0,"Crabronidae",0
"SaipanForbiGridL2","Saipan","ForbiGrid","L2","r","w",0,0,"Trichoptera",0
"SaipanForbiGridL2","Saipan","ForbiGrid","L2","r","w",0,0,"Diptera",2
"SaipanForbiGridL2","Saipan","ForbiGrid","L2","r","w",0,0,"Lepidoptera",0
"SaipanForbiGridL2","Saipan","ForbiGrid","L2","r","w",0,0,"Hemiptera",1
"SaipanForbiGridL2","Saipan","ForbiGrid","L2","r","w",0,0,"Blattodea",0
"SaipanForbiGridL2","Saipan","ForbiGrid","L2","r","r",0,0,"Coleoptera",2
"SaipanForbiGridL2","Saipan","ForbiGrid","L2","r","r",0,0,"Araneae",0
"SaipanForbiGridL2","Saipan","ForbiGrid","L2","r","r",0,0,"Formicidae",0
"SaipanForbiGridL2","Saipan","ForbiGrid","L2","r","r",0,0,"Isoptera",0
"SaipanForbiGridL2","Saipan","ForbiGrid","L2","r","r",0,0,"Apoidea",0
"SaipanForbiGridL2","Saipan","ForbiGrid","L2","r","r",0,0,"Crabronidae",0
"SaipanForbiGridL2","Saipan","ForbiGrid","L2","r","r",0,0,"Trichoptera",1
"SaipanForbiGridL2","Saipan","ForbiGrid","L2","r","r",0,0,"Diptera",5
"SaipanForbiGridL2","Saipan","ForbiGrid","L2","r","r",0,0,"Lepidoptera",1
"SaipanForbiGridL2","Saipan","ForbiGrid","L2","r","r",0,0,"Hemiptera",0
"SaipanForbiGridL2","Saipan","ForbiGrid","L2","r","r",0,0,"Blattodea",1
"SaipanForbiGridL3","Saipan","ForbiGrid","L3","b","w",0,0,"Coleoptera",0
"SaipanForbiGridL3","Saipan","ForbiGrid","L3","b","w",0,0,"Araneae",0
"SaipanForbiGridL3","Saipan","ForbiGrid","L3","b","w",0,0,"Formicidae",1
"SaipanForbiGridL3","Saipan","ForbiGrid","L3","b","w",0,0,"Isoptera",0
"SaipanForbiGridL3","Saipan","ForbiGrid","L3","b","w",0,0,"Apoidea",1
"SaipanForbiGridL3","Saipan","ForbiGrid","L3","b","w",0,0,"Crabronidae",0
"SaipanForbiGridL3","Saipan","ForbiGrid","L3","b","w",0,0,"Trichoptera",0
"SaipanForbiGridL3","Saipan","ForbiGrid","L3","b","w",0,0,"Diptera",9
"SaipanForbiGridL3","Saipan","ForbiGrid","L3","b","w",0,0,"Lepidoptera",0
"SaipanForbiGridL3","Saipan","ForbiGrid","L3","b","w",0,0,"Hemiptera",0
"SaipanForbiGridL3","Saipan","ForbiGrid","L3","b","w",0,0,"Blattodea",0
"SaipanForbiGridL3","Saipan","ForbiGrid","L3","y","y",0,0,"Coleoptera",1
"SaipanForbiGridL3","Saipan","ForbiGrid","L3","y","y",0,0,"Araneae",0
"SaipanForbiGridL3","Saipan","ForbiGrid","L3","y","y",0,0,"Formicidae",0
"SaipanForbiGridL3","Saipan","ForbiGrid","L3","y","y",0,0,"Isoptera",0
"SaipanForbiGridL3","Saipan","ForbiGrid","L3","y","y",0,0,"Apoidea",1
"SaipanForbiGridL3","Saipan","ForbiGrid","L3","y","y",0,0,"Crabronidae",0
"SaipanForbiGridL3","Saipan","ForbiGrid","L3","y","y",0,0,"Trichoptera",0
"SaipanForbiGridL3","Saipan","ForbiGrid","L3","y","y",0,0,"Diptera",0
"SaipanForbiGridL3","Saipan","ForbiGrid","L3","y","y",0,0,"Lepidoptera",23
"SaipanForbiGridL3","Saipan","ForbiGrid","L3","y","y",0,0,"Hemiptera",1
"SaipanForbiGridL3","Saipan","ForbiGrid","L3","y","y",0,0,"Blattodea",0
"SaipanForbiGridL3","Saipan","ForbiGrid","L3","y","r",0,0,"Coleoptera",0
"SaipanForbiGridL3","Saipan","ForbiGrid","L3","y","r",0,0,"Araneae",0
"SaipanForbiGridL3","Saipan","ForbiGrid","L3","y","r",0,0,"Formicidae",0
"SaipanForbiGridL3","Saipan","ForbiGrid","L3","y","r",0,0,"Isoptera",0
"SaipanForbiGridL3","Saipan","ForbiGrid","L3","y","r",0,0,"Apoidea",1
"SaipanForbiGridL3","Saipan","ForbiGrid","L3","y","r",0,0,"Crabronidae",2
"SaipanForbiGridL3","Saipan","ForbiGrid","L3","y","r",0,0,"Trichoptera",1
"SaipanForbiGridL3","Saipan","ForbiGrid","L3","y","r",0,0,"Diptera",1
"SaipanForbiGridL3","Saipan","ForbiGrid","L3","y","r",0,0,"Lepidoptera",0
"SaipanForbiGridL3","Saipan","ForbiGrid","L3","y","r",0,0,"Hemiptera",0
"SaipanForbiGridL3","Saipan","ForbiGrid","L3","y","r",0,0,"Blattodea",0
"SaipanForbiGridL3","Saipan","ForbiGrid","L3","r","r",1,0,"Coleoptera",0
"SaipanForbiGridL3","Saipan","ForbiGrid","L3","r","r",1,0,"Araneae",0
"SaipanForbiGridL3","Saipan","ForbiGrid","L3","r","r",1,0,"Formicidae",0
"SaipanForbiGridL3","Saipan","ForbiGrid","L3","r","r",1,0,"Isoptera",0
"SaipanForbiGridL3","Saipan","ForbiGrid","L3","r","r",1,0,"Apoidea",0
"SaipanForbiGridL3","Saipan","ForbiGrid","L3","r","r",1,0,"Crabronidae",0
"SaipanForbiGridL3","Saipan","ForbiGrid","L3","r","r",1,0,"Trichoptera",0
"SaipanForbiGridL3","Saipan","ForbiGrid","L3","r","r",1,0,"Diptera",0
"SaipanForbiGridL3","Saipan","ForbiGrid","L3","r","r",1,0,"Lepidoptera",16
"SaipanForbiGridL3","Saipan","ForbiGrid","L3","r","r",1,0,"Hemiptera",0
"SaipanForbiGridL3","Saipan","ForbiGrid","L3","r","r",1,0,"Blattodea",0
"SaipanForbiGridL3","Saipan","ForbiGrid","L3","r","w",0,0,"Coleoptera",0
"SaipanForbiGridL3","Saipan","ForbiGrid","L3","r","w",0,0,"Araneae",0
"SaipanForbiGridL3","Saipan","ForbiGrid","L3","r","w",0,0,"Formicidae",0
"SaipanForbiGridL3","Saipan","ForbiGrid","L3","r","w",0,0,"Isoptera",0
"SaipanForbiGridL3","Saipan","ForbiGrid","L3","r","w",0,0,"Apoidea",0
"SaipanForbiGridL3","Saipan","ForbiGrid","L3","r","w",0,0,"Crabronidae",0
"SaipanForbiGridL3","Saipan","ForbiGrid","L3","r","w",0,0,"Trichoptera",0
"SaipanForbiGridL3","Saipan","ForbiGrid","L3","r","w",0,0,"Diptera",4
"SaipanForbiGridL3","Saipan","ForbiGrid","L3","r","w",0,0,"Lepidoptera",0
"SaipanForbiGridL3","Saipan","ForbiGrid","L3","r","w",0,0,"Hemiptera",2
"SaipanForbiGridL3","Saipan","ForbiGrid","L3","r","w",0,0,"Blattodea",0
"SaipanForbiGridL3","Saipan","ForbiGrid","L3","b","y",0,0,"Coleoptera",1
"SaipanForbiGridL3","Saipan","ForbiGrid","L3","b","y",0,0,"Araneae",0
"SaipanForbiGridL3","Saipan","ForbiGrid","L3","b","y",0,0,"Formicidae",0
"SaipanForbiGridL3","Saipan","ForbiGrid","L3","b","y",0,0,"Isoptera",0
"SaipanForbiGridL3","Saipan","ForbiGrid","L3","b","y",0,0,"Apoidea",0
"SaipanForbiGridL3","Saipan","ForbiGrid","L3","b","y",0,0,"Crabronidae",2
"SaipanForbiGridL3","Saipan","ForbiGrid","L3","b","y",0,0,"Trichoptera",0
"SaipanForbiGridL3","Saipan","ForbiGrid","L3","b","y",0,0,"Diptera",0
"SaipanForbiGridL3","Saipan","ForbiGrid","L3","b","y",0,0,"Lepidoptera",11
"SaipanForbiGridL3","Saipan","ForbiGrid","L3","b","y",0,0,"Hemiptera",0
"SaipanForbiGridL3","Saipan","ForbiGrid","L3","b","y",0,0,"Blattodea",0
"SaipanForbiGridL3","Saipan","ForbiGrid","L3","w","r",0,0,"Coleoptera",0
"SaipanForbiGridL3","Saipan","ForbiGrid","L3","w","r",0,0,"Araneae",0
"SaipanForbiGridL3","Saipan","ForbiGrid","L3","w","r",0,0,"Formicidae",1
"SaipanForbiGridL3","Saipan","ForbiGrid","L3","w","r",0,0,"Isoptera",0
"SaipanForbiGridL3","Saipan","ForbiGrid","L3","w","r",0,0,"Apoidea",2
"SaipanForbiGridL3","Saipan","ForbiGrid","L3","w","r",0,0,"Crabronidae",0
"SaipanForbiGridL3","Saipan","ForbiGrid","L3","w","r",0,0,"Trichoptera",0
"SaipanForbiGridL3","Saipan","ForbiGrid","L3","w","r",0,0,"Diptera",1
"SaipanForbiGridL3","Saipan","ForbiGrid","L3","w","r",0,0,"Lepidoptera",0
"SaipanForbiGridL3","Saipan","ForbiGrid","L3","w","r",0,0,"Hemiptera",0
"SaipanForbiGridL3","Saipan","ForbiGrid","L3","w","r",0,0,"Blattodea",0
"SaipanForbiGridL3","Saipan","ForbiGrid","L3","b","b",0,0,"Coleoptera",1
"SaipanForbiGridL3","Saipan","ForbiGrid","L3","b","b",0,0,"Araneae",0
"SaipanForbiGridL3","Saipan","ForbiGrid","L3","b","b",0,0,"Formicidae",0
"SaipanForbiGridL3","Saipan","ForbiGrid","L3","b","b",0,0,"Isoptera",0
"SaipanForbiGridL3","Saipan","ForbiGrid","L3","b","b",0,0,"Apoidea",0
"SaipanForbiGridL3","Saipan","ForbiGrid","L3","b","b",0,0,"Crabronidae",0
"SaipanForbiGridL3","Saipan","ForbiGrid","L3","b","b",0,0,"Trichoptera",0
"SaipanForbiGridL3","Saipan","ForbiGrid","L3","b","b",0,0,"Diptera",1
"SaipanForbiGridL3","Saipan","ForbiGrid","L3","b","b",0,0,"Lepidoptera",23
"SaipanForbiGridL3","Saipan","ForbiGrid","L3","b","b",0,0,"Hemiptera",1
"SaipanForbiGridL3","Saipan","ForbiGrid","L3","b","b",0,0,"Blattodea",0
"SaipanForbiGridL3","Saipan","ForbiGrid","L3","b","r",0,0,"Coleoptera",0
"SaipanForbiGridL3","Saipan","ForbiGrid","L3","b","r",0,0,"Araneae",0
"SaipanForbiGridL3","Saipan","ForbiGrid","L3","b","r",0,0,"Formicidae",0
"SaipanForbiGridL3","Saipan","ForbiGrid","L3","b","r",0,0,"Isoptera",0
"SaipanForbiGridL3","Saipan","ForbiGrid","L3","b","r",0,0,"Apoidea",0
"SaipanForbiGridL3","Saipan","ForbiGrid","L3","b","r",0,0,"Crabronidae",3
"SaipanForbiGridL3","Saipan","ForbiGrid","L3","b","r",0,0,"Trichoptera",0
"SaipanForbiGridL3","Saipan","ForbiGrid","L3","b","r",0,0,"Diptera",3
"SaipanForbiGridL3","Saipan","ForbiGrid","L3","b","r",0,0,"Lepidoptera",0
"SaipanForbiGridL3","Saipan","ForbiGrid","L3","b","r",0,0,"Hemiptera",0
"SaipanForbiGridL3","Saipan","ForbiGrid","L3","b","r",0,0,"Blattodea",0
"SaipanForbiGridL3","Saipan","ForbiGrid","L3","w","y",0,0,"Coleoptera",0
"SaipanForbiGridL3","Saipan","ForbiGrid","L3","w","y",0,0,"Araneae",0
"SaipanForbiGridL3","Saipan","ForbiGrid","L3","w","y",0,0,"Formicidae",0
"SaipanForbiGridL3","Saipan","ForbiGrid","L3","w","y",0,0,"Isoptera",0
"SaipanForbiGridL3","Saipan","ForbiGrid","L3","w","y",0,0,"Apoidea",3
"SaipanForbiGridL3","Saipan","ForbiGrid","L3","w","y",0,0,"Crabronidae",0
"SaipanForbiGridL3","Saipan","ForbiGrid","L3","w","y",0,0,"Trichoptera",0
"SaipanForbiGridL3","Saipan","ForbiGrid","L3","w","y",0,0,"Diptera",13
"SaipanForbiGridL3","Saipan","ForbiGrid","L3","w","y",0,0,"Lepidoptera",21
"SaipanForbiGridL3","Saipan","ForbiGrid","L3","w","y",0,0,"Hemiptera",1
"SaipanForbiGridL3","Saipan","ForbiGrid","L3","w","y",0,0,"Blattodea",0
"SaipanForbiGridL3","Saipan","ForbiGrid","L3","w","w",1,0,"Coleoptera",0
"SaipanForbiGridL3","Saipan","ForbiGrid","L3","w","w",1,0,"Araneae",0
"SaipanForbiGridL3","Saipan","ForbiGrid","L3","w","w",1,0,"Formicidae",0
"SaipanForbiGridL3","Saipan","ForbiGrid","L3","w","w",1,0,"Isoptera",0
"SaipanForbiGridL3","Saipan","ForbiGrid","L3","w","w",1,0,"Apoidea",1
"SaipanForbiGridL3","Saipan","ForbiGrid","L3","w","w",1,0,"Crabronidae",0
"SaipanForbiGridL3","Saipan","ForbiGrid","L3","w","w",1,0,"Trichoptera",0
"SaipanForbiGridL3","Saipan","ForbiGrid","L3","w","w",1,0,"Diptera",2
"SaipanForbiGridL3","Saipan","ForbiGrid","L3","w","w",1,0,"Lepidoptera",0
"SaipanForbiGridL3","Saipan","ForbiGrid","L3","w","w",1,0,"Hemiptera",2
"SaipanForbiGridL3","Saipan","ForbiGrid","L3","w","w",1,0,"Blattodea",1
"SaipanForbiGridL3","Saipan","ForbiGrid","L3","y","b",0,0,"Coleoptera",1
"SaipanForbiGridL3","Saipan","ForbiGrid","L3","y","b",0,0,"Araneae",0
"SaipanForbiGridL3","Saipan","ForbiGrid","L3","y","b",0,0,"Formicidae",1
"SaipanForbiGridL3","Saipan","ForbiGrid","L3","y","b",0,0,"Isoptera",0
"SaipanForbiGridL3","Saipan","ForbiGrid","L3","y","b",0,0,"Apoidea",2
"SaipanForbiGridL3","Saipan","ForbiGrid","L3","y","b",0,0,"Crabronidae",0
"SaipanForbiGridL3","Saipan","ForbiGrid","L3","y","b",0,0,"Trichoptera",0
"SaipanForbiGridL3","Saipan","ForbiGrid","L3","y","b",0,0,"Diptera",0
"SaipanForbiGridL3","Saipan","ForbiGrid","L3","y","b",0,0,"Lepidoptera",11
"SaipanForbiGridL3","Saipan","ForbiGrid","L3","y","b",0,0,"Hemiptera",1
"SaipanForbiGridL3","Saipan","ForbiGrid","L3","y","b",0,0,"Blattodea",0
"SaipanForbiGridL3","Saipan","ForbiGrid","L3","w","b",0,0,"Coleoptera",0
"SaipanForbiGridL3","Saipan","ForbiGrid","L3","w","b",0,0,"Araneae",0
"SaipanForbiGridL3","Saipan","ForbiGrid","L3","w","b",0,0,"Formicidae",0
"SaipanForbiGridL3","Saipan","ForbiGrid","L3","w","b",0,0,"Isoptera",0
"SaipanForbiGridL3","Saipan","ForbiGrid","L3","w","b",0,0,"Apoidea",1
"SaipanForbiGridL3","Saipan","ForbiGrid","L3","w","b",0,0,"Crabronidae",0
"SaipanForbiGridL3","Saipan","ForbiGrid","L3","w","b",0,0,"Trichoptera",0
"SaipanForbiGridL3","Saipan","ForbiGrid","L3","w","b",0,0,"Diptera",7
"SaipanForbiGridL3","Saipan","ForbiGrid","L3","w","b",0,0,"Lepidoptera",0
"SaipanForbiGridL3","Saipan","ForbiGrid","L3","w","b",0,0,"Hemiptera",1
"SaipanForbiGridL3","Saipan","ForbiGrid","L3","w","b",0,0,"Blattodea",0
"SaipanForbiGridL3","Saipan","ForbiGrid","L3","r","y",0,0,"Coleoptera",0
"SaipanForbiGridL3","Saipan","ForbiGrid","L3","r","y",0,0,"Araneae",0
"SaipanForbiGridL3","Saipan","ForbiGrid","L3","r","y",0,0,"Formicidae",0
"SaipanForbiGridL3","Saipan","ForbiGrid","L3","r","y",0,0,"Isoptera",0
"SaipanForbiGridL3","Saipan","ForbiGrid","L3","r","y",0,0,"Apoidea",1
"SaipanForbiGridL3","Saipan","ForbiGrid","L3","r","y",0,0,"Crabronidae",7
"SaipanForbiGridL3","Saipan","ForbiGrid","L3","r","y",0,0,"Trichoptera",0
"SaipanForbiGridL3","Saipan","ForbiGrid","L3","r","y",0,0,"Diptera",1
"SaipanForbiGridL3","Saipan","ForbiGrid","L3","r","y",0,0,"Lepidoptera",14
"SaipanForbiGridL3","Saipan","ForbiGrid","L3","r","y",0,0,"Hemiptera",0
"SaipanForbiGridL3","Saipan","ForbiGrid","L3","r","y",0,0,"Blattodea",0
"SaipanForbiGridL3","Saipan","ForbiGrid","L3","y","w",0,0,"Coleoptera",0
"SaipanForbiGridL3","Saipan","ForbiGrid","L3","y","w",0,0,"Araneae",0
"SaipanForbiGridL3","Saipan","ForbiGrid","L3","y","w",0,0,"Formicidae",1
"SaipanForbiGridL3","Saipan","ForbiGrid","L3","y","w",0,0,"Isoptera",0
"SaipanForbiGridL3","Saipan","ForbiGrid","L3","y","w",0,0,"Apoidea",1
"SaipanForbiGridL3","Saipan","ForbiGrid","L3","y","w",0,0,"Crabronidae",0
"SaipanForbiGridL3","Saipan","ForbiGrid","L3","y","w",0,0,"Trichoptera",0
"SaipanForbiGridL3","Saipan","ForbiGrid","L3","y","w",0,0,"Diptera",4
"SaipanForbiGridL3","Saipan","ForbiGrid","L3","y","w",0,0,"Lepidoptera",0
"SaipanForbiGridL3","Saipan","ForbiGrid","L3","y","w",0,0,"Hemiptera",0
"SaipanForbiGridL3","Saipan","ForbiGrid","L3","y","w",0,0,"Blattodea",0
"SaipanForbiGridL3","Saipan","ForbiGrid","L3","r","b",0,0,"Coleoptera",1
"SaipanForbiGridL3","Saipan","ForbiGrid","L3","r","b",0,0,"Araneae",0
"SaipanForbiGridL3","Saipan","ForbiGrid","L3","r","b",0,0,"Formicidae",0
"SaipanForbiGridL3","Saipan","ForbiGrid","L3","r","b",0,0,"Isoptera",0
"SaipanForbiGridL3","Saipan","ForbiGrid","L3","r","b",0,0,"Apoidea",0
"SaipanForbiGridL3","Saipan","ForbiGrid","L3","r","b",0,0,"Crabronidae",0
"SaipanForbiGridL3","Saipan","ForbiGrid","L3","r","b",0,0,"Trichoptera",0
"SaipanForbiGridL3","Saipan","ForbiGrid","L3","r","b",0,0,"Diptera",3
"SaipanForbiGridL3","Saipan","ForbiGrid","L3","r","b",0,0,"Lepidoptera",5
"SaipanForbiGridL3","Saipan","ForbiGrid","L3","r","b",0,0,"Hemiptera",0
"SaipanForbiGridL3","Saipan","ForbiGrid","L3","r","b",0,0,"Blattodea",0
"SaipanLADTAL1","Saipan","LADTA","L1","y","y",0,1,"Coleoptera",0
"SaipanLADTAL1","Saipan","LADTA","L1","y","y",0,1,"Araneae",0
"SaipanLADTAL1","Saipan","LADTA","L1","y","y",0,1,"Formicidae",1
"SaipanLADTAL1","Saipan","LADTA","L1","y","y",0,1,"Isoptera",0
"SaipanLADTAL1","Saipan","LADTA","L1","y","y",0,1,"Apoidea",0
"SaipanLADTAL1","Saipan","LADTA","L1","y","y",0,1,"Crabronidae",0
"SaipanLADTAL1","Saipan","LADTA","L1","y","y",0,1,"Trichoptera",0
"SaipanLADTAL1","Saipan","LADTA","L1","y","y",0,1,"Diptera",3
"SaipanLADTAL1","Saipan","LADTA","L1","y","y",0,1,"Lepidoptera",1
"SaipanLADTAL1","Saipan","LADTA","L1","y","y",0,1,"Hemiptera",2
"SaipanLADTAL1","Saipan","LADTA","L1","y","y",0,1,"Blattodea",0
"SaipanLADTAL1","Saipan","LADTA","L1","y","b",0,0,"Coleoptera",0
"SaipanLADTAL1","Saipan","LADTA","L1","y","b",0,0,"Araneae",0
"SaipanLADTAL1","Saipan","LADTA","L1","y","b",0,0,"Formicidae",0
"SaipanLADTAL1","Saipan","LADTA","L1","y","b",0,0,"Isoptera",0
"SaipanLADTAL1","Saipan","LADTA","L1","y","b",0,0,"Apoidea",0
"SaipanLADTAL1","Saipan","LADTA","L1","y","b",0,0,"Crabronidae",0
"SaipanLADTAL1","Saipan","LADTA","L1","y","b",0,0,"Trichoptera",0
"SaipanLADTAL1","Saipan","LADTA","L1","y","b",0,0,"Diptera",2
"SaipanLADTAL1","Saipan","LADTA","L1","y","b",0,0,"Lepidoptera",0
"SaipanLADTAL1","Saipan","LADTA","L1","y","b",0,0,"Hemiptera",0
"SaipanLADTAL1","Saipan","LADTA","L1","y","b",0,0,"Blattodea",0
"SaipanLADTAL1","Saipan","LADTA","L1","y","w",0,0,"Coleoptera",0
"SaipanLADTAL1","Saipan","LADTA","L1","y","w",0,0,"Araneae",0
"SaipanLADTAL1","Saipan","LADTA","L1","y","w",0,0,"Formicidae",1
"SaipanLADTAL1","Saipan","LADTA","L1","y","w",0,0,"Isoptera",0
"SaipanLADTAL1","Saipan","LADTA","L1","y","w",0,0,"Apoidea",0
"SaipanLADTAL1","Saipan","LADTA","L1","y","w",0,0,"Crabronidae",0
"SaipanLADTAL1","Saipan","LADTA","L1","y","w",0,0,"Trichoptera",0
"SaipanLADTAL1","Saipan","LADTA","L1","y","w",0,0,"Diptera",16
"SaipanLADTAL1","Saipan","LADTA","L1","y","w",0,0,"Lepidoptera",2
"SaipanLADTAL1","Saipan","LADTA","L1","y","w",0,0,"Hemiptera",1
"SaipanLADTAL1","Saipan","LADTA","L1","y","w",0,0,"Blattodea",0
"SaipanLADTAL1","Saipan","LADTA","L1","b","r",0,0,"Coleoptera",0
"SaipanLADTAL1","Saipan","LADTA","L1","b","r",0,0,"Araneae",0
"SaipanLADTAL1","Saipan","LADTA","L1","b","r",0,0,"Formicidae",1
"SaipanLADTAL1","Saipan","LADTA","L1","b","r",0,0,"Isoptera",0
"SaipanLADTAL1","Saipan","LADTA","L1","b","r",0,0,"Apoidea",0
"SaipanLADTAL1","Saipan","LADTA","L1","b","r",0,0,"Crabronidae",0
"SaipanLADTAL1","Saipan","LADTA","L1","b","r",0,0,"Trichoptera",0
"SaipanLADTAL1","Saipan","LADTA","L1","b","r",0,0,"Diptera",0
"SaipanLADTAL1","Saipan","LADTA","L1","b","r",0,0,"Lepidoptera",3
"SaipanLADTAL1","Saipan","LADTA","L1","b","r",0,0,"Hemiptera",0
"SaipanLADTAL1","Saipan","LADTA","L1","b","r",0,0,"Blattodea",0
"SaipanLADTAL1","Saipan","LADTA","L1","r","r",0,0,"Coleoptera",0
"SaipanLADTAL1","Saipan","LADTA","L1","r","r",0,0,"Araneae",0
"SaipanLADTAL1","Saipan","LADTA","L1","r","r",0,0,"Formicidae",0
"SaipanLADTAL1","Saipan","LADTA","L1","r","r",0,0,"Isoptera",0
"SaipanLADTAL1","Saipan","LADTA","L1","r","r",0,0,"Apoidea",0
"SaipanLADTAL1","Saipan","LADTA","L1","r","r",0,0,"Crabronidae",2
"SaipanLADTAL1","Saipan","LADTA","L1","r","r",0,0,"Trichoptera",0
"SaipanLADTAL1","Saipan","LADTA","L1","r","r",0,0,"Diptera",1
"SaipanLADTAL1","Saipan","LADTA","L1","r","r",0,0,"Lepidoptera",1
"SaipanLADTAL1","Saipan","LADTA","L1","r","r",0,0,"Hemiptera",2
"SaipanLADTAL1","Saipan","LADTA","L1","r","r",0,0,"Blattodea",0
"SaipanLADTAL1","Saipan","LADTA","L1","y","r",0,0,"Coleoptera",0
"SaipanLADTAL1","Saipan","LADTA","L1","y","r",0,0,"Araneae",0
"SaipanLADTAL1","Saipan","LADTA","L1","y","r",0,0,"Formicidae",0
"SaipanLADTAL1","Saipan","LADTA","L1","y","r",0,0,"Isoptera",0
"SaipanLADTAL1","Saipan","LADTA","L1","y","r",0,0,"Apoidea",0
"SaipanLADTAL1","Saipan","LADTA","L1","y","r",0,0,"Crabronidae",1
"SaipanLADTAL1","Saipan","LADTA","L1","y","r",0,0,"Trichoptera",0
"SaipanLADTAL1","Saipan","LADTA","L1","y","r",0,0,"Diptera",2
"SaipanLADTAL1","Saipan","LADTA","L1","y","r",0,0,"Lepidoptera",1
"SaipanLADTAL1","Saipan","LADTA","L1","y","r",0,0,"Hemiptera",0
"SaipanLADTAL1","Saipan","LADTA","L1","y","r",0,0,"Blattodea",0
"SaipanLADTAL1","Saipan","LADTA","L1","b","y",0,0,"Coleoptera",1
"SaipanLADTAL1","Saipan","LADTA","L1","b","y",0,0,"Araneae",0
"SaipanLADTAL1","Saipan","LADTA","L1","b","y",0,0,"Formicidae",0
"SaipanLADTAL1","Saipan","LADTA","L1","b","y",0,0,"Isoptera",0
"SaipanLADTAL1","Saipan","LADTA","L1","b","y",0,0,"Apoidea",0
"SaipanLADTAL1","Saipan","LADTA","L1","b","y",0,0,"Crabronidae",0
"SaipanLADTAL1","Saipan","LADTA","L1","b","y",0,0,"Trichoptera",0
"SaipanLADTAL1","Saipan","LADTA","L1","b","y",0,0,"Diptera",4
"SaipanLADTAL1","Saipan","LADTA","L1","b","y",0,0,"Lepidoptera",1
"SaipanLADTAL1","Saipan","LADTA","L1","b","y",0,0,"Hemiptera",0
"SaipanLADTAL1","Saipan","LADTA","L1","b","y",0,0,"Blattodea",0
"SaipanLADTAL1","Saipan","LADTA","L1","r","b",0,1,"Coleoptera",0
"SaipanLADTAL1","Saipan","LADTA","L1","r","b",0,1,"Araneae",0
"SaipanLADTAL1","Saipan","LADTA","L1","r","b",0,1,"Formicidae",0
"SaipanLADTAL1","Saipan","LADTA","L1","r","b",0,1,"Isoptera",1
"SaipanLADTAL1","Saipan","LADTA","L1","r","b",0,1,"Apoidea",0
"SaipanLADTAL1","Saipan","LADTA","L1","r","b",0,1,"Crabronidae",1
"SaipanLADTAL1","Saipan","LADTA","L1","r","b",0,1,"Trichoptera",0
"SaipanLADTAL1","Saipan","LADTA","L1","r","b",0,1,"Diptera",2
"SaipanLADTAL1","Saipan","LADTA","L1","r","b",0,1,"Lepidoptera",9
"SaipanLADTAL1","Saipan","LADTA","L1","r","b",0,1,"Hemiptera",0
"SaipanLADTAL1","Saipan","LADTA","L1","r","b",0,1,"Blattodea",0
"SaipanLADTAL1","Saipan","LADTA","L1","w","y",0,0,"Coleoptera",0
"SaipanLADTAL1","Saipan","LADTA","L1","w","y",0,0,"Araneae",1
"SaipanLADTAL1","Saipan","LADTA","L1","w","y",0,0,"Formicidae",0
"SaipanLADTAL1","Saipan","LADTA","L1","w","y",0,0,"Isoptera",0
"SaipanLADTAL1","Saipan","LADTA","L1","w","y",0,0,"Apoidea",0
"SaipanLADTAL1","Saipan","LADTA","L1","w","y",0,0,"Crabronidae",1
"SaipanLADTAL1","Saipan","LADTA","L1","w","y",0,0,"Trichoptera",0
"SaipanLADTAL1","Saipan","LADTA","L1","w","y",0,0,"Diptera",3
"SaipanLADTAL1","Saipan","LADTA","L1","w","y",0,0,"Lepidoptera",0
"SaipanLADTAL1","Saipan","LADTA","L1","w","y",0,0,"Hemiptera",0
"SaipanLADTAL1","Saipan","LADTA","L1","w","y",0,0,"Blattodea",0
"SaipanLADTAL1","Saipan","LADTA","L1","w","b",0,0,"Coleoptera",0
"SaipanLADTAL1","Saipan","LADTA","L1","w","b",0,0,"Araneae",0
"SaipanLADTAL1","Saipan","LADTA","L1","w","b",0,0,"Formicidae",0
"SaipanLADTAL1","Saipan","LADTA","L1","w","b",0,0,"Isoptera",0
"SaipanLADTAL1","Saipan","LADTA","L1","w","b",0,0,"Apoidea",0
"SaipanLADTAL1","Saipan","LADTA","L1","w","b",0,0,"Crabronidae",0
"SaipanLADTAL1","Saipan","LADTA","L1","w","b",0,0,"Trichoptera",0
"SaipanLADTAL1","Saipan","LADTA","L1","w","b",0,0,"Diptera",0
"SaipanLADTAL1","Saipan","LADTA","L1","w","b",0,0,"Lepidoptera",2
"SaipanLADTAL1","Saipan","LADTA","L1","w","b",0,0,"Hemiptera",0
"SaipanLADTAL1","Saipan","LADTA","L1","w","b",0,0,"Blattodea",0
"SaipanLADTAL1","Saipan","LADTA","L1","r","w",0,0,"Coleoptera",0
"SaipanLADTAL1","Saipan","LADTA","L1","r","w",0,0,"Araneae",0
"SaipanLADTAL1","Saipan","LADTA","L1","r","w",0,0,"Formicidae",1
"SaipanLADTAL1","Saipan","LADTA","L1","r","w",0,0,"Isoptera",0
"SaipanLADTAL1","Saipan","LADTA","L1","r","w",0,0,"Apoidea",0
"SaipanLADTAL1","Saipan","LADTA","L1","r","w",0,0,"Crabronidae",1
"SaipanLADTAL1","Saipan","LADTA","L1","r","w",0,0,"Trichoptera",0
"SaipanLADTAL1","Saipan","LADTA","L1","r","w",0,0,"Diptera",2
"SaipanLADTAL1","Saipan","LADTA","L1","r","w",0,0,"Lepidoptera",5
"SaipanLADTAL1","Saipan","LADTA","L1","r","w",0,0,"Hemiptera",3
"SaipanLADTAL1","Saipan","LADTA","L1","r","w",0,0,"Blattodea",0
"SaipanLADTAL1","Saipan","LADTA","L1","b","b",0,0,"Coleoptera",0
"SaipanLADTAL1","Saipan","LADTA","L1","b","b",0,0,"Araneae",1
"SaipanLADTAL1","Saipan","LADTA","L1","b","b",0,0,"Formicidae",0
"SaipanLADTAL1","Saipan","LADTA","L1","b","b",0,0,"Isoptera",0
"SaipanLADTAL1","Saipan","LADTA","L1","b","b",0,0,"Apoidea",0
"SaipanLADTAL1","Saipan","LADTA","L1","b","b",0,0,"Crabronidae",0
"SaipanLADTAL1","Saipan","LADTA","L1","b","b",0,0,"Trichoptera",0
"SaipanLADTAL1","Saipan","LADTA","L1","b","b",0,0,"Diptera",1
"SaipanLADTAL1","Saipan","LADTA","L1","b","b",0,0,"Lepidoptera",1
"SaipanLADTAL1","Saipan","LADTA","L1","b","b",0,0,"Hemiptera",1
"SaipanLADTAL1","Saipan","LADTA","L1","b","b",0,0,"Blattodea",0
"SaipanLADTAL1","Saipan","LADTA","L1","b","w",0,0,"Coleoptera",0
"SaipanLADTAL1","Saipan","LADTA","L1","b","w",0,0,"Araneae",0
"SaipanLADTAL1","Saipan","LADTA","L1","b","w",0,0,"Formicidae",1
"SaipanLADTAL1","Saipan","LADTA","L1","b","w",0,0,"Isoptera",0
"SaipanLADTAL1","Saipan","LADTA","L1","b","w",0,0,"Apoidea",0
"SaipanLADTAL1","Saipan","LADTA","L1","b","w",0,0,"Crabronidae",0
"SaipanLADTAL1","Saipan","LADTA","L1","b","w",0,0,"Trichoptera",0
"SaipanLADTAL1","Saipan","LADTA","L1","b","w",0,0,"Diptera",2
"SaipanLADTAL1","Saipan","LADTA","L1","b","w",0,0,"Lepidoptera",1
"SaipanLADTAL1","Saipan","LADTA","L1","b","w",0,0,"Hemiptera",0
"SaipanLADTAL1","Saipan","LADTA","L1","b","w",0,0,"Blattodea",0
"SaipanLADTAL1","Saipan","LADTA","L1","w","r",0,0,"Coleoptera",0
"SaipanLADTAL1","Saipan","LADTA","L1","w","r",0,0,"Araneae",0
"SaipanLADTAL1","Saipan","LADTA","L1","w","r",0,0,"Formicidae",0
"SaipanLADTAL1","Saipan","LADTA","L1","w","r",0,0,"Isoptera",0
"SaipanLADTAL1","Saipan","LADTA","L1","w","r",0,0,"Apoidea",0
"SaipanLADTAL1","Saipan","LADTA","L1","w","r",0,0,"Crabronidae",1
"SaipanLADTAL1","Saipan","LADTA","L1","w","r",0,0,"Trichoptera",0
"SaipanLADTAL1","Saipan","LADTA","L1","w","r",0,0,"Diptera",1
"SaipanLADTAL1","Saipan","LADTA","L1","w","r",0,0,"Lepidoptera",3
"SaipanLADTAL1","Saipan","LADTA","L1","w","r",0,0,"Hemiptera",0
"SaipanLADTAL1","Saipan","LADTA","L1","w","r",0,0,"Blattodea",0
"SaipanLADTAL1","Saipan","LADTA","L1","w","w",0,0,"Coleoptera",0
"SaipanLADTAL1","Saipan","LADTA","L1","w","w",0,0,"Araneae",0
"SaipanLADTAL1","Saipan","LADTA","L1","w","w",0,0,"Formicidae",0
"SaipanLADTAL1","Saipan","LADTA","L1","w","w",0,0,"Isoptera",2
"SaipanLADTAL1","Saipan","LADTA","L1","w","w",0,0,"Apoidea",0
"SaipanLADTAL1","Saipan","LADTA","L1","w","w",0,0,"Crabronidae",0
"SaipanLADTAL1","Saipan","LADTA","L1","w","w",0,0,"Trichoptera",0
"SaipanLADTAL1","Saipan","LADTA","L1","w","w",0,0,"Diptera",2
"SaipanLADTAL1","Saipan","LADTA","L1","w","w",0,0,"Lepidoptera",2
"SaipanLADTAL1","Saipan","LADTA","L1","w","w",0,0,"Hemiptera",0
"SaipanLADTAL1","Saipan","LADTA","L1","w","w",0,0,"Blattodea",0
"SaipanLADTAL1","Saipan","LADTA","L1","r","y",0,0,"Coleoptera",0
"SaipanLADTAL1","Saipan","LADTA","L1","r","y",0,0,"Araneae",0
"SaipanLADTAL1","Saipan","LADTA","L1","r","y",0,0,"Formicidae",0
"SaipanLADTAL1","Saipan","LADTA","L1","r","y",0,0,"Isoptera",0
"SaipanLADTAL1","Saipan","LADTA","L1","r","y",0,0,"Apoidea",0
"SaipanLADTAL1","Saipan","LADTA","L1","r","y",0,0,"Crabronidae",0
"SaipanLADTAL1","Saipan","LADTA","L1","r","y",0,0,"Trichoptera",0
"SaipanLADTAL1","Saipan","LADTA","L1","r","y",0,0,"Diptera",3
"SaipanLADTAL1","Saipan","LADTA","L1","r","y",0,0,"Lepidoptera",6
"SaipanLADTAL1","Saipan","LADTA","L1","r","y",0,0,"Hemiptera",1
"SaipanLADTAL1","Saipan","LADTA","L1","r","y",0,0,"Blattodea",0
"SaipanLADTAL2","Saipan","LADTA","L2","y","y",0,0,"Coleoptera",0
"SaipanLADTAL2","Saipan","LADTA","L2","y","y",0,0,"Araneae",0
"SaipanLADTAL2","Saipan","LADTA","L2","y","y",0,0,"Formicidae",0
"SaipanLADTAL2","Saipan","LADTA","L2","y","y",0,0,"Isoptera",2
"SaipanLADTAL2","Saipan","LADTA","L2","y","y",0,0,"Apoidea",0
"SaipanLADTAL2","Saipan","LADTA","L2","y","y",0,0,"Crabronidae",8
"SaipanLADTAL2","Saipan","LADTA","L2","y","y",0,0,"Trichoptera",0
"SaipanLADTAL2","Saipan","LADTA","L2","y","y",0,0,"Diptera",18
"SaipanLADTAL2","Saipan","LADTA","L2","y","y",0,0,"Lepidoptera",4
"SaipanLADTAL2","Saipan","LADTA","L2","y","y",0,0,"Hemiptera",3
"SaipanLADTAL2","Saipan","LADTA","L2","y","y",0,0,"Blattodea",0
"SaipanLADTAL2","Saipan","LADTA","L2","y","b",0,0,"Coleoptera",0
"SaipanLADTAL2","Saipan","LADTA","L2","y","b",0,0,"Araneae",1
"SaipanLADTAL2","Saipan","LADTA","L2","y","b",0,0,"Formicidae",1
"SaipanLADTAL2","Saipan","LADTA","L2","y","b",0,0,"Isoptera",0
"SaipanLADTAL2","Saipan","LADTA","L2","y","b",0,0,"Apoidea",3
"SaipanLADTAL2","Saipan","LADTA","L2","y","b",0,0,"Crabronidae",0
"SaipanLADTAL2","Saipan","LADTA","L2","y","b",0,0,"Trichoptera",0
"SaipanLADTAL2","Saipan","LADTA","L2","y","b",0,0,"Diptera",2
"SaipanLADTAL2","Saipan","LADTA","L2","y","b",0,0,"Lepidoptera",3
"SaipanLADTAL2","Saipan","LADTA","L2","y","b",0,0,"Hemiptera",0
"SaipanLADTAL2","Saipan","LADTA","L2","y","b",0,0,"Blattodea",0
"SaipanLADTAL2","Saipan","LADTA","L2","y","w",0,0,"Coleoptera",0
"SaipanLADTAL2","Saipan","LADTA","L2","y","w",0,0,"Araneae",0
"SaipanLADTAL2","Saipan","LADTA","L2","y","w",0,0,"Formicidae",0
"SaipanLADTAL2","Saipan","LADTA","L2","y","w",0,0,"Isoptera",0
"SaipanLADTAL2","Saipan","LADTA","L2","y","w",0,0,"Apoidea",3
"SaipanLADTAL2","Saipan","LADTA","L2","y","w",0,0,"Crabronidae",7
"SaipanLADTAL2","Saipan","LADTA","L2","y","w",0,0,"Trichoptera",0
"SaipanLADTAL2","Saipan","LADTA","L2","y","w",0,0,"Diptera",7
"SaipanLADTAL2","Saipan","LADTA","L2","y","w",0,0,"Lepidoptera",3
"SaipanLADTAL2","Saipan","LADTA","L2","y","w",0,0,"Hemiptera",0
"SaipanLADTAL2","Saipan","LADTA","L2","y","w",0,0,"Blattodea",0
"SaipanLADTAL2","Saipan","LADTA","L2","y","r",0,0,"Coleoptera",0
"SaipanLADTAL2","Saipan","LADTA","L2","y","r",0,0,"Araneae",0
"SaipanLADTAL2","Saipan","LADTA","L2","y","r",0,0,"Formicidae",0
"SaipanLADTAL2","Saipan","LADTA","L2","y","r",0,0,"Isoptera",1
"SaipanLADTAL2","Saipan","LADTA","L2","y","r",0,0,"Apoidea",0
"SaipanLADTAL2","Saipan","LADTA","L2","y","r",0,0,"Crabronidae",1
"SaipanLADTAL2","Saipan","LADTA","L2","y","r",0,0,"Trichoptera",0
"SaipanLADTAL2","Saipan","LADTA","L2","y","r",0,0,"Diptera",5
"SaipanLADTAL2","Saipan","LADTA","L2","y","r",0,0,"Lepidoptera",4
"SaipanLADTAL2","Saipan","LADTA","L2","y","r",0,0,"Hemiptera",0
"SaipanLADTAL2","Saipan","LADTA","L2","y","r",0,0,"Blattodea",0
"SaipanLADTAL2","Saipan","LADTA","L2","b","y",0,0,"Coleoptera",1
"SaipanLADTAL2","Saipan","LADTA","L2","b","y",0,0,"Araneae",0
"SaipanLADTAL2","Saipan","LADTA","L2","b","y",0,0,"Formicidae",0
"SaipanLADTAL2","Saipan","LADTA","L2","b","y",0,0,"Isoptera",0
"SaipanLADTAL2","Saipan","LADTA","L2","b","y",0,0,"Apoidea",4
"SaipanLADTAL2","Saipan","LADTA","L2","b","y",0,0,"Crabronidae",4
"SaipanLADTAL2","Saipan","LADTA","L2","b","y",0,0,"Trichoptera",0
"SaipanLADTAL2","Saipan","LADTA","L2","b","y",0,0,"Diptera",0
"SaipanLADTAL2","Saipan","LADTA","L2","b","y",0,0,"Lepidoptera",2
"SaipanLADTAL2","Saipan","LADTA","L2","b","y",0,0,"Hemiptera",1
"SaipanLADTAL2","Saipan","LADTA","L2","b","y",0,0,"Blattodea",0
"SaipanLADTAL2","Saipan","LADTA","L2","b","b",0,1,"Coleoptera",0
"SaipanLADTAL2","Saipan","LADTA","L2","b","b",0,1,"Araneae",0
"SaipanLADTAL2","Saipan","LADTA","L2","b","b",0,1,"Formicidae",0
"SaipanLADTAL2","Saipan","LADTA","L2","b","b",0,1,"Isoptera",0
"SaipanLADTAL2","Saipan","LADTA","L2","b","b",0,1,"Apoidea",3
"SaipanLADTAL2","Saipan","LADTA","L2","b","b",0,1,"Crabronidae",2
"SaipanLADTAL2","Saipan","LADTA","L2","b","b",0,1,"Trichoptera",0
"SaipanLADTAL2","Saipan","LADTA","L2","b","b",0,1,"Diptera",4
"SaipanLADTAL2","Saipan","LADTA","L2","b","b",0,1,"Lepidoptera",3
"SaipanLADTAL2","Saipan","LADTA","L2","b","b",0,1,"Hemiptera",0
"SaipanLADTAL2","Saipan","LADTA","L2","b","b",0,1,"Blattodea",0
"SaipanLADTAL2","Saipan","LADTA","L2","b","w",0,0,"Coleoptera",0
"SaipanLADTAL2","Saipan","LADTA","L2","b","w",0,0,"Araneae",1
"SaipanLADTAL2","Saipan","LADTA","L2","b","w",0,0,"Formicidae",0
"SaipanLADTAL2","Saipan","LADTA","L2","b","w",0,0,"Isoptera",0
"SaipanLADTAL2","Saipan","LADTA","L2","b","w",0,0,"Apoidea",5
"SaipanLADTAL2","Saipan","LADTA","L2","b","w",0,0,"Crabronidae",3
"SaipanLADTAL2","Saipan","LADTA","L2","b","w",0,0,"Trichoptera",0
"SaipanLADTAL2","Saipan","LADTA","L2","b","w",0,0,"Diptera",10
"SaipanLADTAL2","Saipan","LADTA","L2","b","w",0,0,"Lepidoptera",4
"SaipanLADTAL2","Saipan","LADTA","L2","b","w",0,0,"Hemiptera",0
"SaipanLADTAL2","Saipan","LADTA","L2","b","w",0,0,"Blattodea",0
"SaipanLADTAL2","Saipan","LADTA","L2","b","r",0,0,"Coleoptera",0
"SaipanLADTAL2","Saipan","LADTA","L2","b","r",0,0,"Araneae",0
"SaipanLADTAL2","Saipan","LADTA","L2","b","r",0,0,"Formicidae",0
"SaipanLADTAL2","Saipan","LADTA","L2","b","r",0,0,"Isoptera",0
"SaipanLADTAL2","Saipan","LADTA","L2","b","r",0,0,"Apoidea",4
"SaipanLADTAL2","Saipan","LADTA","L2","b","r",0,0,"Crabronidae",0
"SaipanLADTAL2","Saipan","LADTA","L2","b","r",0,0,"Trichoptera",0
"SaipanLADTAL2","Saipan","LADTA","L2","b","r",0,0,"Diptera",3
"SaipanLADTAL2","Saipan","LADTA","L2","b","r",0,0,"Lepidoptera",3
"SaipanLADTAL2","Saipan","LADTA","L2","b","r",0,0,"Hemiptera",0
"SaipanLADTAL2","Saipan","LADTA","L2","b","r",0,0,"Blattodea",0
"SaipanLADTAL2","Saipan","LADTA","L2","w","y",0,0,"Coleoptera",1
"SaipanLADTAL2","Saipan","LADTA","L2","w","y",0,0,"Araneae",0
"SaipanLADTAL2","Saipan","LADTA","L2","w","y",0,0,"Formicidae",0
"SaipanLADTAL2","Saipan","LADTA","L2","w","y",0,0,"Isoptera",0
"SaipanLADTAL2","Saipan","LADTA","L2","w","y",0,0,"Apoidea",6
"SaipanLADTAL2","Saipan","LADTA","L2","w","y",0,0,"Crabronidae",1
"SaipanLADTAL2","Saipan","LADTA","L2","w","y",0,0,"Trichoptera",0
"SaipanLADTAL2","Saipan","LADTA","L2","w","y",0,0,"Diptera",1
"SaipanLADTAL2","Saipan","LADTA","L2","w","y",0,0,"Lepidoptera",9
"SaipanLADTAL2","Saipan","LADTA","L2","w","y",0,0,"Hemiptera",1
"SaipanLADTAL2","Saipan","LADTA","L2","w","y",0,0,"Blattodea",0
"SaipanLADTAL2","Saipan","LADTA","L2","w","b",0,0,"Coleoptera",0
"SaipanLADTAL2","Saipan","LADTA","L2","w","b",0,0,"Araneae",0
"SaipanLADTAL2","Saipan","LADTA","L2","w","b",0,0,"Formicidae",0
"SaipanLADTAL2","Saipan","LADTA","L2","w","b",0,0,"Isoptera",0
"SaipanLADTAL2","Saipan","LADTA","L2","w","b",0,0,"Apoidea",2
"SaipanLADTAL2","Saipan","LADTA","L2","w","b",0,0,"Crabronidae",0
"SaipanLADTAL2","Saipan","LADTA","L2","w","b",0,0,"Trichoptera",1
"SaipanLADTAL2","Saipan","LADTA","L2","w","b",0,0,"Diptera",2
"SaipanLADTAL2","Saipan","LADTA","L2","w","b",0,0,"Lepidoptera",2
"SaipanLADTAL2","Saipan","LADTA","L2","w","b",0,0,"Hemiptera",1
"SaipanLADTAL2","Saipan","LADTA","L2","w","b",0,0,"Blattodea",0
"SaipanLADTAL2","Saipan","LADTA","L2","w","w",0,0,"Coleoptera",0
"SaipanLADTAL2","Saipan","LADTA","L2","w","w",0,0,"Araneae",0
"SaipanLADTAL2","Saipan","LADTA","L2","w","w",0,0,"Formicidae",0
"SaipanLADTAL2","Saipan","LADTA","L2","w","w",0,0,"Isoptera",0
"SaipanLADTAL2","Saipan","LADTA","L2","w","w",0,0,"Apoidea",1
"SaipanLADTAL2","Saipan","LADTA","L2","w","w",0,0,"Crabronidae",0
"SaipanLADTAL2","Saipan","LADTA","L2","w","w",0,0,"Trichoptera",0
"SaipanLADTAL2","Saipan","LADTA","L2","w","w",0,0,"Diptera",7
"SaipanLADTAL2","Saipan","LADTA","L2","w","w",0,0,"Lepidoptera",5
"SaipanLADTAL2","Saipan","LADTA","L2","w","w",0,0,"Hemiptera",0
"SaipanLADTAL2","Saipan","LADTA","L2","w","w",0,0,"Blattodea",0
"SaipanLADTAL2","Saipan","LADTA","L2","w","r",0,0,"Coleoptera",0
"SaipanLADTAL2","Saipan","LADTA","L2","w","r",0,0,"Araneae",0
"SaipanLADTAL2","Saipan","LADTA","L2","w","r",0,0,"Formicidae",0
"SaipanLADTAL2","Saipan","LADTA","L2","w","r",0,0,"Isoptera",1
"SaipanLADTAL2","Saipan","LADTA","L2","w","r",0,0,"Apoidea",1
"SaipanLADTAL2","Saipan","LADTA","L2","w","r",0,0,"Crabronidae",0
"SaipanLADTAL2","Saipan","LADTA","L2","w","r",0,0,"Trichoptera",0
"SaipanLADTAL2","Saipan","LADTA","L2","w","r",0,0,"Diptera",3
"SaipanLADTAL2","Saipan","LADTA","L2","w","r",0,0,"Lepidoptera",0
"SaipanLADTAL2","Saipan","LADTA","L2","w","r",0,0,"Hemiptera",0
"SaipanLADTAL2","Saipan","LADTA","L2","w","r",0,0,"Blattodea",0
"SaipanLADTAL2","Saipan","LADTA","L2","r","y",0,0,"Coleoptera",2
"SaipanLADTAL2","Saipan","LADTA","L2","r","y",0,0,"Araneae",0
"SaipanLADTAL2","Saipan","LADTA","L2","r","y",0,0,"Formicidae",0
"SaipanLADTAL2","Saipan","LADTA","L2","r","y",0,0,"Isoptera",0
"SaipanLADTAL2","Saipan","LADTA","L2","r","y",0,0,"Apoidea",14
"SaipanLADTAL2","Saipan","LADTA","L2","r","y",0,0,"Crabronidae",0
"SaipanLADTAL2","Saipan","LADTA","L2","r","y",0,0,"Trichoptera",0
"SaipanLADTAL2","Saipan","LADTA","L2","r","y",0,0,"Diptera",2
"SaipanLADTAL2","Saipan","LADTA","L2","r","y",0,0,"Lepidoptera",1
"SaipanLADTAL2","Saipan","LADTA","L2","r","y",0,0,"Hemiptera",3
"SaipanLADTAL2","Saipan","LADTA","L2","r","y",0,0,"Blattodea",0
"SaipanLADTAL2","Saipan","LADTA","L2","r","b",0,0,"Coleoptera",5
"SaipanLADTAL2","Saipan","LADTA","L2","r","b",0,0,"Araneae",0
"SaipanLADTAL2","Saipan","LADTA","L2","r","b",0,0,"Formicidae",0
"SaipanLADTAL2","Saipan","LADTA","L2","r","b",0,0,"Isoptera",0
"SaipanLADTAL2","Saipan","LADTA","L2","r","b",0,0,"Apoidea",3
"SaipanLADTAL2","Saipan","LADTA","L2","r","b",0,0,"Crabronidae",1
"SaipanLADTAL2","Saipan","LADTA","L2","r","b",0,0,"Trichoptera",0
"SaipanLADTAL2","Saipan","LADTA","L2","r","b",0,0,"Diptera",3
"SaipanLADTAL2","Saipan","LADTA","L2","r","b",0,0,"Lepidoptera",1
"SaipanLADTAL2","Saipan","LADTA","L2","r","b",0,0,"Hemiptera",0
"SaipanLADTAL2","Saipan","LADTA","L2","r","b",0,0,"Blattodea",0
"SaipanLADTAL2","Saipan","LADTA","L2","r","w",0,0,"Coleoptera",18
"SaipanLADTAL2","Saipan","LADTA","L2","r","w",0,0,"Araneae",0
"SaipanLADTAL2","Saipan","LADTA","L2","r","w",0,0,"Formicidae",1
"SaipanLADTAL2","Saipan","LADTA","L2","r","w",0,0,"Isoptera",1
"SaipanLADTAL2","Saipan","LADTA","L2","r","w",0,0,"Apoidea",7
"SaipanLADTAL2","Saipan","LADTA","L2","r","w",0,0,"Crabronidae",0
"SaipanLADTAL2","Saipan","LADTA","L2","r","w",0,0,"Trichoptera",0
"SaipanLADTAL2","Saipan","LADTA","L2","r","w",0,0,"Diptera",11
"SaipanLADTAL2","Saipan","LADTA","L2","r","w",0,0,"Lepidoptera",4
"SaipanLADTAL2","Saipan","LADTA","L2","r","w",0,0,"Hemiptera",0
"SaipanLADTAL2","Saipan","LADTA","L2","r","w",0,0,"Blattodea",0
"SaipanLADTAL2","Saipan","LADTA","L2","r","r",0,0,"Coleoptera",6
"SaipanLADTAL2","Saipan","LADTA","L2","r","r",0,0,"Araneae",0
"SaipanLADTAL2","Saipan","LADTA","L2","r","r",0,0,"Formicidae",0
"SaipanLADTAL2","Saipan","LADTA","L2","r","r",0,0,"Isoptera",0
"SaipanLADTAL2","Saipan","LADTA","L2","r","r",0,0,"Apoidea",4
"SaipanLADTAL2","Saipan","LADTA","L2","r","r",0,0,"Crabronidae",1
"SaipanLADTAL2","Saipan","LADTA","L2","r","r",0,0,"Trichoptera",0
"SaipanLADTAL2","Saipan","LADTA","L2","r","r",0,0,"Diptera",1
"SaipanLADTAL2","Saipan","LADTA","L2","r","r",0,0,"Lepidoptera",6
"SaipanLADTAL2","Saipan","LADTA","L2","r","r",0,0,"Hemiptera",0
"SaipanLADTAL2","Saipan","LADTA","L2","r","r",0,0,"Blattodea",0
"SaipanLADTAL3","Saipan","LADTA","L3","r","w",0,0,"Coleoptera",0
"SaipanLADTAL3","Saipan","LADTA","L3","r","w",0,0,"Araneae",1
"SaipanLADTAL3","Saipan","LADTA","L3","r","w",0,0,"Formicidae",0
"SaipanLADTAL3","Saipan","LADTA","L3","r","w",0,0,"Isoptera",0
"SaipanLADTAL3","Saipan","LADTA","L3","r","w",0,0,"Apoidea",0
"SaipanLADTAL3","Saipan","LADTA","L3","r","w",0,0,"Crabronidae",0
"SaipanLADTAL3","Saipan","LADTA","L3","r","w",0,0,"Trichoptera",0
"SaipanLADTAL3","Saipan","LADTA","L3","r","w",0,0,"Diptera",3
"SaipanLADTAL3","Saipan","LADTA","L3","r","w",0,0,"Lepidoptera",1
"SaipanLADTAL3","Saipan","LADTA","L3","r","w",0,0,"Hemiptera",1
"SaipanLADTAL3","Saipan","LADTA","L3","r","w",0,0,"Blattodea",0
"SaipanLADTAL3","Saipan","LADTA","L3","r","r",0,0,"Coleoptera",0
"SaipanLADTAL3","Saipan","LADTA","L3","r","r",0,0,"Araneae",0
"SaipanLADTAL3","Saipan","LADTA","L3","r","r",0,0,"Formicidae",0
"SaipanLADTAL3","Saipan","LADTA","L3","r","r",0,0,"Isoptera",0
"SaipanLADTAL3","Saipan","LADTA","L3","r","r",0,0,"Apoidea",0
"SaipanLADTAL3","Saipan","LADTA","L3","r","r",0,0,"Crabronidae",0
"SaipanLADTAL3","Saipan","LADTA","L3","r","r",0,0,"Trichoptera",0
"SaipanLADTAL3","Saipan","LADTA","L3","r","r",0,0,"Diptera",1
"SaipanLADTAL3","Saipan","LADTA","L3","r","r",0,0,"Lepidoptera",1
"SaipanLADTAL3","Saipan","LADTA","L3","r","r",0,0,"Hemiptera",0
"SaipanLADTAL3","Saipan","LADTA","L3","r","r",0,0,"Blattodea",0
"SaipanLADTAL3","Saipan","LADTA","L3","r","b",1,0,"Coleoptera",0
"SaipanLADTAL3","Saipan","LADTA","L3","r","b",1,0,"Araneae",0
"SaipanLADTAL3","Saipan","LADTA","L3","r","b",1,0,"Formicidae",0
"SaipanLADTAL3","Saipan","LADTA","L3","r","b",1,0,"Isoptera",0
"SaipanLADTAL3","Saipan","LADTA","L3","r","b",1,0,"Apoidea",0
"SaipanLADTAL3","Saipan","LADTA","L3","r","b",1,0,"Crabronidae",1
"SaipanLADTAL3","Saipan","LADTA","L3","r","b",1,0,"Trichoptera",0
"SaipanLADTAL3","Saipan","LADTA","L3","r","b",1,0,"Diptera",2
"SaipanLADTAL3","Saipan","LADTA","L3","r","b",1,0,"Lepidoptera",0
"SaipanLADTAL3","Saipan","LADTA","L3","r","b",1,0,"Hemiptera",0
"SaipanLADTAL3","Saipan","LADTA","L3","r","b",1,0,"Blattodea",0
"SaipanLADTAL3","Saipan","LADTA","L3","r","y",0,0,"Coleoptera",1
"SaipanLADTAL3","Saipan","LADTA","L3","r","y",0,0,"Araneae",1
"SaipanLADTAL3","Saipan","LADTA","L3","r","y",0,0,"Formicidae",1
"SaipanLADTAL3","Saipan","LADTA","L3","r","y",0,0,"Isoptera",0
"SaipanLADTAL3","Saipan","LADTA","L3","r","y",0,0,"Apoidea",0
"SaipanLADTAL3","Saipan","LADTA","L3","r","y",0,0,"Crabronidae",3
"SaipanLADTAL3","Saipan","LADTA","L3","r","y",0,0,"Trichoptera",0
"SaipanLADTAL3","Saipan","LADTA","L3","r","y",0,0,"Diptera",1
"SaipanLADTAL3","Saipan","LADTA","L3","r","y",0,0,"Lepidoptera",2
"SaipanLADTAL3","Saipan","LADTA","L3","r","y",0,0,"Hemiptera",2
"SaipanLADTAL3","Saipan","LADTA","L3","r","y",0,0,"Blattodea",0
"SaipanLADTAL3","Saipan","LADTA","L3","b","r",0,0,"Coleoptera",0
"SaipanLADTAL3","Saipan","LADTA","L3","b","r",0,0,"Araneae",0
"SaipanLADTAL3","Saipan","LADTA","L3","b","r",0,0,"Formicidae",0
"SaipanLADTAL3","Saipan","LADTA","L3","b","r",0,0,"Isoptera",0
"SaipanLADTAL3","Saipan","LADTA","L3","b","r",0,0,"Apoidea",0
"SaipanLADTAL3","Saipan","LADTA","L3","b","r",0,0,"Crabronidae",0
"SaipanLADTAL3","Saipan","LADTA","L3","b","r",0,0,"Trichoptera",0
"SaipanLADTAL3","Saipan","LADTA","L3","b","r",0,0,"Diptera",0
"SaipanLADTAL3","Saipan","LADTA","L3","b","r",0,0,"Lepidoptera",0
"SaipanLADTAL3","Saipan","LADTA","L3","b","r",0,0,"Hemiptera",0
"SaipanLADTAL3","Saipan","LADTA","L3","b","r",0,0,"Blattodea",0
"SaipanLADTAL3","Saipan","LADTA","L3","b","w",0,0,"Coleoptera",0
"SaipanLADTAL3","Saipan","LADTA","L3","b","w",0,0,"Araneae",0
"SaipanLADTAL3","Saipan","LADTA","L3","b","w",0,0,"Formicidae",0
"SaipanLADTAL3","Saipan","LADTA","L3","b","w",0,0,"Isoptera",0
"SaipanLADTAL3","Saipan","LADTA","L3","b","w",0,0,"Apoidea",0
"SaipanLADTAL3","Saipan","LADTA","L3","b","w",0,0,"Crabronidae",0
"SaipanLADTAL3","Saipan","LADTA","L3","b","w",0,0,"Trichoptera",0
"SaipanLADTAL3","Saipan","LADTA","L3","b","w",0,0,"Diptera",0
"SaipanLADTAL3","Saipan","LADTA","L3","b","w",0,0,"Lepidoptera",0
"SaipanLADTAL3","Saipan","LADTA","L3","b","w",0,0,"Hemiptera",0
"SaipanLADTAL3","Saipan","LADTA","L3","b","w",0,0,"Blattodea",0
"SaipanLADTAL3","Saipan","LADTA","L3","b","b",0,0,"Coleoptera",0
"SaipanLADTAL3","Saipan","LADTA","L3","b","b",0,0,"Araneae",0
"SaipanLADTAL3","Saipan","LADTA","L3","b","b",0,0,"Formicidae",0
"SaipanLADTAL3","Saipan","LADTA","L3","b","b",0,0,"Isoptera",0
"SaipanLADTAL3","Saipan","LADTA","L3","b","b",0,0,"Apoidea",0
"SaipanLADTAL3","Saipan","LADTA","L3","b","b",0,0,"Crabronidae",0
"SaipanLADTAL3","Saipan","LADTA","L3","b","b",0,0,"Trichoptera",0
"SaipanLADTAL3","Saipan","LADTA","L3","b","b",0,0,"Diptera",0
"SaipanLADTAL3","Saipan","LADTA","L3","b","b",0,0,"Lepidoptera",1
"SaipanLADTAL3","Saipan","LADTA","L3","b","b",0,0,"Hemiptera",0
"SaipanLADTAL3","Saipan","LADTA","L3","b","b",0,0,"Blattodea",0
"SaipanLADTAL3","Saipan","LADTA","L3","b","y",0,0,"Coleoptera",0
"SaipanLADTAL3","Saipan","LADTA","L3","b","y",0,0,"Araneae",1
"SaipanLADTAL3","Saipan","LADTA","L3","b","y",0,0,"Formicidae",0
"SaipanLADTAL3","Saipan","LADTA","L3","b","y",0,0,"Isoptera",0
"SaipanLADTAL3","Saipan","LADTA","L3","b","y",0,0,"Apoidea",1
"SaipanLADTAL3","Saipan","LADTA","L3","b","y",0,0,"Crabronidae",1
"SaipanLADTAL3","Saipan","LADTA","L3","b","y",0,0,"Trichoptera",1
"SaipanLADTAL3","Saipan","LADTA","L3","b","y",0,0,"Diptera",1
"SaipanLADTAL3","Saipan","LADTA","L3","b","y",0,0,"Lepidoptera",0
"SaipanLADTAL3","Saipan","LADTA","L3","b","y",0,0,"Hemiptera",0
"SaipanLADTAL3","Saipan","LADTA","L3","b","y",0,0,"Blattodea",0
"SaipanLADTAL3","Saipan","LADTA","L3","w","y",0,0,"Coleoptera",1
"SaipanLADTAL3","Saipan","LADTA","L3","w","y",0,0,"Araneae",0
"SaipanLADTAL3","Saipan","LADTA","L3","w","y",0,0,"Formicidae",2
"SaipanLADTAL3","Saipan","LADTA","L3","w","y",0,0,"Isoptera",0
"SaipanLADTAL3","Saipan","LADTA","L3","w","y",0,0,"Apoidea",0
"SaipanLADTAL3","Saipan","LADTA","L3","w","y",0,0,"Crabronidae",1
"SaipanLADTAL3","Saipan","LADTA","L3","w","y",0,0,"Trichoptera",0
"SaipanLADTAL3","Saipan","LADTA","L3","w","y",0,0,"Diptera",1
"SaipanLADTAL3","Saipan","LADTA","L3","w","y",0,0,"Lepidoptera",0
"SaipanLADTAL3","Saipan","LADTA","L3","w","y",0,0,"Hemiptera",0
"SaipanLADTAL3","Saipan","LADTA","L3","w","y",0,0,"Blattodea",0
"SaipanLADTAL3","Saipan","LADTA","L3","y","r",0,0,"Coleoptera",0
"SaipanLADTAL3","Saipan","LADTA","L3","y","r",0,0,"Araneae",0
"SaipanLADTAL3","Saipan","LADTA","L3","y","r",0,0,"Formicidae",1
"SaipanLADTAL3","Saipan","LADTA","L3","y","r",0,0,"Isoptera",0
"SaipanLADTAL3","Saipan","LADTA","L3","y","r",0,0,"Apoidea",0
"SaipanLADTAL3","Saipan","LADTA","L3","y","r",0,0,"Crabronidae",2
"SaipanLADTAL3","Saipan","LADTA","L3","y","r",0,0,"Trichoptera",0
"SaipanLADTAL3","Saipan","LADTA","L3","y","r",0,0,"Diptera",1
"SaipanLADTAL3","Saipan","LADTA","L3","y","r",0,0,"Lepidoptera",1
"SaipanLADTAL3","Saipan","LADTA","L3","y","r",0,0,"Hemiptera",0
"SaipanLADTAL3","Saipan","LADTA","L3","y","r",0,0,"Blattodea",0
"SaipanLADTAL3","Saipan","LADTA","L3","w","r",0,0,"Coleoptera",1
"SaipanLADTAL3","Saipan","LADTA","L3","w","r",0,0,"Araneae",0
"SaipanLADTAL3","Saipan","LADTA","L3","w","r",0,0,"Formicidae",0
"SaipanLADTAL3","Saipan","LADTA","L3","w","r",0,0,"Isoptera",0
"SaipanLADTAL3","Saipan","LADTA","L3","w","r",0,0,"Apoidea",0
"SaipanLADTAL3","Saipan","LADTA","L3","w","r",0,0,"Crabronidae",0
"SaipanLADTAL3","Saipan","LADTA","L3","w","r",0,0,"Trichoptera",0
"SaipanLADTAL3","Saipan","LADTA","L3","w","r",0,0,"Diptera",0
"SaipanLADTAL3","Saipan","LADTA","L3","w","r",0,0,"Lepidoptera",1
"SaipanLADTAL3","Saipan","LADTA","L3","w","r",0,0,"Hemiptera",0
"SaipanLADTAL3","Saipan","LADTA","L3","w","r",0,0,"Blattodea",0
"SaipanLADTAL3","Saipan","LADTA","L3","w","w",0,0,"Coleoptera",0
"SaipanLADTAL3","Saipan","LADTA","L3","w","w",0,0,"Araneae",0
"SaipanLADTAL3","Saipan","LADTA","L3","w","w",0,0,"Formicidae",0
"SaipanLADTAL3","Saipan","LADTA","L3","w","w",0,0,"Isoptera",0
"SaipanLADTAL3","Saipan","LADTA","L3","w","w",0,0,"Apoidea",0
"SaipanLADTAL3","Saipan","LADTA","L3","w","w",0,0,"Crabronidae",0
"SaipanLADTAL3","Saipan","LADTA","L3","w","w",0,0,"Trichoptera",0
"SaipanLADTAL3","Saipan","LADTA","L3","w","w",0,0,"Diptera",0
"SaipanLADTAL3","Saipan","LADTA","L3","w","w",0,0,"Lepidoptera",2
"SaipanLADTAL3","Saipan","LADTA","L3","w","w",0,0,"Hemiptera",0
"SaipanLADTAL3","Saipan","LADTA","L3","w","w",0,0,"Blattodea",0
"SaipanLADTAL3","Saipan","LADTA","L3","w","b",0,0,"Coleoptera",0
"SaipanLADTAL3","Saipan","LADTA","L3","w","b",0,0,"Araneae",0
"SaipanLADTAL3","Saipan","LADTA","L3","w","b",0,0,"Formicidae",0
"SaipanLADTAL3","Saipan","LADTA","L3","w","b",0,0,"Isoptera",0
"SaipanLADTAL3","Saipan","LADTA","L3","w","b",0,0,"Apoidea",0
"SaipanLADTAL3","Saipan","LADTA","L3","w","b",0,0,"Crabronidae",0
"SaipanLADTAL3","Saipan","LADTA","L3","w","b",0,0,"Trichoptera",0
"SaipanLADTAL3","Saipan","LADTA","L3","w","b",0,0,"Diptera",1
"SaipanLADTAL3","Saipan","LADTA","L3","w","b",0,0,"Lepidoptera",1
"SaipanLADTAL3","Saipan","LADTA","L3","w","b",0,0,"Hemiptera",0
"SaipanLADTAL3","Saipan","LADTA","L3","w","b",0,0,"Blattodea",0
"SaipanLADTAL3","Saipan","LADTA","L3","y","w",0,0,"Coleoptera",0
"SaipanLADTAL3","Saipan","LADTA","L3","y","w",0,0,"Araneae",0
"SaipanLADTAL3","Saipan","LADTA","L3","y","w",0,0,"Formicidae",0
"SaipanLADTAL3","Saipan","LADTA","L3","y","w",0,0,"Isoptera",0
"SaipanLADTAL3","Saipan","LADTA","L3","y","w",0,0,"Apoidea",0
"SaipanLADTAL3","Saipan","LADTA","L3","y","w",0,0,"Crabronidae",0
"SaipanLADTAL3","Saipan","LADTA","L3","y","w",0,0,"Trichoptera",0
"SaipanLADTAL3","Saipan","LADTA","L3","y","w",0,0,"Diptera",0
"SaipanLADTAL3","Saipan","LADTA","L3","y","w",0,0,"Lepidoptera",0
"SaipanLADTAL3","Saipan","LADTA","L3","y","w",0,0,"Hemiptera",0
"SaipanLADTAL3","Saipan","LADTA","L3","y","w",0,0,"Blattodea",0
"SaipanLADTAL3","Saipan","LADTA","L3","y","y",0,0,"Coleoptera",0
"SaipanLADTAL3","Saipan","LADTA","L3","y","y",0,0,"Araneae",0
"SaipanLADTAL3","Saipan","LADTA","L3","y","y",0,0,"Formicidae",0
"SaipanLADTAL3","Saipan","LADTA","L3","y","y",0,0,"Isoptera",0
"SaipanLADTAL3","Saipan","LADTA","L3","y","y",0,0,"Apoidea",1
"SaipanLADTAL3","Saipan","LADTA","L3","y","y",0,0,"Crabronidae",0
"SaipanLADTAL3","Saipan","LADTA","L3","y","y",0,0,"Trichoptera",0
"SaipanLADTAL3","Saipan","LADTA","L3","y","y",0,0,"Diptera",0
"SaipanLADTAL3","Saipan","LADTA","L3","y","y",0,0,"Lepidoptera",2
"SaipanLADTAL3","Saipan","LADTA","L3","y","y",0,0,"Hemiptera",0
"SaipanLADTAL3","Saipan","LADTA","L3","y","y",0,0,"Blattodea",0
"SaipanLADTAL3","Saipan","LADTA","L3","y","b",0,0,"Coleoptera",0
"SaipanLADTAL3","Saipan","LADTA","L3","y","b",0,0,"Araneae",0
"SaipanLADTAL3","Saipan","LADTA","L3","y","b",0,0,"Formicidae",0
"SaipanLADTAL3","Saipan","LADTA","L3","y","b",0,0,"Isoptera",0
"SaipanLADTAL3","Saipan","LADTA","L3","y","b",0,0,"Apoidea",0
"SaipanLADTAL3","Saipan","LADTA","L3","y","b",0,0,"Crabronidae",0
"SaipanLADTAL3","Saipan","LADTA","L3","y","b",0,0,"Trichoptera",0
"SaipanLADTAL3","Saipan","LADTA","L3","y","b",0,0,"Diptera",1
"SaipanLADTAL3","Saipan","LADTA","L3","y","b",0,0,"Lepidoptera",0
"SaipanLADTAL3","Saipan","LADTA","L3","y","b",0,0,"Hemiptera",0
"SaipanLADTAL3","Saipan","LADTA","L3","y","b",0,0,"Blattodea",0
"SaipanLadtgL1","Saipan","Ladtg","L1","b","w",NA,NA,"Coleoptera",NA
"SaipanLadtgL1","Saipan","Ladtg","L1","b","w",NA,NA,"Araneae",1
"SaipanLadtgL1","Saipan","Ladtg","L1","b","w",NA,NA,"Formicidae",NA
"SaipanLadtgL1","Saipan","Ladtg","L1","b","w",NA,NA,"Isoptera",1
"SaipanLadtgL1","Saipan","Ladtg","L1","b","w",NA,NA,"Apoidea",NA
"SaipanLadtgL1","Saipan","Ladtg","L1","b","w",NA,NA,"Crabronidae",2
"SaipanLadtgL1","Saipan","Ladtg","L1","b","w",NA,NA,"Trichoptera",NA
"SaipanLadtgL1","Saipan","Ladtg","L1","b","w",NA,NA,"Diptera",5
"SaipanLadtgL1","Saipan","Ladtg","L1","b","w",NA,NA,"Lepidoptera",4
"SaipanLadtgL1","Saipan","Ladtg","L1","b","w",NA,NA,"Hemiptera",2
"SaipanLadtgL1","Saipan","Ladtg","L1","b","w",NA,NA,"Blattodea",NA
"SaipanLadtgL1","Saipan","Ladtg","L1","b","r",0,0,"Coleoptera",1
"SaipanLadtgL1","Saipan","Ladtg","L1","b","r",0,0,"Araneae",0
"SaipanLadtgL1","Saipan","Ladtg","L1","b","r",0,0,"Formicidae",0
"SaipanLadtgL1","Saipan","Ladtg","L1","b","r",0,0,"Isoptera",0
"SaipanLadtgL1","Saipan","Ladtg","L1","b","r",0,0,"Apoidea",1
"SaipanLadtgL1","Saipan","Ladtg","L1","b","r",0,0,"Crabronidae",0
"SaipanLadtgL1","Saipan","Ladtg","L1","b","r",0,0,"Trichoptera",0
"SaipanLadtgL1","Saipan","Ladtg","L1","b","r",0,0,"Diptera",0
"SaipanLadtgL1","Saipan","Ladtg","L1","b","r",0,0,"Lepidoptera",4
"SaipanLadtgL1","Saipan","Ladtg","L1","b","r",0,0,"Hemiptera",0
"SaipanLadtgL1","Saipan","Ladtg","L1","b","r",0,0,"Blattodea",0
"SaipanLadtgL1","Saipan","Ladtg","L1","y","r",0,0,"Coleoptera",0
"SaipanLadtgL1","Saipan","Ladtg","L1","y","r",0,0,"Araneae",0
"SaipanLadtgL1","Saipan","Ladtg","L1","y","r",0,0,"Formicidae",1
"SaipanLadtgL1","Saipan","Ladtg","L1","y","r",0,0,"Isoptera",0
"SaipanLadtgL1","Saipan","Ladtg","L1","y","r",0,0,"Apoidea",0
"SaipanLadtgL1","Saipan","Ladtg","L1","y","r",0,0,"Crabronidae",0
"SaipanLadtgL1","Saipan","Ladtg","L1","y","r",0,0,"Trichoptera",0
"SaipanLadtgL1","Saipan","Ladtg","L1","y","r",0,0,"Diptera",0
"SaipanLadtgL1","Saipan","Ladtg","L1","y","r",0,0,"Lepidoptera",2
"SaipanLadtgL1","Saipan","Ladtg","L1","y","r",0,0,"Hemiptera",1
"SaipanLadtgL1","Saipan","Ladtg","L1","y","r",0,0,"Blattodea",0
"SaipanLadtgL1","Saipan","Ladtg","L1","r","b",0,0,"Coleoptera",1
"SaipanLadtgL1","Saipan","Ladtg","L1","r","b",0,0,"Araneae",1
"SaipanLadtgL1","Saipan","Ladtg","L1","r","b",0,0,"Formicidae",0
"SaipanLadtgL1","Saipan","Ladtg","L1","r","b",0,0,"Isoptera",0
"SaipanLadtgL1","Saipan","Ladtg","L1","r","b",0,0,"Apoidea",0
"SaipanLadtgL1","Saipan","Ladtg","L1","r","b",0,0,"Crabronidae",0
"SaipanLadtgL1","Saipan","Ladtg","L1","r","b",0,0,"Trichoptera",0
"SaipanLadtgL1","Saipan","Ladtg","L1","r","b",0,0,"Diptera",0
"SaipanLadtgL1","Saipan","Ladtg","L1","r","b",0,0,"Lepidoptera",2
"SaipanLadtgL1","Saipan","Ladtg","L1","r","b",0,0,"Hemiptera",0
"SaipanLadtgL1","Saipan","Ladtg","L1","r","b",0,0,"Blattodea",0
"SaipanLadtgL1","Saipan","Ladtg","L1","b","y",0,0,"Coleoptera",0
"SaipanLadtgL1","Saipan","Ladtg","L1","b","y",0,0,"Araneae",0
"SaipanLadtgL1","Saipan","Ladtg","L1","b","y",0,0,"Formicidae",0
"SaipanLadtgL1","Saipan","Ladtg","L1","b","y",0,0,"Isoptera",1
"SaipanLadtgL1","Saipan","Ladtg","L1","b","y",0,0,"Apoidea",4
"SaipanLadtgL1","Saipan","Ladtg","L1","b","y",0,0,"Crabronidae",1
"SaipanLadtgL1","Saipan","Ladtg","L1","b","y",0,0,"Trichoptera",0
"SaipanLadtgL1","Saipan","Ladtg","L1","b","y",0,0,"Diptera",8
"SaipanLadtgL1","Saipan","Ladtg","L1","b","y",0,0,"Lepidoptera",3
"SaipanLadtgL1","Saipan","Ladtg","L1","b","y",0,0,"Hemiptera",0
"SaipanLadtgL1","Saipan","Ladtg","L1","b","y",0,0,"Blattodea",0
"SaipanLadtgL1","Saipan","Ladtg","L1","r","y",0,0,"Coleoptera",0
"SaipanLadtgL1","Saipan","Ladtg","L1","r","y",0,0,"Araneae",0
"SaipanLadtgL1","Saipan","Ladtg","L1","r","y",0,0,"Formicidae",0
"SaipanLadtgL1","Saipan","Ladtg","L1","r","y",0,0,"Isoptera",0
"SaipanLadtgL1","Saipan","Ladtg","L1","r","y",0,0,"Apoidea",2
"SaipanLadtgL1","Saipan","Ladtg","L1","r","y",0,0,"Crabronidae",1
"SaipanLadtgL1","Saipan","Ladtg","L1","r","y",0,0,"Trichoptera",0
"SaipanLadtgL1","Saipan","Ladtg","L1","r","y",0,0,"Diptera",4
"SaipanLadtgL1","Saipan","Ladtg","L1","r","y",0,0,"Lepidoptera",3
"SaipanLadtgL1","Saipan","Ladtg","L1","r","y",0,0,"Hemiptera",1
"SaipanLadtgL1","Saipan","Ladtg","L1","r","y",0,0,"Blattodea",0
"SaipanLadtgL1","Saipan","Ladtg","L1","w","r",0,0,"Coleoptera",1
"SaipanLadtgL1","Saipan","Ladtg","L1","w","r",0,0,"Araneae",0
"SaipanLadtgL1","Saipan","Ladtg","L1","w","r",0,0,"Formicidae",0
"SaipanLadtgL1","Saipan","Ladtg","L1","w","r",0,0,"Isoptera",0
"SaipanLadtgL1","Saipan","Ladtg","L1","w","r",0,0,"Apoidea",1
"SaipanLadtgL1","Saipan","Ladtg","L1","w","r",0,0,"Crabronidae",1
"SaipanLadtgL1","Saipan","Ladtg","L1","w","r",0,0,"Trichoptera",0
"SaipanLadtgL1","Saipan","Ladtg","L1","w","r",0,0,"Diptera",3
"SaipanLadtgL1","Saipan","Ladtg","L1","w","r",0,0,"Lepidoptera",2
"SaipanLadtgL1","Saipan","Ladtg","L1","w","r",0,0,"Hemiptera",0
"SaipanLadtgL1","Saipan","Ladtg","L1","w","r",0,0,"Blattodea",0
"SaipanLadtgL1","Saipan","Ladtg","L1","y","y",0,0,"Coleoptera",0
"SaipanLadtgL1","Saipan","Ladtg","L1","y","y",0,0,"Araneae",0
"SaipanLadtgL1","Saipan","Ladtg","L1","y","y",0,0,"Formicidae",0
"SaipanLadtgL1","Saipan","Ladtg","L1","y","y",0,0,"Isoptera",0
"SaipanLadtgL1","Saipan","Ladtg","L1","y","y",0,0,"Apoidea",0
"SaipanLadtgL1","Saipan","Ladtg","L1","y","y",0,0,"Crabronidae",1
"SaipanLadtgL1","Saipan","Ladtg","L1","y","y",0,0,"Trichoptera",0
"SaipanLadtgL1","Saipan","Ladtg","L1","y","y",0,0,"Diptera",3
"SaipanLadtgL1","Saipan","Ladtg","L1","y","y",0,0,"Lepidoptera",2
"SaipanLadtgL1","Saipan","Ladtg","L1","y","y",0,0,"Hemiptera",0
"SaipanLadtgL1","Saipan","Ladtg","L1","y","y",0,0,"Blattodea",0
"SaipanLadtgL1","Saipan","Ladtg","L1","b","b",0,0,"Coleoptera",0
"SaipanLadtgL1","Saipan","Ladtg","L1","b","b",0,0,"Araneae",0
"SaipanLadtgL1","Saipan","Ladtg","L1","b","b",0,0,"Formicidae",0
"SaipanLadtgL1","Saipan","Ladtg","L1","b","b",0,0,"Isoptera",0
"SaipanLadtgL1","Saipan","Ladtg","L1","b","b",0,0,"Apoidea",2
"SaipanLadtgL1","Saipan","Ladtg","L1","b","b",0,0,"Crabronidae",0
"SaipanLadtgL1","Saipan","Ladtg","L1","b","b",0,0,"Trichoptera",0
"SaipanLadtgL1","Saipan","Ladtg","L1","b","b",0,0,"Diptera",0
"SaipanLadtgL1","Saipan","Ladtg","L1","b","b",0,0,"Lepidoptera",1
"SaipanLadtgL1","Saipan","Ladtg","L1","b","b",0,0,"Hemiptera",0
"SaipanLadtgL1","Saipan","Ladtg","L1","b","b",0,0,"Blattodea",0
"SaipanLadtgL1","Saipan","Ladtg","L1","w","w",0,0,"Coleoptera",0
"SaipanLadtgL1","Saipan","Ladtg","L1","w","w",0,0,"Araneae",0
"SaipanLadtgL1","Saipan","Ladtg","L1","w","w",0,0,"Formicidae",0
"SaipanLadtgL1","Saipan","Ladtg","L1","w","w",0,0,"Isoptera",0
"SaipanLadtgL1","Saipan","Ladtg","L1","w","w",0,0,"Apoidea",1
"SaipanLadtgL1","Saipan","Ladtg","L1","w","w",0,0,"Crabronidae",0
"SaipanLadtgL1","Saipan","Ladtg","L1","w","w",0,0,"Trichoptera",0
"SaipanLadtgL1","Saipan","Ladtg","L1","w","w",0,0,"Diptera",2
"SaipanLadtgL1","Saipan","Ladtg","L1","w","w",0,0,"Lepidoptera",2
"SaipanLadtgL1","Saipan","Ladtg","L1","w","w",0,0,"Hemiptera",0
"SaipanLadtgL1","Saipan","Ladtg","L1","w","w",0,0,"Blattodea",0
"SaipanLadtgL1","Saipan","Ladtg","L1","r","r",0,0,"Coleoptera",0
"SaipanLadtgL1","Saipan","Ladtg","L1","r","r",0,0,"Araneae",0
"SaipanLadtgL1","Saipan","Ladtg","L1","r","r",0,0,"Formicidae",0
"SaipanLadtgL1","Saipan","Ladtg","L1","r","r",0,0,"Isoptera",1
"SaipanLadtgL1","Saipan","Ladtg","L1","r","r",0,0,"Apoidea",1
"SaipanLadtgL1","Saipan","Ladtg","L1","r","r",0,0,"Crabronidae",0
"SaipanLadtgL1","Saipan","Ladtg","L1","r","r",0,0,"Trichoptera",0
"SaipanLadtgL1","Saipan","Ladtg","L1","r","r",0,0,"Diptera",2
"SaipanLadtgL1","Saipan","Ladtg","L1","r","r",0,0,"Lepidoptera",0
"SaipanLadtgL1","Saipan","Ladtg","L1","r","r",0,0,"Hemiptera",0
"SaipanLadtgL1","Saipan","Ladtg","L1","r","r",0,0,"Blattodea",0
"SaipanLadtgL1","Saipan","Ladtg","L1","r","w",0,0,"Coleoptera",4
"SaipanLadtgL1","Saipan","Ladtg","L1","r","w",0,0,"Araneae",1
"SaipanLadtgL1","Saipan","Ladtg","L1","r","w",0,0,"Formicidae",1
"SaipanLadtgL1","Saipan","Ladtg","L1","r","w",0,0,"Isoptera",0
"SaipanLadtgL1","Saipan","Ladtg","L1","r","w",0,0,"Apoidea",0
"SaipanLadtgL1","Saipan","Ladtg","L1","r","w",0,0,"Crabronidae",0
"SaipanLadtgL1","Saipan","Ladtg","L1","r","w",0,0,"Trichoptera",0
"SaipanLadtgL1","Saipan","Ladtg","L1","r","w",0,0,"Diptera",16
"SaipanLadtgL1","Saipan","Ladtg","L1","r","w",0,0,"Lepidoptera",0
"SaipanLadtgL1","Saipan","Ladtg","L1","r","w",0,0,"Hemiptera",0
"SaipanLadtgL1","Saipan","Ladtg","L1","r","w",0,0,"Blattodea",0
"SaipanLadtgL1","Saipan","Ladtg","L1","y","b",0,0,"Coleoptera",0
"SaipanLadtgL1","Saipan","Ladtg","L1","y","b",0,0,"Araneae",0
"SaipanLadtgL1","Saipan","Ladtg","L1","y","b",0,0,"Formicidae",1
"SaipanLadtgL1","Saipan","Ladtg","L1","y","b",0,0,"Isoptera",0
"SaipanLadtgL1","Saipan","Ladtg","L1","y","b",0,0,"Apoidea",1
"SaipanLadtgL1","Saipan","Ladtg","L1","y","b",0,0,"Crabronidae",0
"SaipanLadtgL1","Saipan","Ladtg","L1","y","b",0,0,"Trichoptera",0
"SaipanLadtgL1","Saipan","Ladtg","L1","y","b",0,0,"Diptera",1
"SaipanLadtgL1","Saipan","Ladtg","L1","y","b",0,0,"Lepidoptera",1
"SaipanLadtgL1","Saipan","Ladtg","L1","y","b",0,0,"Hemiptera",0
"SaipanLadtgL1","Saipan","Ladtg","L1","y","b",0,0,"Blattodea",0
"SaipanLadtgL1","Saipan","Ladtg","L1","w","b",0,0,"Coleoptera",0
"SaipanLadtgL1","Saipan","Ladtg","L1","w","b",0,0,"Araneae",0
"SaipanLadtgL1","Saipan","Ladtg","L1","w","b",0,0,"Formicidae",0
"SaipanLadtgL1","Saipan","Ladtg","L1","w","b",0,0,"Isoptera",1
"SaipanLadtgL1","Saipan","Ladtg","L1","w","b",0,0,"Apoidea",0
"SaipanLadtgL1","Saipan","Ladtg","L1","w","b",0,0,"Crabronidae",0
"SaipanLadtgL1","Saipan","Ladtg","L1","w","b",0,0,"Trichoptera",0
"SaipanLadtgL1","Saipan","Ladtg","L1","w","b",0,0,"Diptera",2
"SaipanLadtgL1","Saipan","Ladtg","L1","w","b",0,0,"Lepidoptera",2
"SaipanLadtgL1","Saipan","Ladtg","L1","w","b",0,0,"Hemiptera",1
"SaipanLadtgL1","Saipan","Ladtg","L1","w","b",0,0,"Blattodea",0
"SaipanLadtgL1","Saipan","Ladtg","L1","w","y",0,0,"Coleoptera",0
"SaipanLadtgL1","Saipan","Ladtg","L1","w","y",0,0,"Araneae",0
"SaipanLadtgL1","Saipan","Ladtg","L1","w","y",0,0,"Formicidae",0
"SaipanLadtgL1","Saipan","Ladtg","L1","w","y",0,0,"Isoptera",0
"SaipanLadtgL1","Saipan","Ladtg","L1","w","y",0,0,"Apoidea",5
"SaipanLadtgL1","Saipan","Ladtg","L1","w","y",0,0,"Crabronidae",1
"SaipanLadtgL1","Saipan","Ladtg","L1","w","y",0,0,"Trichoptera",0
"SaipanLadtgL1","Saipan","Ladtg","L1","w","y",0,0,"Diptera",3
"SaipanLadtgL1","Saipan","Ladtg","L1","w","y",0,0,"Lepidoptera",2
"SaipanLadtgL1","Saipan","Ladtg","L1","w","y",0,0,"Hemiptera",1
"SaipanLadtgL1","Saipan","Ladtg","L1","w","y",0,0,"Blattodea",0
"SaipanLadtgL1","Saipan","Ladtg","L1","y","w",0,0,"Coleoptera",0
"SaipanLadtgL1","Saipan","Ladtg","L1","y","w",0,0,"Araneae",0
"SaipanLadtgL1","Saipan","Ladtg","L1","y","w",0,0,"Formicidae",0
"SaipanLadtgL1","Saipan","Ladtg","L1","y","w",0,0,"Isoptera",0
"SaipanLadtgL1","Saipan","Ladtg","L1","y","w",0,0,"Apoidea",0
"SaipanLadtgL1","Saipan","Ladtg","L1","y","w",0,0,"Crabronidae",0
"SaipanLadtgL1","Saipan","Ladtg","L1","y","w",0,0,"Trichoptera",0
"SaipanLadtgL1","Saipan","Ladtg","L1","y","w",0,0,"Diptera",2
"SaipanLadtgL1","Saipan","Ladtg","L1","y","w",0,0,"Lepidoptera",2
"SaipanLadtgL1","Saipan","Ladtg","L1","y","w",0,0,"Hemiptera",0
"SaipanLadtgL1","Saipan","Ladtg","L1","y","w",0,0,"Blattodea",0
"SaipanLadtgL3","Saipan","Ladtg","L3","r","r",0,0,"Coleoptera",0
"SaipanLadtgL3","Saipan","Ladtg","L3","r","r",0,0,"Araneae",1
"SaipanLadtgL3","Saipan","Ladtg","L3","r","r",0,0,"Formicidae",0
"SaipanLadtgL3","Saipan","Ladtg","L3","r","r",0,0,"Isoptera",0
"SaipanLadtgL3","Saipan","Ladtg","L3","r","r",0,0,"Apoidea",1
"SaipanLadtgL3","Saipan","Ladtg","L3","r","r",0,0,"Crabronidae",1
"SaipanLadtgL3","Saipan","Ladtg","L3","r","r",0,0,"Trichoptera",0
"SaipanLadtgL3","Saipan","Ladtg","L3","r","r",0,0,"Diptera",5
"SaipanLadtgL3","Saipan","Ladtg","L3","r","r",0,0,"Lepidoptera",4
"SaipanLadtgL3","Saipan","Ladtg","L3","r","r",0,0,"Hemiptera",0
"SaipanLadtgL3","Saipan","Ladtg","L3","r","r",0,0,"Blattodea",0
"SaipanLadtgL3","Saipan","Ladtg","L3","r","b",0,0,"Coleoptera",0
"SaipanLadtgL3","Saipan","Ladtg","L3","r","b",0,0,"Araneae",1
"SaipanLadtgL3","Saipan","Ladtg","L3","r","b",0,0,"Formicidae",0
"SaipanLadtgL3","Saipan","Ladtg","L3","r","b",0,0,"Isoptera",0
"SaipanLadtgL3","Saipan","Ladtg","L3","r","b",0,0,"Apoidea",4
"SaipanLadtgL3","Saipan","Ladtg","L3","r","b",0,0,"Crabronidae",0
"SaipanLadtgL3","Saipan","Ladtg","L3","r","b",0,0,"Trichoptera",0
"SaipanLadtgL3","Saipan","Ladtg","L3","r","b",0,0,"Diptera",8
"SaipanLadtgL3","Saipan","Ladtg","L3","r","b",0,0,"Lepidoptera",2
"SaipanLadtgL3","Saipan","Ladtg","L3","r","b",0,0,"Hemiptera",0
"SaipanLadtgL3","Saipan","Ladtg","L3","r","b",0,0,"Blattodea",0
"SaipanLadtgL3","Saipan","Ladtg","L3","r","w",0,0,"Coleoptera",7
"SaipanLadtgL3","Saipan","Ladtg","L3","r","w",0,0,"Araneae",2
"SaipanLadtgL3","Saipan","Ladtg","L3","r","w",0,0,"Formicidae",1
"SaipanLadtgL3","Saipan","Ladtg","L3","r","w",0,0,"Isoptera",0
"SaipanLadtgL3","Saipan","Ladtg","L3","r","w",0,0,"Apoidea",0
"SaipanLadtgL3","Saipan","Ladtg","L3","r","w",0,0,"Crabronidae",1
"SaipanLadtgL3","Saipan","Ladtg","L3","r","w",0,0,"Trichoptera",3
"SaipanLadtgL3","Saipan","Ladtg","L3","r","w",0,0,"Diptera",15
"SaipanLadtgL3","Saipan","Ladtg","L3","r","w",0,0,"Lepidoptera",3
"SaipanLadtgL3","Saipan","Ladtg","L3","r","w",0,0,"Hemiptera",1
"SaipanLadtgL3","Saipan","Ladtg","L3","r","w",0,0,"Blattodea",0
"SaipanLadtgL3","Saipan","Ladtg","L3","r","y",0,0,"Coleoptera",0
"SaipanLadtgL3","Saipan","Ladtg","L3","r","y",0,0,"Araneae",0
"SaipanLadtgL3","Saipan","Ladtg","L3","r","y",0,0,"Formicidae",0
"SaipanLadtgL3","Saipan","Ladtg","L3","r","y",0,0,"Isoptera",0
"SaipanLadtgL3","Saipan","Ladtg","L3","r","y",0,0,"Apoidea",20
"SaipanLadtgL3","Saipan","Ladtg","L3","r","y",0,0,"Crabronidae",0
"SaipanLadtgL3","Saipan","Ladtg","L3","r","y",0,0,"Trichoptera",1
"SaipanLadtgL3","Saipan","Ladtg","L3","r","y",0,0,"Diptera",5
"SaipanLadtgL3","Saipan","Ladtg","L3","r","y",0,0,"Lepidoptera",14
"SaipanLadtgL3","Saipan","Ladtg","L3","r","y",0,0,"Hemiptera",2
"SaipanLadtgL3","Saipan","Ladtg","L3","r","y",0,0,"Blattodea",0
"SaipanLadtgL3","Saipan","Ladtg","L3","b","b",0,0,"Coleoptera",0
"SaipanLadtgL3","Saipan","Ladtg","L3","b","b",0,0,"Araneae",0
"SaipanLadtgL3","Saipan","Ladtg","L3","b","b",0,0,"Formicidae",0
"SaipanLadtgL3","Saipan","Ladtg","L3","b","b",0,0,"Isoptera",0
"SaipanLadtgL3","Saipan","Ladtg","L3","b","b",0,0,"Apoidea",5
"SaipanLadtgL3","Saipan","Ladtg","L3","b","b",0,0,"Crabronidae",4
"SaipanLadtgL3","Saipan","Ladtg","L3","b","b",0,0,"Trichoptera",0
"SaipanLadtgL3","Saipan","Ladtg","L3","b","b",0,0,"Diptera",5
"SaipanLadtgL3","Saipan","Ladtg","L3","b","b",0,0,"Lepidoptera",7
"SaipanLadtgL3","Saipan","Ladtg","L3","b","b",0,0,"Hemiptera",1
"SaipanLadtgL3","Saipan","Ladtg","L3","b","b",0,0,"Blattodea",0
"SaipanLadtgL3","Saipan","Ladtg","L3","b","y",0,0,"Coleoptera",0
"SaipanLadtgL3","Saipan","Ladtg","L3","b","y",0,0,"Araneae",0
"SaipanLadtgL3","Saipan","Ladtg","L3","b","y",0,0,"Formicidae",2
"SaipanLadtgL3","Saipan","Ladtg","L3","b","y",0,0,"Isoptera",0
"SaipanLadtgL3","Saipan","Ladtg","L3","b","y",0,0,"Apoidea",4
"SaipanLadtgL3","Saipan","Ladtg","L3","b","y",0,0,"Crabronidae",0
"SaipanLadtgL3","Saipan","Ladtg","L3","b","y",0,0,"Trichoptera",0
"SaipanLadtgL3","Saipan","Ladtg","L3","b","y",0,0,"Diptera",2
"SaipanLadtgL3","Saipan","Ladtg","L3","b","y",0,0,"Lepidoptera",6
"SaipanLadtgL3","Saipan","Ladtg","L3","b","y",0,0,"Hemiptera",0
"SaipanLadtgL3","Saipan","Ladtg","L3","b","y",0,0,"Blattodea",0
"SaipanLadtgL3","Saipan","Ladtg","L3","b","w",0,0,"Coleoptera",0
"SaipanLadtgL3","Saipan","Ladtg","L3","b","w",0,0,"Araneae",1
"SaipanLadtgL3","Saipan","Ladtg","L3","b","w",0,0,"Formicidae",0
"SaipanLadtgL3","Saipan","Ladtg","L3","b","w",0,0,"Isoptera",0
"SaipanLadtgL3","Saipan","Ladtg","L3","b","w",0,0,"Apoidea",9
"SaipanLadtgL3","Saipan","Ladtg","L3","b","w",0,0,"Crabronidae",1
"SaipanLadtgL3","Saipan","Ladtg","L3","b","w",0,0,"Trichoptera",0
"SaipanLadtgL3","Saipan","Ladtg","L3","b","w",0,0,"Diptera",10
"SaipanLadtgL3","Saipan","Ladtg","L3","b","w",0,0,"Lepidoptera",2
"SaipanLadtgL3","Saipan","Ladtg","L3","b","w",0,0,"Hemiptera",0
"SaipanLadtgL3","Saipan","Ladtg","L3","b","w",0,0,"Blattodea",0
"SaipanLadtgL3","Saipan","Ladtg","L3","b","r",0,0,"Coleoptera",0
"SaipanLadtgL3","Saipan","Ladtg","L3","b","r",0,0,"Araneae",0
"SaipanLadtgL3","Saipan","Ladtg","L3","b","r",0,0,"Formicidae",0
"SaipanLadtgL3","Saipan","Ladtg","L3","b","r",0,0,"Isoptera",0
"SaipanLadtgL3","Saipan","Ladtg","L3","b","r",0,0,"Apoidea",8
"SaipanLadtgL3","Saipan","Ladtg","L3","b","r",0,0,"Crabronidae",4
"SaipanLadtgL3","Saipan","Ladtg","L3","b","r",0,0,"Trichoptera",0
"SaipanLadtgL3","Saipan","Ladtg","L3","b","r",0,0,"Diptera",0
"SaipanLadtgL3","Saipan","Ladtg","L3","b","r",0,0,"Lepidoptera",10
"SaipanLadtgL3","Saipan","Ladtg","L3","b","r",0,0,"Hemiptera",0
"SaipanLadtgL3","Saipan","Ladtg","L3","b","r",0,0,"Blattodea",1
"SaipanLadtgL3","Saipan","Ladtg","L3","y","y",0,0,"Coleoptera",1
"SaipanLadtgL3","Saipan","Ladtg","L3","y","y",0,0,"Araneae",0
"SaipanLadtgL3","Saipan","Ladtg","L3","y","y",0,0,"Formicidae",1
"SaipanLadtgL3","Saipan","Ladtg","L3","y","y",0,0,"Isoptera",1
"SaipanLadtgL3","Saipan","Ladtg","L3","y","y",0,0,"Apoidea",5
"SaipanLadtgL3","Saipan","Ladtg","L3","y","y",0,0,"Crabronidae",6
"SaipanLadtgL3","Saipan","Ladtg","L3","y","y",0,0,"Trichoptera",0
"SaipanLadtgL3","Saipan","Ladtg","L3","y","y",0,0,"Diptera",10
"SaipanLadtgL3","Saipan","Ladtg","L3","y","y",0,0,"Lepidoptera",7
"SaipanLadtgL3","Saipan","Ladtg","L3","y","y",0,0,"Hemiptera",1
"SaipanLadtgL3","Saipan","Ladtg","L3","y","y",0,0,"Blattodea",0
"SaipanLadtgL3","Saipan","Ladtg","L3","y","r",1,0,"Coleoptera",0
"SaipanLadtgL3","Saipan","Ladtg","L3","y","r",1,0,"Araneae",0
"SaipanLadtgL3","Saipan","Ladtg","L3","y","r",1,0,"Formicidae",2
"SaipanLadtgL3","Saipan","Ladtg","L3","y","r",1,0,"Isoptera",0
"SaipanLadtgL3","Saipan","Ladtg","L3","y","r",1,0,"Apoidea",4
"SaipanLadtgL3","Saipan","Ladtg","L3","y","r",1,0,"Crabronidae",2
"SaipanLadtgL3","Saipan","Ladtg","L3","y","r",1,0,"Trichoptera",0
"SaipanLadtgL3","Saipan","Ladtg","L3","y","r",1,0,"Diptera",5
"SaipanLadtgL3","Saipan","Ladtg","L3","y","r",1,0,"Lepidoptera",9
"SaipanLadtgL3","Saipan","Ladtg","L3","y","r",1,0,"Hemiptera",1
"SaipanLadtgL3","Saipan","Ladtg","L3","y","r",1,0,"Blattodea",0
"SaipanLadtgL3","Saipan","Ladtg","L3","y","b",2,0,"Coleoptera",0
"SaipanLadtgL3","Saipan","Ladtg","L3","y","b",2,0,"Araneae",0
"SaipanLadtgL3","Saipan","Ladtg","L3","y","b",2,0,"Formicidae",0
"SaipanLadtgL3","Saipan","Ladtg","L3","y","b",2,0,"Isoptera",0
"SaipanLadtgL3","Saipan","Ladtg","L3","y","b",2,0,"Apoidea",4
"SaipanLadtgL3","Saipan","Ladtg","L3","y","b",2,0,"Crabronidae",0
"SaipanLadtgL3","Saipan","Ladtg","L3","y","b",2,0,"Trichoptera",2
"SaipanLadtgL3","Saipan","Ladtg","L3","y","b",2,0,"Diptera",5
"SaipanLadtgL3","Saipan","Ladtg","L3","y","b",2,0,"Lepidoptera",7
"SaipanLadtgL3","Saipan","Ladtg","L3","y","b",2,0,"Hemiptera",0
"SaipanLadtgL3","Saipan","Ladtg","L3","y","b",2,0,"Blattodea",0
"SaipanLadtgL3","Saipan","Ladtg","L3","w","y",0,0,"Coleoptera",0
"SaipanLadtgL3","Saipan","Ladtg","L3","w","y",0,0,"Araneae",0
"SaipanLadtgL3","Saipan","Ladtg","L3","w","y",0,0,"Formicidae",1
"SaipanLadtgL3","Saipan","Ladtg","L3","w","y",0,0,"Isoptera",1
"SaipanLadtgL3","Saipan","Ladtg","L3","w","y",0,0,"Apoidea",1
"SaipanLadtgL3","Saipan","Ladtg","L3","w","y",0,0,"Crabronidae",0
"SaipanLadtgL3","Saipan","Ladtg","L3","w","y",0,0,"Trichoptera",0
"SaipanLadtgL3","Saipan","Ladtg","L3","w","y",0,0,"Diptera",2
"SaipanLadtgL3","Saipan","Ladtg","L3","w","y",0,0,"Lepidoptera",3
"SaipanLadtgL3","Saipan","Ladtg","L3","w","y",0,0,"Hemiptera",1
"SaipanLadtgL3","Saipan","Ladtg","L3","w","y",0,0,"Blattodea",0
"SaipanLadtgL3","Saipan","Ladtg","L3","y","w",0,0,"Coleoptera",1
"SaipanLadtgL3","Saipan","Ladtg","L3","y","w",0,0,"Araneae",0
"SaipanLadtgL3","Saipan","Ladtg","L3","y","w",0,0,"Formicidae",0
"SaipanLadtgL3","Saipan","Ladtg","L3","y","w",0,0,"Isoptera",1
"SaipanLadtgL3","Saipan","Ladtg","L3","y","w",0,0,"Apoidea",1
"SaipanLadtgL3","Saipan","Ladtg","L3","y","w",0,0,"Crabronidae",0
"SaipanLadtgL3","Saipan","Ladtg","L3","y","w",0,0,"Trichoptera",1
"SaipanLadtgL3","Saipan","Ladtg","L3","y","w",0,0,"Diptera",9
"SaipanLadtgL3","Saipan","Ladtg","L3","y","w",0,0,"Lepidoptera",15
"SaipanLadtgL3","Saipan","Ladtg","L3","y","w",0,0,"Hemiptera",0
"SaipanLadtgL3","Saipan","Ladtg","L3","y","w",0,0,"Blattodea",0
"SaipanLadtgL3","Saipan","Ladtg","L3","w","r",0,0,"Coleoptera",2
"SaipanLadtgL3","Saipan","Ladtg","L3","w","r",0,0,"Araneae",1
"SaipanLadtgL3","Saipan","Ladtg","L3","w","r",0,0,"Formicidae",0
"SaipanLadtgL3","Saipan","Ladtg","L3","w","r",0,0,"Isoptera",0
"SaipanLadtgL3","Saipan","Ladtg","L3","w","r",0,0,"Apoidea",1
"SaipanLadtgL3","Saipan","Ladtg","L3","w","r",0,0,"Crabronidae",0
"SaipanLadtgL3","Saipan","Ladtg","L3","w","r",0,0,"Trichoptera",0
"SaipanLadtgL3","Saipan","Ladtg","L3","w","r",0,0,"Diptera",3
"SaipanLadtgL3","Saipan","Ladtg","L3","w","r",0,0,"Lepidoptera",13
"SaipanLadtgL3","Saipan","Ladtg","L3","w","r",0,0,"Hemiptera",0
"SaipanLadtgL3","Saipan","Ladtg","L3","w","r",0,0,"Blattodea",0
"SaipanLadtgL3","Saipan","Ladtg","L3","w","w",0,0,"Coleoptera",0
"SaipanLadtgL3","Saipan","Ladtg","L3","w","w",0,0,"Araneae",0
"SaipanLadtgL3","Saipan","Ladtg","L3","w","w",0,0,"Formicidae",0
"SaipanLadtgL3","Saipan","Ladtg","L3","w","w",0,0,"Isoptera",0
"SaipanLadtgL3","Saipan","Ladtg","L3","w","w",0,0,"Apoidea",8
"SaipanLadtgL3","Saipan","Ladtg","L3","w","w",0,0,"Crabronidae",0
"SaipanLadtgL3","Saipan","Ladtg","L3","w","w",0,0,"Trichoptera",0
"SaipanLadtgL3","Saipan","Ladtg","L3","w","w",0,0,"Diptera",4
"SaipanLadtgL3","Saipan","Ladtg","L3","w","w",0,0,"Lepidoptera",2
"SaipanLadtgL3","Saipan","Ladtg","L3","w","w",0,0,"Hemiptera",0
"SaipanLadtgL3","Saipan","Ladtg","L3","w","w",0,0,"Blattodea",0
"SaipanLadtgL3","Saipan","Ladtg","L3","w","b",0,0,"Coleoptera",1
"SaipanLadtgL3","Saipan","Ladtg","L3","w","b",0,0,"Araneae",1
"SaipanLadtgL3","Saipan","Ladtg","L3","w","b",0,0,"Formicidae",1
"SaipanLadtgL3","Saipan","Ladtg","L3","w","b",0,0,"Isoptera",0
"SaipanLadtgL3","Saipan","Ladtg","L3","w","b",0,0,"Apoidea",2
"SaipanLadtgL3","Saipan","Ladtg","L3","w","b",0,0,"Crabronidae",0
"SaipanLadtgL3","Saipan","Ladtg","L3","w","b",0,0,"Trichoptera",0
"SaipanLadtgL3","Saipan","Ladtg","L3","w","b",0,0,"Diptera",4
"SaipanLadtgL3","Saipan","Ladtg","L3","w","b",0,0,"Lepidoptera",2
"SaipanLadtgL3","Saipan","Ladtg","L3","w","b",0,0,"Hemiptera",0
"SaipanLadtgL3","Saipan","Ladtg","L3","w","b",0,0,"Blattodea",1
"SaipanLADTGL2","Saipan","LADTG","L2","b","y",0,0,"Coleoptera",2
"SaipanLADTGL2","Saipan","LADTG","L2","b","y",0,0,"Araneae",0
"SaipanLADTGL2","Saipan","LADTG","L2","b","y",0,0,"Formicidae",1
"SaipanLADTGL2","Saipan","LADTG","L2","b","y",0,0,"Isoptera",0
"SaipanLADTGL2","Saipan","LADTG","L2","b","y",0,0,"Apoidea",2
"SaipanLADTGL2","Saipan","LADTG","L2","b","y",0,0,"Crabronidae",0
"SaipanLADTGL2","Saipan","LADTG","L2","b","y",0,0,"Trichoptera",0
"SaipanLADTGL2","Saipan","LADTG","L2","b","y",0,0,"Diptera",1
"SaipanLADTGL2","Saipan","LADTG","L2","b","y",0,0,"Lepidoptera",2
"SaipanLADTGL2","Saipan","LADTG","L2","b","y",0,0,"Hemiptera",1
"SaipanLADTGL2","Saipan","LADTG","L2","b","y",0,0,"Blattodea",0
"SaipanLADTGL2","Saipan","LADTG","L2","b","b",0,0,"Coleoptera",0
"SaipanLADTGL2","Saipan","LADTG","L2","b","b",0,0,"Araneae",0
"SaipanLADTGL2","Saipan","LADTG","L2","b","b",0,0,"Formicidae",0
"SaipanLADTGL2","Saipan","LADTG","L2","b","b",0,0,"Isoptera",0
"SaipanLADTGL2","Saipan","LADTG","L2","b","b",0,0,"Apoidea",0
"SaipanLADTGL2","Saipan","LADTG","L2","b","b",0,0,"Crabronidae",0
"SaipanLADTGL2","Saipan","LADTG","L2","b","b",0,0,"Trichoptera",0
"SaipanLADTGL2","Saipan","LADTG","L2","b","b",0,0,"Diptera",5
"SaipanLADTGL2","Saipan","LADTG","L2","b","b",0,0,"Lepidoptera",1
"SaipanLADTGL2","Saipan","LADTG","L2","b","b",0,0,"Hemiptera",3
"SaipanLADTGL2","Saipan","LADTG","L2","b","b",0,0,"Blattodea",0
"SaipanLADTGL2","Saipan","LADTG","L2","r","b",0,0,"Coleoptera",1
"SaipanLADTGL2","Saipan","LADTG","L2","r","b",0,0,"Araneae",0
"SaipanLADTGL2","Saipan","LADTG","L2","r","b",0,0,"Formicidae",1
"SaipanLADTGL2","Saipan","LADTG","L2","r","b",0,0,"Isoptera",0
"SaipanLADTGL2","Saipan","LADTG","L2","r","b",0,0,"Apoidea",0
"SaipanLADTGL2","Saipan","LADTG","L2","r","b",0,0,"Crabronidae",0
"SaipanLADTGL2","Saipan","LADTG","L2","r","b",0,0,"Trichoptera",1
"SaipanLADTGL2","Saipan","LADTG","L2","r","b",0,0,"Diptera",3
"SaipanLADTGL2","Saipan","LADTG","L2","r","b",0,0,"Lepidoptera",0
"SaipanLADTGL2","Saipan","LADTG","L2","r","b",0,0,"Hemiptera",0
"SaipanLADTGL2","Saipan","LADTG","L2","r","b",0,0,"Blattodea",0
"SaipanLADTGL2","Saipan","LADTG","L2","y","y",0,0,"Coleoptera",0
"SaipanLADTGL2","Saipan","LADTG","L2","y","y",0,0,"Araneae",0
"SaipanLADTGL2","Saipan","LADTG","L2","y","y",0,0,"Formicidae",1
"SaipanLADTGL2","Saipan","LADTG","L2","y","y",0,0,"Isoptera",0
"SaipanLADTGL2","Saipan","LADTG","L2","y","y",0,0,"Apoidea",0
"SaipanLADTGL2","Saipan","LADTG","L2","y","y",0,0,"Crabronidae",0
"SaipanLADTGL2","Saipan","LADTG","L2","y","y",0,0,"Trichoptera",0
"SaipanLADTGL2","Saipan","LADTG","L2","y","y",0,0,"Diptera",4
"SaipanLADTGL2","Saipan","LADTG","L2","y","y",0,0,"Lepidoptera",1
"SaipanLADTGL2","Saipan","LADTG","L2","y","y",0,0,"Hemiptera",4
"SaipanLADTGL2","Saipan","LADTG","L2","y","y",0,0,"Blattodea",0
"SaipanLADTGL2","Saipan","LADTG","L2","b","r",0,0,"Coleoptera",0
"SaipanLADTGL2","Saipan","LADTG","L2","b","r",0,0,"Araneae",0
"SaipanLADTGL2","Saipan","LADTG","L2","b","r",0,0,"Formicidae",1
"SaipanLADTGL2","Saipan","LADTG","L2","b","r",0,0,"Isoptera",0
"SaipanLADTGL2","Saipan","LADTG","L2","b","r",0,0,"Apoidea",1
"SaipanLADTGL2","Saipan","LADTG","L2","b","r",0,0,"Crabronidae",0
"SaipanLADTGL2","Saipan","LADTG","L2","b","r",0,0,"Trichoptera",0
"SaipanLADTGL2","Saipan","LADTG","L2","b","r",0,0,"Diptera",2
"SaipanLADTGL2","Saipan","LADTG","L2","b","r",0,0,"Lepidoptera",0
"SaipanLADTGL2","Saipan","LADTG","L2","b","r",0,0,"Hemiptera",0
"SaipanLADTGL2","Saipan","LADTG","L2","b","r",0,0,"Blattodea",0
"SaipanLADTGL2","Saipan","LADTG","L2","r","w",1,0,"Coleoptera",0
"SaipanLADTGL2","Saipan","LADTG","L2","r","w",1,0,"Araneae",0
"SaipanLADTGL2","Saipan","LADTG","L2","r","w",1,0,"Formicidae",0
"SaipanLADTGL2","Saipan","LADTG","L2","r","w",1,0,"Isoptera",0
"SaipanLADTGL2","Saipan","LADTG","L2","r","w",1,0,"Apoidea",1
"SaipanLADTGL2","Saipan","LADTG","L2","r","w",1,0,"Crabronidae",0
"SaipanLADTGL2","Saipan","LADTG","L2","r","w",1,0,"Trichoptera",0
"SaipanLADTGL2","Saipan","LADTG","L2","r","w",1,0,"Diptera",1
"SaipanLADTGL2","Saipan","LADTG","L2","r","w",1,0,"Lepidoptera",2
"SaipanLADTGL2","Saipan","LADTG","L2","r","w",1,0,"Hemiptera",0
"SaipanLADTGL2","Saipan","LADTG","L2","r","w",1,0,"Blattodea",0
"SaipanLADTGL2","Saipan","LADTG","L2","w","y",0,0,"Coleoptera",4
"SaipanLADTGL2","Saipan","LADTG","L2","w","y",0,0,"Araneae",0
"SaipanLADTGL2","Saipan","LADTG","L2","w","y",0,0,"Formicidae",0
"SaipanLADTGL2","Saipan","LADTG","L2","w","y",0,0,"Isoptera",0
"SaipanLADTGL2","Saipan","LADTG","L2","w","y",0,0,"Apoidea",0
"SaipanLADTGL2","Saipan","LADTG","L2","w","y",0,0,"Crabronidae",0
"SaipanLADTGL2","Saipan","LADTG","L2","w","y",0,0,"Trichoptera",0
"SaipanLADTGL2","Saipan","LADTG","L2","w","y",0,0,"Diptera",2
"SaipanLADTGL2","Saipan","LADTG","L2","w","y",0,0,"Lepidoptera",0
"SaipanLADTGL2","Saipan","LADTG","L2","w","y",0,0,"Hemiptera",1
"SaipanLADTGL2","Saipan","LADTG","L2","w","y",0,0,"Blattodea",0
"SaipanLADTGL2","Saipan","LADTG","L2","b","w",0,0,"Coleoptera",0
"SaipanLADTGL2","Saipan","LADTG","L2","b","w",0,0,"Araneae",0
"SaipanLADTGL2","Saipan","LADTG","L2","b","w",0,0,"Formicidae",1
"SaipanLADTGL2","Saipan","LADTG","L2","b","w",0,0,"Isoptera",0
"SaipanLADTGL2","Saipan","LADTG","L2","b","w",0,0,"Apoidea",0
"SaipanLADTGL2","Saipan","LADTG","L2","b","w",0,0,"Crabronidae",0
"SaipanLADTGL2","Saipan","LADTG","L2","b","w",0,0,"Trichoptera",0
"SaipanLADTGL2","Saipan","LADTG","L2","b","w",0,0,"Diptera",5
"SaipanLADTGL2","Saipan","LADTG","L2","b","w",0,0,"Lepidoptera",1
"SaipanLADTGL2","Saipan","LADTG","L2","b","w",0,0,"Hemiptera",1
"SaipanLADTGL2","Saipan","LADTG","L2","b","w",0,0,"Blattodea",0
"SaipanLADTGL2","Saipan","LADTG","L2","y","b",0,0,"Coleoptera",0
"SaipanLADTGL2","Saipan","LADTG","L2","y","b",0,0,"Araneae",0
"SaipanLADTGL2","Saipan","LADTG","L2","y","b",0,0,"Formicidae",0
"SaipanLADTGL2","Saipan","LADTG","L2","y","b",0,0,"Isoptera",0
"SaipanLADTGL2","Saipan","LADTG","L2","y","b",0,0,"Apoidea",0
"SaipanLADTGL2","Saipan","LADTG","L2","y","b",0,0,"Crabronidae",0
"SaipanLADTGL2","Saipan","LADTG","L2","y","b",0,0,"Trichoptera",1
"SaipanLADTGL2","Saipan","LADTG","L2","y","b",0,0,"Diptera",2
"SaipanLADTGL2","Saipan","LADTG","L2","y","b",0,0,"Lepidoptera",0
"SaipanLADTGL2","Saipan","LADTG","L2","y","b",0,0,"Hemiptera",1
"SaipanLADTGL2","Saipan","LADTG","L2","y","b",0,0,"Blattodea",0
"SaipanLADTGL2","Saipan","LADTG","L2","y","w",0,0,"Coleoptera",0
"SaipanLADTGL2","Saipan","LADTG","L2","y","w",0,0,"Araneae",0
"SaipanLADTGL2","Saipan","LADTG","L2","y","w",0,0,"Formicidae",0
"SaipanLADTGL2","Saipan","LADTG","L2","y","w",0,0,"Isoptera",0
"SaipanLADTGL2","Saipan","LADTG","L2","y","w",0,0,"Apoidea",2
"SaipanLADTGL2","Saipan","LADTG","L2","y","w",0,0,"Crabronidae",0
"SaipanLADTGL2","Saipan","LADTG","L2","y","w",0,0,"Trichoptera",0
"SaipanLADTGL2","Saipan","LADTG","L2","y","w",0,0,"Diptera",1
"SaipanLADTGL2","Saipan","LADTG","L2","y","w",0,0,"Lepidoptera",2
"SaipanLADTGL2","Saipan","LADTG","L2","y","w",0,0,"Hemiptera",0
"SaipanLADTGL2","Saipan","LADTG","L2","y","w",0,0,"Blattodea",0
"SaipanLADTGL2","Saipan","LADTG","L2","w","r",0,0,"Coleoptera",0
"SaipanLADTGL2","Saipan","LADTG","L2","w","r",0,0,"Araneae",0
"SaipanLADTGL2","Saipan","LADTG","L2","w","r",0,0,"Formicidae",0
"SaipanLADTGL2","Saipan","LADTG","L2","w","r",0,0,"Isoptera",0
"SaipanLADTGL2","Saipan","LADTG","L2","w","r",0,0,"Apoidea",0
"SaipanLADTGL2","Saipan","LADTG","L2","w","r",0,0,"Crabronidae",0
"SaipanLADTGL2","Saipan","LADTG","L2","w","r",0,0,"Trichoptera",0
"SaipanLADTGL2","Saipan","LADTG","L2","w","r",0,0,"Diptera",3
"SaipanLADTGL2","Saipan","LADTG","L2","w","r",0,0,"Lepidoptera",0
"SaipanLADTGL2","Saipan","LADTG","L2","w","r",0,0,"Hemiptera",2
"SaipanLADTGL2","Saipan","LADTG","L2","w","r",0,0,"Blattodea",0
"SaipanLADTGL2","Saipan","LADTG","L2","w","b",0,0,"Coleoptera",0
"SaipanLADTGL2","Saipan","LADTG","L2","w","b",0,0,"Araneae",0
"SaipanLADTGL2","Saipan","LADTG","L2","w","b",0,0,"Formicidae",1
"SaipanLADTGL2","Saipan","LADTG","L2","w","b",0,0,"Isoptera",0
"SaipanLADTGL2","Saipan","LADTG","L2","w","b",0,0,"Apoidea",5
"SaipanLADTGL2","Saipan","LADTG","L2","w","b",0,0,"Crabronidae",0
"SaipanLADTGL2","Saipan","LADTG","L2","w","b",0,0,"Trichoptera",0
"SaipanLADTGL2","Saipan","LADTG","L2","w","b",0,0,"Diptera",5
"SaipanLADTGL2","Saipan","LADTG","L2","w","b",0,0,"Lepidoptera",0
"SaipanLADTGL2","Saipan","LADTG","L2","w","b",0,0,"Hemiptera",0
"SaipanLADTGL2","Saipan","LADTG","L2","w","b",0,0,"Blattodea",0
"SaipanLADTGL2","Saipan","LADTG","L2","r","y",0,0,"Coleoptera",2
"SaipanLADTGL2","Saipan","LADTG","L2","r","y",0,0,"Araneae",0
"SaipanLADTGL2","Saipan","LADTG","L2","r","y",0,0,"Formicidae",1
"SaipanLADTGL2","Saipan","LADTG","L2","r","y",0,0,"Isoptera",0
"SaipanLADTGL2","Saipan","LADTG","L2","r","y",0,0,"Apoidea",2
"SaipanLADTGL2","Saipan","LADTG","L2","r","y",0,0,"Crabronidae",0
"SaipanLADTGL2","Saipan","LADTG","L2","r","y",0,0,"Trichoptera",0
"SaipanLADTGL2","Saipan","LADTG","L2","r","y",0,0,"Diptera",2
"SaipanLADTGL2","Saipan","LADTG","L2","r","y",0,0,"Lepidoptera",1
"SaipanLADTGL2","Saipan","LADTG","L2","r","y",0,0,"Hemiptera",3
"SaipanLADTGL2","Saipan","LADTG","L2","r","y",0,0,"Blattodea",0
"SaipanLADTGL2","Saipan","LADTG","L2","w","w",0,0,"Coleoptera",0
"SaipanLADTGL2","Saipan","LADTG","L2","w","w",0,0,"Araneae",1
"SaipanLADTGL2","Saipan","LADTG","L2","w","w",0,0,"Formicidae",0
"SaipanLADTGL2","Saipan","LADTG","L2","w","w",0,0,"Isoptera",0
"SaipanLADTGL2","Saipan","LADTG","L2","w","w",0,0,"Apoidea",0
"SaipanLADTGL2","Saipan","LADTG","L2","w","w",0,0,"Crabronidae",0
"SaipanLADTGL2","Saipan","LADTG","L2","w","w",0,0,"Trichoptera",0
"SaipanLADTGL2","Saipan","LADTG","L2","w","w",0,0,"Diptera",2
"SaipanLADTGL2","Saipan","LADTG","L2","w","w",0,0,"Lepidoptera",0
"SaipanLADTGL2","Saipan","LADTG","L2","w","w",0,0,"Hemiptera",0
"SaipanLADTGL2","Saipan","LADTG","L2","w","w",0,0,"Blattodea",0
"SaipanLADTGL2","Saipan","LADTG","L2","r","r",0,0,"Coleoptera",0
"SaipanLADTGL2","Saipan","LADTG","L2","r","r",0,0,"Araneae",0
"SaipanLADTGL2","Saipan","LADTG","L2","r","r",0,0,"Formicidae",1
"SaipanLADTGL2","Saipan","LADTG","L2","r","r",0,0,"Isoptera",1
"SaipanLADTGL2","Saipan","LADTG","L2","r","r",0,0,"Apoidea",3
"SaipanLADTGL2","Saipan","LADTG","L2","r","r",0,0,"Crabronidae",0
"SaipanLADTGL2","Saipan","LADTG","L2","r","r",0,0,"Trichoptera",0
"SaipanLADTGL2","Saipan","LADTG","L2","r","r",0,0,"Diptera",1
"SaipanLADTGL2","Saipan","LADTG","L2","r","r",0,0,"Lepidoptera",1
"SaipanLADTGL2","Saipan","LADTG","L2","r","r",0,0,"Hemiptera",4
"SaipanLADTGL2","Saipan","LADTG","L2","r","r",0,0,"Blattodea",0
"SaipanLADTGL2","Saipan","LADTG","L2","y","r",0,0,"Coleoptera",0
"SaipanLADTGL2","Saipan","LADTG","L2","y","r",0,0,"Araneae",0
"SaipanLADTGL2","Saipan","LADTG","L2","y","r",0,0,"Formicidae",0
"SaipanLADTGL2","Saipan","LADTG","L2","y","r",0,0,"Isoptera",0
"SaipanLADTGL2","Saipan","LADTG","L2","y","r",0,0,"Apoidea",0
"SaipanLADTGL2","Saipan","LADTG","L2","y","r",0,0,"Crabronidae",0
"SaipanLADTGL2","Saipan","LADTG","L2","y","r",0,0,"Trichoptera",0
"SaipanLADTGL2","Saipan","LADTG","L2","y","r",0,0,"Diptera",1
"SaipanLADTGL2","Saipan","LADTG","L2","y","r",0,0,"Lepidoptera",2
"SaipanLADTGL2","Saipan","LADTG","L2","y","r",0,0,"Hemiptera",0
"SaipanLADTGL2","Saipan","LADTG","L2","y","r",0,0,"Blattodea",0
"SaipanMTRLL1","Saipan","MTRL","L1","w","y",0,0,"Coleoptera",0
"SaipanMTRLL1","Saipan","MTRL","L1","w","y",0,0,"Araneae",0
"SaipanMTRLL1","Saipan","MTRL","L1","w","y",0,0,"Formicidae",1
"SaipanMTRLL1","Saipan","MTRL","L1","w","y",0,0,"Isoptera",0
"SaipanMTRLL1","Saipan","MTRL","L1","w","y",0,0,"Apoidea",2
"SaipanMTRLL1","Saipan","MTRL","L1","w","y",0,0,"Crabronidae",1
"SaipanMTRLL1","Saipan","MTRL","L1","w","y",0,0,"Trichoptera",0
"SaipanMTRLL1","Saipan","MTRL","L1","w","y",0,0,"Diptera",2
"SaipanMTRLL1","Saipan","MTRL","L1","w","y",0,0,"Lepidoptera",3
"SaipanMTRLL1","Saipan","MTRL","L1","w","y",0,0,"Hemiptera",0
"SaipanMTRLL1","Saipan","MTRL","L1","w","y",0,0,"Blattodea",0
"SaipanMTRLL1","Saipan","MTRL","L1","w","b",0,0,"Coleoptera",0
"SaipanMTRLL1","Saipan","MTRL","L1","w","b",0,0,"Araneae",0
"SaipanMTRLL1","Saipan","MTRL","L1","w","b",0,0,"Formicidae",0
"SaipanMTRLL1","Saipan","MTRL","L1","w","b",0,0,"Isoptera",0
"SaipanMTRLL1","Saipan","MTRL","L1","w","b",0,0,"Apoidea",1
"SaipanMTRLL1","Saipan","MTRL","L1","w","b",0,0,"Crabronidae",0
"SaipanMTRLL1","Saipan","MTRL","L1","w","b",0,0,"Trichoptera",0
"SaipanMTRLL1","Saipan","MTRL","L1","w","b",0,0,"Diptera",4
"SaipanMTRLL1","Saipan","MTRL","L1","w","b",0,0,"Lepidoptera",0
"SaipanMTRLL1","Saipan","MTRL","L1","w","b",0,0,"Hemiptera",0
"SaipanMTRLL1","Saipan","MTRL","L1","w","b",0,0,"Blattodea",0
"SaipanMTRLL1","Saipan","MTRL","L1","w","w",0,0,"Coleoptera",1
"SaipanMTRLL1","Saipan","MTRL","L1","w","w",0,0,"Araneae",0
"SaipanMTRLL1","Saipan","MTRL","L1","w","w",0,0,"Formicidae",0
"SaipanMTRLL1","Saipan","MTRL","L1","w","w",0,0,"Isoptera",0
"SaipanMTRLL1","Saipan","MTRL","L1","w","w",0,0,"Apoidea",0
"SaipanMTRLL1","Saipan","MTRL","L1","w","w",0,0,"Crabronidae",0
"SaipanMTRLL1","Saipan","MTRL","L1","w","w",0,0,"Trichoptera",0
"SaipanMTRLL1","Saipan","MTRL","L1","w","w",0,0,"Diptera",12
"SaipanMTRLL1","Saipan","MTRL","L1","w","w",0,0,"Lepidoptera",1
"SaipanMTRLL1","Saipan","MTRL","L1","w","w",0,0,"Hemiptera",1
"SaipanMTRLL1","Saipan","MTRL","L1","w","w",0,0,"Blattodea",0
"SaipanMTRLL1","Saipan","MTRL","L1","w","r",0,0,"Coleoptera",0
"SaipanMTRLL1","Saipan","MTRL","L1","w","r",0,0,"Araneae",0
"SaipanMTRLL1","Saipan","MTRL","L1","w","r",0,0,"Formicidae",0
"SaipanMTRLL1","Saipan","MTRL","L1","w","r",0,0,"Isoptera",0
"SaipanMTRLL1","Saipan","MTRL","L1","w","r",0,0,"Apoidea",0
"SaipanMTRLL1","Saipan","MTRL","L1","w","r",0,0,"Crabronidae",0
"SaipanMTRLL1","Saipan","MTRL","L1","w","r",0,0,"Trichoptera",0
"SaipanMTRLL1","Saipan","MTRL","L1","w","r",0,0,"Diptera",1
"SaipanMTRLL1","Saipan","MTRL","L1","w","r",0,0,"Lepidoptera",4
"SaipanMTRLL1","Saipan","MTRL","L1","w","r",0,0,"Hemiptera",0
"SaipanMTRLL1","Saipan","MTRL","L1","w","r",0,0,"Blattodea",0
"SaipanMTRLL1","Saipan","MTRL","L1","r","y",0,0,"Coleoptera",0
"SaipanMTRLL1","Saipan","MTRL","L1","r","y",0,0,"Araneae",0
"SaipanMTRLL1","Saipan","MTRL","L1","r","y",0,0,"Formicidae",0
"SaipanMTRLL1","Saipan","MTRL","L1","r","y",0,0,"Isoptera",0
"SaipanMTRLL1","Saipan","MTRL","L1","r","y",0,0,"Apoidea",2
"SaipanMTRLL1","Saipan","MTRL","L1","r","y",0,0,"Crabronidae",1
"SaipanMTRLL1","Saipan","MTRL","L1","r","y",0,0,"Trichoptera",0
"SaipanMTRLL1","Saipan","MTRL","L1","r","y",0,0,"Diptera",0
"SaipanMTRLL1","Saipan","MTRL","L1","r","y",0,0,"Lepidoptera",0
"SaipanMTRLL1","Saipan","MTRL","L1","r","y",0,0,"Hemiptera",2
"SaipanMTRLL1","Saipan","MTRL","L1","r","y",0,0,"Blattodea",0
"SaipanMTRLL1","Saipan","MTRL","L1","r","b",0,0,"Coleoptera",0
"SaipanMTRLL1","Saipan","MTRL","L1","r","b",0,0,"Araneae",0
"SaipanMTRLL1","Saipan","MTRL","L1","r","b",0,0,"Formicidae",0
"SaipanMTRLL1","Saipan","MTRL","L1","r","b",0,0,"Isoptera",0
"SaipanMTRLL1","Saipan","MTRL","L1","r","b",0,0,"Apoidea",3
"SaipanMTRLL1","Saipan","MTRL","L1","r","b",0,0,"Crabronidae",0
"SaipanMTRLL1","Saipan","MTRL","L1","r","b",0,0,"Trichoptera",0
"SaipanMTRLL1","Saipan","MTRL","L1","r","b",0,0,"Diptera",1
"SaipanMTRLL1","Saipan","MTRL","L1","r","b",0,0,"Lepidoptera",1
"SaipanMTRLL1","Saipan","MTRL","L1","r","b",0,0,"Hemiptera",0
"SaipanMTRLL1","Saipan","MTRL","L1","r","b",0,0,"Blattodea",0
"SaipanMTRLL1","Saipan","MTRL","L1","r","w",0,1,"Coleoptera",0
"SaipanMTRLL1","Saipan","MTRL","L1","r","w",0,1,"Araneae",0
"SaipanMTRLL1","Saipan","MTRL","L1","r","w",0,1,"Formicidae",0
"SaipanMTRLL1","Saipan","MTRL","L1","r","w",0,1,"Isoptera",0
"SaipanMTRLL1","Saipan","MTRL","L1","r","w",0,1,"Apoidea",0
"SaipanMTRLL1","Saipan","MTRL","L1","r","w",0,1,"Crabronidae",0
"SaipanMTRLL1","Saipan","MTRL","L1","r","w",0,1,"Trichoptera",0
"SaipanMTRLL1","Saipan","MTRL","L1","r","w",0,1,"Diptera",1
"SaipanMTRLL1","Saipan","MTRL","L1","r","w",0,1,"Lepidoptera",4
"SaipanMTRLL1","Saipan","MTRL","L1","r","w",0,1,"Hemiptera",0
"SaipanMTRLL1","Saipan","MTRL","L1","r","w",0,1,"Blattodea",0
"SaipanMTRLL1","Saipan","MTRL","L1","r","r",0,0,"Coleoptera",1
"SaipanMTRLL1","Saipan","MTRL","L1","r","r",0,0,"Araneae",1
"SaipanMTRLL1","Saipan","MTRL","L1","r","r",0,0,"Formicidae",0
"SaipanMTRLL1","Saipan","MTRL","L1","r","r",0,0,"Isoptera",0
"SaipanMTRLL1","Saipan","MTRL","L1","r","r",0,0,"Apoidea",0
"SaipanMTRLL1","Saipan","MTRL","L1","r","r",0,0,"Crabronidae",0
"SaipanMTRLL1","Saipan","MTRL","L1","r","r",0,0,"Trichoptera",0
"SaipanMTRLL1","Saipan","MTRL","L1","r","r",0,0,"Diptera",2
"SaipanMTRLL1","Saipan","MTRL","L1","r","r",0,0,"Lepidoptera",1
"SaipanMTRLL1","Saipan","MTRL","L1","r","r",0,0,"Hemiptera",0
"SaipanMTRLL1","Saipan","MTRL","L1","r","r",0,0,"Blattodea",0
"SaipanMTRLL1","Saipan","MTRL","L1","b","b",0,0,"Coleoptera",1
"SaipanMTRLL1","Saipan","MTRL","L1","b","b",0,0,"Araneae",0
"SaipanMTRLL1","Saipan","MTRL","L1","b","b",0,0,"Formicidae",0
"SaipanMTRLL1","Saipan","MTRL","L1","b","b",0,0,"Isoptera",0
"SaipanMTRLL1","Saipan","MTRL","L1","b","b",0,0,"Apoidea",0
"SaipanMTRLL1","Saipan","MTRL","L1","b","b",0,0,"Crabronidae",0
"SaipanMTRLL1","Saipan","MTRL","L1","b","b",0,0,"Trichoptera",0
"SaipanMTRLL1","Saipan","MTRL","L1","b","b",0,0,"Diptera",7
"SaipanMTRLL1","Saipan","MTRL","L1","b","b",0,0,"Lepidoptera",0
"SaipanMTRLL1","Saipan","MTRL","L1","b","b",0,0,"Hemiptera",0
"SaipanMTRLL1","Saipan","MTRL","L1","b","b",0,0,"Blattodea",0
"SaipanMTRLL1","Saipan","MTRL","L1","b","w",0,0,"Coleoptera",0
"SaipanMTRLL1","Saipan","MTRL","L1","b","w",0,0,"Araneae",0
"SaipanMTRLL1","Saipan","MTRL","L1","b","w",0,0,"Formicidae",0
"SaipanMTRLL1","Saipan","MTRL","L1","b","w",0,0,"Isoptera",0
"SaipanMTRLL1","Saipan","MTRL","L1","b","w",0,0,"Apoidea",0
"SaipanMTRLL1","Saipan","MTRL","L1","b","w",0,0,"Crabronidae",1
"SaipanMTRLL1","Saipan","MTRL","L1","b","w",0,0,"Trichoptera",0
"SaipanMTRLL1","Saipan","MTRL","L1","b","w",0,0,"Diptera",12
"SaipanMTRLL1","Saipan","MTRL","L1","b","w",0,0,"Lepidoptera",0
"SaipanMTRLL1","Saipan","MTRL","L1","b","w",0,0,"Hemiptera",0
"SaipanMTRLL1","Saipan","MTRL","L1","b","w",0,0,"Blattodea",0
"SaipanMTRLL1","Saipan","MTRL","L1","b","r",0,0,"Coleoptera",0
"SaipanMTRLL1","Saipan","MTRL","L1","b","r",0,0,"Araneae",1
"SaipanMTRLL1","Saipan","MTRL","L1","b","r",0,0,"Formicidae",0
"SaipanMTRLL1","Saipan","MTRL","L1","b","r",0,0,"Isoptera",0
"SaipanMTRLL1","Saipan","MTRL","L1","b","r",0,0,"Apoidea",1
"SaipanMTRLL1","Saipan","MTRL","L1","b","r",0,0,"Crabronidae",0
"SaipanMTRLL1","Saipan","MTRL","L1","b","r",0,0,"Trichoptera",0
"SaipanMTRLL1","Saipan","MTRL","L1","b","r",0,0,"Diptera",2
"SaipanMTRLL1","Saipan","MTRL","L1","b","r",0,0,"Lepidoptera",1
"SaipanMTRLL1","Saipan","MTRL","L1","b","r",0,0,"Hemiptera",0
"SaipanMTRLL1","Saipan","MTRL","L1","b","r",0,0,"Blattodea",0
"SaipanMTRLL1","Saipan","MTRL","L1","b","y",0,0,"Coleoptera",1
"SaipanMTRLL1","Saipan","MTRL","L1","b","y",0,0,"Araneae",0
"SaipanMTRLL1","Saipan","MTRL","L1","b","y",0,0,"Formicidae",0
"SaipanMTRLL1","Saipan","MTRL","L1","b","y",0,0,"Isoptera",0
"SaipanMTRLL1","Saipan","MTRL","L1","b","y",0,0,"Apoidea",1
"SaipanMTRLL1","Saipan","MTRL","L1","b","y",0,0,"Crabronidae",0
"SaipanMTRLL1","Saipan","MTRL","L1","b","y",0,0,"Trichoptera",0
"SaipanMTRLL1","Saipan","MTRL","L1","b","y",0,0,"Diptera",9
"SaipanMTRLL1","Saipan","MTRL","L1","b","y",0,0,"Lepidoptera",1
"SaipanMTRLL1","Saipan","MTRL","L1","b","y",0,0,"Hemiptera",0
"SaipanMTRLL1","Saipan","MTRL","L1","b","y",0,0,"Blattodea",0
"SaipanMTRLL1","Saipan","MTRL","L1","y","y",0,0,"Coleoptera",0
"SaipanMTRLL1","Saipan","MTRL","L1","y","y",0,0,"Araneae",1
"SaipanMTRLL1","Saipan","MTRL","L1","y","y",0,0,"Formicidae",1
"SaipanMTRLL1","Saipan","MTRL","L1","y","y",0,0,"Isoptera",0
"SaipanMTRLL1","Saipan","MTRL","L1","y","y",0,0,"Apoidea",3
"SaipanMTRLL1","Saipan","MTRL","L1","y","y",0,0,"Crabronidae",0
"SaipanMTRLL1","Saipan","MTRL","L1","y","y",0,0,"Trichoptera",0
"SaipanMTRLL1","Saipan","MTRL","L1","y","y",0,0,"Diptera",11
"SaipanMTRLL1","Saipan","MTRL","L1","y","y",0,0,"Lepidoptera",0
"SaipanMTRLL1","Saipan","MTRL","L1","y","y",0,0,"Hemiptera",0
"SaipanMTRLL1","Saipan","MTRL","L1","y","y",0,0,"Blattodea",0
"SaipanMTRLL1","Saipan","MTRL","L1","y","b",0,0,"Coleoptera",0
"SaipanMTRLL1","Saipan","MTRL","L1","y","b",0,0,"Araneae",0
"SaipanMTRLL1","Saipan","MTRL","L1","y","b",0,0,"Formicidae",0
"SaipanMTRLL1","Saipan","MTRL","L1","y","b",0,0,"Isoptera",0
"SaipanMTRLL1","Saipan","MTRL","L1","y","b",0,0,"Apoidea",2
"SaipanMTRLL1","Saipan","MTRL","L1","y","b",0,0,"Crabronidae",1
"SaipanMTRLL1","Saipan","MTRL","L1","y","b",0,0,"Trichoptera",0
"SaipanMTRLL1","Saipan","MTRL","L1","y","b",0,0,"Diptera",0
"SaipanMTRLL1","Saipan","MTRL","L1","y","b",0,0,"Lepidoptera",0
"SaipanMTRLL1","Saipan","MTRL","L1","y","b",0,0,"Hemiptera",0
"SaipanMTRLL1","Saipan","MTRL","L1","y","b",0,0,"Blattodea",0
"SaipanMTRLL1","Saipan","MTRL","L1","y","w",0,0,"Coleoptera",1
"SaipanMTRLL1","Saipan","MTRL","L1","y","w",0,0,"Araneae",0
"SaipanMTRLL1","Saipan","MTRL","L1","y","w",0,0,"Formicidae",0
"SaipanMTRLL1","Saipan","MTRL","L1","y","w",0,0,"Isoptera",0
"SaipanMTRLL1","Saipan","MTRL","L1","y","w",0,0,"Apoidea",1
"SaipanMTRLL1","Saipan","MTRL","L1","y","w",0,0,"Crabronidae",0
"SaipanMTRLL1","Saipan","MTRL","L1","y","w",0,0,"Trichoptera",0
"SaipanMTRLL1","Saipan","MTRL","L1","y","w",0,0,"Diptera",2
"SaipanMTRLL1","Saipan","MTRL","L1","y","w",0,0,"Lepidoptera",1
"SaipanMTRLL1","Saipan","MTRL","L1","y","w",0,0,"Hemiptera",0
"SaipanMTRLL1","Saipan","MTRL","L1","y","w",0,0,"Blattodea",0
"SaipanMTRLL1","Saipan","MTRL","L1","y","r",0,0,"Coleoptera",0
"SaipanMTRLL1","Saipan","MTRL","L1","y","r",0,0,"Araneae",0
"SaipanMTRLL1","Saipan","MTRL","L1","y","r",0,0,"Formicidae",0
"SaipanMTRLL1","Saipan","MTRL","L1","y","r",0,0,"Isoptera",1
"SaipanMTRLL1","Saipan","MTRL","L1","y","r",0,0,"Apoidea",0
"SaipanMTRLL1","Saipan","MTRL","L1","y","r",0,0,"Crabronidae",0
"SaipanMTRLL1","Saipan","MTRL","L1","y","r",0,0,"Trichoptera",0
"SaipanMTRLL1","Saipan","MTRL","L1","y","r",0,0,"Diptera",0
"SaipanMTRLL1","Saipan","MTRL","L1","y","r",0,0,"Lepidoptera",1
"SaipanMTRLL1","Saipan","MTRL","L1","y","r",0,0,"Hemiptera",0
"SaipanMTRLL1","Saipan","MTRL","L1","y","r",0,0,"Blattodea",0
"SaipanMTRLL2","Saipan","MTRL","L2","r","r",0,0,"Coleoptera",0
"SaipanMTRLL2","Saipan","MTRL","L2","r","r",0,0,"Araneae",0
"SaipanMTRLL2","Saipan","MTRL","L2","r","r",0,0,"Formicidae",0
"SaipanMTRLL2","Saipan","MTRL","L2","r","r",0,0,"Isoptera",0
"SaipanMTRLL2","Saipan","MTRL","L2","r","r",0,0,"Apoidea",0
"SaipanMTRLL2","Saipan","MTRL","L2","r","r",0,0,"Crabronidae",0
"SaipanMTRLL2","Saipan","MTRL","L2","r","r",0,0,"Trichoptera",0
"SaipanMTRLL2","Saipan","MTRL","L2","r","r",0,0,"Diptera",1
"SaipanMTRLL2","Saipan","MTRL","L2","r","r",0,0,"Lepidoptera",1
"SaipanMTRLL2","Saipan","MTRL","L2","r","r",0,0,"Hemiptera",0
"SaipanMTRLL2","Saipan","MTRL","L2","r","r",0,0,"Blattodea",0
"SaipanMTRLL2","Saipan","MTRL","L2","r","w",0,0,"Coleoptera",0
"SaipanMTRLL2","Saipan","MTRL","L2","r","w",0,0,"Araneae",0
"SaipanMTRLL2","Saipan","MTRL","L2","r","w",0,0,"Formicidae",0
"SaipanMTRLL2","Saipan","MTRL","L2","r","w",0,0,"Isoptera",0
"SaipanMTRLL2","Saipan","MTRL","L2","r","w",0,0,"Apoidea",1
"SaipanMTRLL2","Saipan","MTRL","L2","r","w",0,0,"Crabronidae",0
"SaipanMTRLL2","Saipan","MTRL","L2","r","w",0,0,"Trichoptera",0
"SaipanMTRLL2","Saipan","MTRL","L2","r","w",0,0,"Diptera",3
"SaipanMTRLL2","Saipan","MTRL","L2","r","w",0,0,"Lepidoptera",0
"SaipanMTRLL2","Saipan","MTRL","L2","r","w",0,0,"Hemiptera",1
"SaipanMTRLL2","Saipan","MTRL","L2","r","w",0,0,"Blattodea",0
"SaipanMTRLL2","Saipan","MTRL","L2","r","b",0,0,"Coleoptera",0
"SaipanMTRLL2","Saipan","MTRL","L2","r","b",0,0,"Araneae",0
"SaipanMTRLL2","Saipan","MTRL","L2","r","b",0,0,"Formicidae",0
"SaipanMTRLL2","Saipan","MTRL","L2","r","b",0,0,"Isoptera",0
"SaipanMTRLL2","Saipan","MTRL","L2","r","b",0,0,"Apoidea",0
"SaipanMTRLL2","Saipan","MTRL","L2","r","b",0,0,"Crabronidae",0
"SaipanMTRLL2","Saipan","MTRL","L2","r","b",0,0,"Trichoptera",0
"SaipanMTRLL2","Saipan","MTRL","L2","r","b",0,0,"Diptera",0
"SaipanMTRLL2","Saipan","MTRL","L2","r","b",0,0,"Lepidoptera",1
"SaipanMTRLL2","Saipan","MTRL","L2","r","b",0,0,"Hemiptera",1
"SaipanMTRLL2","Saipan","MTRL","L2","r","b",0,0,"Blattodea",0
"SaipanMTRLL2","Saipan","MTRL","L2","r","y",0,0,"Coleoptera",1
"SaipanMTRLL2","Saipan","MTRL","L2","r","y",0,0,"Araneae",0
"SaipanMTRLL2","Saipan","MTRL","L2","r","y",0,0,"Formicidae",3
"SaipanMTRLL2","Saipan","MTRL","L2","r","y",0,0,"Isoptera",0
"SaipanMTRLL2","Saipan","MTRL","L2","r","y",0,0,"Apoidea",0
"SaipanMTRLL2","Saipan","MTRL","L2","r","y",0,0,"Crabronidae",1
"SaipanMTRLL2","Saipan","MTRL","L2","r","y",0,0,"Trichoptera",0
"SaipanMTRLL2","Saipan","MTRL","L2","r","y",0,0,"Diptera",0
"SaipanMTRLL2","Saipan","MTRL","L2","r","y",0,0,"Lepidoptera",2
"SaipanMTRLL2","Saipan","MTRL","L2","r","y",0,0,"Hemiptera",0
"SaipanMTRLL2","Saipan","MTRL","L2","r","y",0,0,"Blattodea",0
"SaipanMTRLL2","Saipan","MTRL","L2","w","r",0,0,"Coleoptera",1
"SaipanMTRLL2","Saipan","MTRL","L2","w","r",0,0,"Araneae",0
"SaipanMTRLL2","Saipan","MTRL","L2","w","r",0,0,"Formicidae",0
"SaipanMTRLL2","Saipan","MTRL","L2","w","r",0,0,"Isoptera",0
"SaipanMTRLL2","Saipan","MTRL","L2","w","r",0,0,"Apoidea",1
"SaipanMTRLL2","Saipan","MTRL","L2","w","r",0,0,"Crabronidae",0
"SaipanMTRLL2","Saipan","MTRL","L2","w","r",0,0,"Trichoptera",0
"SaipanMTRLL2","Saipan","MTRL","L2","w","r",0,0,"Diptera",1
"SaipanMTRLL2","Saipan","MTRL","L2","w","r",0,0,"Lepidoptera",5
"SaipanMTRLL2","Saipan","MTRL","L2","w","r",0,0,"Hemiptera",2
"SaipanMTRLL2","Saipan","MTRL","L2","w","r",0,0,"Blattodea",0
"SaipanMTRLL2","Saipan","MTRL","L2","y","r",0,0,"Coleoptera",0
"SaipanMTRLL2","Saipan","MTRL","L2","y","r",0,0,"Araneae",0
"SaipanMTRLL2","Saipan","MTRL","L2","y","r",0,0,"Formicidae",0
"SaipanMTRLL2","Saipan","MTRL","L2","y","r",0,0,"Isoptera",0
"SaipanMTRLL2","Saipan","MTRL","L2","y","r",0,0,"Apoidea",1
"SaipanMTRLL2","Saipan","MTRL","L2","y","r",0,0,"Crabronidae",0
"SaipanMTRLL2","Saipan","MTRL","L2","y","r",0,0,"Trichoptera",0
"SaipanMTRLL2","Saipan","MTRL","L2","y","r",0,0,"Diptera",0
"SaipanMTRLL2","Saipan","MTRL","L2","y","r",0,0,"Lepidoptera",5
"SaipanMTRLL2","Saipan","MTRL","L2","y","r",0,0,"Hemiptera",2
"SaipanMTRLL2","Saipan","MTRL","L2","y","r",0,0,"Blattodea",0
"SaipanMTRLL2","Saipan","MTRL","L2","w","w",0,0,"Coleoptera",0
"SaipanMTRLL2","Saipan","MTRL","L2","w","w",0,0,"Araneae",0
"SaipanMTRLL2","Saipan","MTRL","L2","w","w",0,0,"Formicidae",1
"SaipanMTRLL2","Saipan","MTRL","L2","w","w",0,0,"Isoptera",0
"SaipanMTRLL2","Saipan","MTRL","L2","w","w",0,0,"Apoidea",0
"SaipanMTRLL2","Saipan","MTRL","L2","w","w",0,0,"Crabronidae",0
"SaipanMTRLL2","Saipan","MTRL","L2","w","w",0,0,"Trichoptera",0
"SaipanMTRLL2","Saipan","MTRL","L2","w","w",0,0,"Diptera",1
"SaipanMTRLL2","Saipan","MTRL","L2","w","w",0,0,"Lepidoptera",5
"SaipanMTRLL2","Saipan","MTRL","L2","w","w",0,0,"Hemiptera",0
"SaipanMTRLL2","Saipan","MTRL","L2","w","w",0,0,"Blattodea",0
"SaipanMTRLL2","Saipan","MTRL","L2","w","b",0,0,"Coleoptera",0
"SaipanMTRLL2","Saipan","MTRL","L2","w","b",0,0,"Araneae",0
"SaipanMTRLL2","Saipan","MTRL","L2","w","b",0,0,"Formicidae",0
"SaipanMTRLL2","Saipan","MTRL","L2","w","b",0,0,"Isoptera",0
"SaipanMTRLL2","Saipan","MTRL","L2","w","b",0,0,"Apoidea",1
"SaipanMTRLL2","Saipan","MTRL","L2","w","b",0,0,"Crabronidae",0
"SaipanMTRLL2","Saipan","MTRL","L2","w","b",0,0,"Trichoptera",0
"SaipanMTRLL2","Saipan","MTRL","L2","w","b",0,0,"Diptera",2
"SaipanMTRLL2","Saipan","MTRL","L2","w","b",0,0,"Lepidoptera",5
"SaipanMTRLL2","Saipan","MTRL","L2","w","b",0,0,"Hemiptera",1
"SaipanMTRLL2","Saipan","MTRL","L2","w","b",0,0,"Blattodea",0
"SaipanMTRLL2","Saipan","MTRL","L2","b","r",0,0,"Coleoptera",0
"SaipanMTRLL2","Saipan","MTRL","L2","b","r",0,0,"Araneae",0
"SaipanMTRLL2","Saipan","MTRL","L2","b","r",0,0,"Formicidae",0
"SaipanMTRLL2","Saipan","MTRL","L2","b","r",0,0,"Isoptera",0
"SaipanMTRLL2","Saipan","MTRL","L2","b","r",0,0,"Apoidea",1
"SaipanMTRLL2","Saipan","MTRL","L2","b","r",0,0,"Crabronidae",0
"SaipanMTRLL2","Saipan","MTRL","L2","b","r",0,0,"Trichoptera",0
"SaipanMTRLL2","Saipan","MTRL","L2","b","r",0,0,"Diptera",0
"SaipanMTRLL2","Saipan","MTRL","L2","b","r",0,0,"Lepidoptera",2
"SaipanMTRLL2","Saipan","MTRL","L2","b","r",0,0,"Hemiptera",0
"SaipanMTRLL2","Saipan","MTRL","L2","b","r",0,0,"Blattodea",0
"SaipanMTRLL2","Saipan","MTRL","L2","w","y",0,0,"Coleoptera",1
"SaipanMTRLL2","Saipan","MTRL","L2","w","y",0,0,"Araneae",0
"SaipanMTRLL2","Saipan","MTRL","L2","w","y",0,0,"Formicidae",0
"SaipanMTRLL2","Saipan","MTRL","L2","w","y",0,0,"Isoptera",0
"SaipanMTRLL2","Saipan","MTRL","L2","w","y",0,0,"Apoidea",1
"SaipanMTRLL2","Saipan","MTRL","L2","w","y",0,0,"Crabronidae",0
"SaipanMTRLL2","Saipan","MTRL","L2","w","y",0,0,"Trichoptera",0
"SaipanMTRLL2","Saipan","MTRL","L2","w","y",0,0,"Diptera",3
"SaipanMTRLL2","Saipan","MTRL","L2","w","y",0,0,"Lepidoptera",2
"SaipanMTRLL2","Saipan","MTRL","L2","w","y",0,0,"Hemiptera",1
"SaipanMTRLL2","Saipan","MTRL","L2","w","y",0,0,"Blattodea",0
"SaipanMTRLL2","Saipan","MTRL","L2","b","b",0,0,"Coleoptera",0
"SaipanMTRLL2","Saipan","MTRL","L2","b","b",0,0,"Araneae",0
"SaipanMTRLL2","Saipan","MTRL","L2","b","b",0,0,"Formicidae",0
"SaipanMTRLL2","Saipan","MTRL","L2","b","b",0,0,"Isoptera",0
"SaipanMTRLL2","Saipan","MTRL","L2","b","b",0,0,"Apoidea",2
"SaipanMTRLL2","Saipan","MTRL","L2","b","b",0,0,"Crabronidae",0
"SaipanMTRLL2","Saipan","MTRL","L2","b","b",0,0,"Trichoptera",0
"SaipanMTRLL2","Saipan","MTRL","L2","b","b",0,0,"Diptera",0
"SaipanMTRLL2","Saipan","MTRL","L2","b","b",0,0,"Lepidoptera",11
"SaipanMTRLL2","Saipan","MTRL","L2","b","b",0,0,"Hemiptera",0
"SaipanMTRLL2","Saipan","MTRL","L2","b","b",0,0,"Blattodea",0
"SaipanMTRLL2","Saipan","MTRL","L2","b","y",0,0,"Coleoptera",0
"SaipanMTRLL2","Saipan","MTRL","L2","b","y",0,0,"Araneae",0
"SaipanMTRLL2","Saipan","MTRL","L2","b","y",0,0,"Formicidae",0
"SaipanMTRLL2","Saipan","MTRL","L2","b","y",0,0,"Isoptera",0
"SaipanMTRLL2","Saipan","MTRL","L2","b","y",0,0,"Apoidea",1
"SaipanMTRLL2","Saipan","MTRL","L2","b","y",0,0,"Crabronidae",0
"SaipanMTRLL2","Saipan","MTRL","L2","b","y",0,0,"Trichoptera",0
"SaipanMTRLL2","Saipan","MTRL","L2","b","y",0,0,"Diptera",0
"SaipanMTRLL2","Saipan","MTRL","L2","b","y",0,0,"Lepidoptera",10
"SaipanMTRLL2","Saipan","MTRL","L2","b","y",0,0,"Hemiptera",1
"SaipanMTRLL2","Saipan","MTRL","L2","b","y",0,0,"Blattodea",0
"SaipanMTRLL2","Saipan","MTRL","L2","b","w",0,0,"Coleoptera",0
"SaipanMTRLL2","Saipan","MTRL","L2","b","w",0,0,"Araneae",0
"SaipanMTRLL2","Saipan","MTRL","L2","b","w",0,0,"Formicidae",0
"SaipanMTRLL2","Saipan","MTRL","L2","b","w",0,0,"Isoptera",0
"SaipanMTRLL2","Saipan","MTRL","L2","b","w",0,0,"Apoidea",0
"SaipanMTRLL2","Saipan","MTRL","L2","b","w",0,0,"Crabronidae",0
"SaipanMTRLL2","Saipan","MTRL","L2","b","w",0,0,"Trichoptera",0
"SaipanMTRLL2","Saipan","MTRL","L2","b","w",0,0,"Diptera",0
"SaipanMTRLL2","Saipan","MTRL","L2","b","w",0,0,"Lepidoptera",3
"SaipanMTRLL2","Saipan","MTRL","L2","b","w",0,0,"Hemiptera",1
"SaipanMTRLL2","Saipan","MTRL","L2","b","w",0,0,"Blattodea",0
"SaipanMTRLL2","Saipan","MTRL","L2","y","y",0,0,"Coleoptera",0
"SaipanMTRLL2","Saipan","MTRL","L2","y","y",0,0,"Araneae",0
"SaipanMTRLL2","Saipan","MTRL","L2","y","y",0,0,"Formicidae",0
"SaipanMTRLL2","Saipan","MTRL","L2","y","y",0,0,"Isoptera",1
"SaipanMTRLL2","Saipan","MTRL","L2","y","y",0,0,"Apoidea",0
"SaipanMTRLL2","Saipan","MTRL","L2","y","y",0,0,"Crabronidae",1
"SaipanMTRLL2","Saipan","MTRL","L2","y","y",0,0,"Trichoptera",1
"SaipanMTRLL2","Saipan","MTRL","L2","y","y",0,0,"Diptera",2
"SaipanMTRLL2","Saipan","MTRL","L2","y","y",0,0,"Lepidoptera",5
"SaipanMTRLL2","Saipan","MTRL","L2","y","y",0,0,"Hemiptera",1
"SaipanMTRLL2","Saipan","MTRL","L2","y","y",0,0,"Blattodea",0
"SaipanMTRLL2","Saipan","MTRL","L2","y","w",0,0,"Coleoptera",0
"SaipanMTRLL2","Saipan","MTRL","L2","y","w",0,0,"Araneae",0
"SaipanMTRLL2","Saipan","MTRL","L2","y","w",0,0,"Formicidae",1
"SaipanMTRLL2","Saipan","MTRL","L2","y","w",0,0,"Isoptera",1
"SaipanMTRLL2","Saipan","MTRL","L2","y","w",0,0,"Apoidea",1
"SaipanMTRLL2","Saipan","MTRL","L2","y","w",0,0,"Crabronidae",0
"SaipanMTRLL2","Saipan","MTRL","L2","y","w",0,0,"Trichoptera",0
"SaipanMTRLL2","Saipan","MTRL","L2","y","w",0,0,"Diptera",0
"SaipanMTRLL2","Saipan","MTRL","L2","y","w",0,0,"Lepidoptera",7
"SaipanMTRLL2","Saipan","MTRL","L2","y","w",0,0,"Hemiptera",0
"SaipanMTRLL2","Saipan","MTRL","L2","y","w",0,0,"Blattodea",0
"SaipanMTRLL2","Saipan","MTRL","L2","y","b",0,0,"Coleoptera",0
"SaipanMTRLL2","Saipan","MTRL","L2","y","b",0,0,"Araneae",0
"SaipanMTRLL2","Saipan","MTRL","L2","y","b",0,0,"Formicidae",0
"SaipanMTRLL2","Saipan","MTRL","L2","y","b",0,0,"Isoptera",0
"SaipanMTRLL2","Saipan","MTRL","L2","y","b",0,0,"Apoidea",2
"SaipanMTRLL2","Saipan","MTRL","L2","y","b",0,0,"Crabronidae",0
"SaipanMTRLL2","Saipan","MTRL","L2","y","b",0,0,"Trichoptera",0
"SaipanMTRLL2","Saipan","MTRL","L2","y","b",0,0,"Diptera",1
"SaipanMTRLL2","Saipan","MTRL","L2","y","b",0,0,"Lepidoptera",7
"SaipanMTRLL2","Saipan","MTRL","L2","y","b",0,0,"Hemiptera",2
"SaipanMTRLL2","Saipan","MTRL","L2","y","b",0,0,"Blattodea",0
"SaipanMTRLL3","Saipan","MTRL","L3","r","r",0,0,"Coleoptera",0
"SaipanMTRLL3","Saipan","MTRL","L3","r","r",0,0,"Araneae",0
"SaipanMTRLL3","Saipan","MTRL","L3","r","r",0,0,"Formicidae",0
"SaipanMTRLL3","Saipan","MTRL","L3","r","r",0,0,"Isoptera",0
"SaipanMTRLL3","Saipan","MTRL","L3","r","r",0,0,"Apoidea",0
"SaipanMTRLL3","Saipan","MTRL","L3","r","r",0,0,"Crabronidae",0
"SaipanMTRLL3","Saipan","MTRL","L3","r","r",0,0,"Trichoptera",0
"SaipanMTRLL3","Saipan","MTRL","L3","r","r",0,0,"Diptera",1
"SaipanMTRLL3","Saipan","MTRL","L3","r","r",0,0,"Lepidoptera",41
"SaipanMTRLL3","Saipan","MTRL","L3","r","r",0,0,"Hemiptera",0
"SaipanMTRLL3","Saipan","MTRL","L3","r","r",0,0,"Blattodea",0
"SaipanMTRLL3","Saipan","MTRL","L3","y","y",0,0,"Coleoptera",1
"SaipanMTRLL3","Saipan","MTRL","L3","y","y",0,0,"Araneae",0
"SaipanMTRLL3","Saipan","MTRL","L3","y","y",0,0,"Formicidae",0
"SaipanMTRLL3","Saipan","MTRL","L3","y","y",0,0,"Isoptera",1
"SaipanMTRLL3","Saipan","MTRL","L3","y","y",0,0,"Apoidea",2
"SaipanMTRLL3","Saipan","MTRL","L3","y","y",0,0,"Crabronidae",0
"SaipanMTRLL3","Saipan","MTRL","L3","y","y",0,0,"Trichoptera",0
"SaipanMTRLL3","Saipan","MTRL","L3","y","y",0,0,"Diptera",3
"SaipanMTRLL3","Saipan","MTRL","L3","y","y",0,0,"Lepidoptera",39
"SaipanMTRLL3","Saipan","MTRL","L3","y","y",0,0,"Hemiptera",0
"SaipanMTRLL3","Saipan","MTRL","L3","y","y",0,0,"Blattodea",0
"SaipanMTRLL3","Saipan","MTRL","L3","r","y",0,0,"Coleoptera",0
"SaipanMTRLL3","Saipan","MTRL","L3","r","y",0,0,"Araneae",0
"SaipanMTRLL3","Saipan","MTRL","L3","r","y",0,0,"Formicidae",0
"SaipanMTRLL3","Saipan","MTRL","L3","r","y",0,0,"Isoptera",0
"SaipanMTRLL3","Saipan","MTRL","L3","r","y",0,0,"Apoidea",0
"SaipanMTRLL3","Saipan","MTRL","L3","r","y",0,0,"Crabronidae",1
"SaipanMTRLL3","Saipan","MTRL","L3","r","y",0,0,"Trichoptera",0
"SaipanMTRLL3","Saipan","MTRL","L3","r","y",0,0,"Diptera",0
"SaipanMTRLL3","Saipan","MTRL","L3","r","y",0,0,"Lepidoptera",24
"SaipanMTRLL3","Saipan","MTRL","L3","r","y",0,0,"Hemiptera",2
"SaipanMTRLL3","Saipan","MTRL","L3","r","y",0,0,"Blattodea",0
"SaipanMTRLL3","Saipan","MTRL","L3","b","b",0,0,"Coleoptera",1
"SaipanMTRLL3","Saipan","MTRL","L3","b","b",0,0,"Araneae",0
"SaipanMTRLL3","Saipan","MTRL","L3","b","b",0,0,"Formicidae",0
"SaipanMTRLL3","Saipan","MTRL","L3","b","b",0,0,"Isoptera",0
"SaipanMTRLL3","Saipan","MTRL","L3","b","b",0,0,"Apoidea",0
"SaipanMTRLL3","Saipan","MTRL","L3","b","b",0,0,"Crabronidae",0
"SaipanMTRLL3","Saipan","MTRL","L3","b","b",0,0,"Trichoptera",0
"SaipanMTRLL3","Saipan","MTRL","L3","b","b",0,0,"Diptera",0
"SaipanMTRLL3","Saipan","MTRL","L3","b","b",0,0,"Lepidoptera",21
"SaipanMTRLL3","Saipan","MTRL","L3","b","b",0,0,"Hemiptera",0
"SaipanMTRLL3","Saipan","MTRL","L3","b","b",0,0,"Blattodea",0
"SaipanMTRLL3","Saipan","MTRL","L3","y","b",0,0,"Coleoptera",0
"SaipanMTRLL3","Saipan","MTRL","L3","y","b",0,0,"Araneae",0
"SaipanMTRLL3","Saipan","MTRL","L3","y","b",0,0,"Formicidae",1
"SaipanMTRLL3","Saipan","MTRL","L3","y","b",0,0,"Isoptera",0
"SaipanMTRLL3","Saipan","MTRL","L3","y","b",0,0,"Apoidea",0
"SaipanMTRLL3","Saipan","MTRL","L3","y","b",0,0,"Crabronidae",0
"SaipanMTRLL3","Saipan","MTRL","L3","y","b",0,0,"Trichoptera",0
"SaipanMTRLL3","Saipan","MTRL","L3","y","b",0,0,"Diptera",0
"SaipanMTRLL3","Saipan","MTRL","L3","y","b",0,0,"Lepidoptera",13
"SaipanMTRLL3","Saipan","MTRL","L3","y","b",0,0,"Hemiptera",0
"SaipanMTRLL3","Saipan","MTRL","L3","y","b",0,0,"Blattodea",0
"SaipanMTRLL3","Saipan","MTRL","L3","y","w",0,0,"Coleoptera",0
"SaipanMTRLL3","Saipan","MTRL","L3","y","w",0,0,"Araneae",0
"SaipanMTRLL3","Saipan","MTRL","L3","y","w",0,0,"Formicidae",0
"SaipanMTRLL3","Saipan","MTRL","L3","y","w",0,0,"Isoptera",0
"SaipanMTRLL3","Saipan","MTRL","L3","y","w",0,0,"Apoidea",1
"SaipanMTRLL3","Saipan","MTRL","L3","y","w",0,0,"Crabronidae",0
"SaipanMTRLL3","Saipan","MTRL","L3","y","w",0,0,"Trichoptera",0
"SaipanMTRLL3","Saipan","MTRL","L3","y","w",0,0,"Diptera",2
"SaipanMTRLL3","Saipan","MTRL","L3","y","w",0,0,"Lepidoptera",14
"SaipanMTRLL3","Saipan","MTRL","L3","y","w",0,0,"Hemiptera",0
"SaipanMTRLL3","Saipan","MTRL","L3","y","w",0,0,"Blattodea",0
"SaipanMTRLL3","Saipan","MTRL","L3","w","r",0,0,"Coleoptera",0
"SaipanMTRLL3","Saipan","MTRL","L3","w","r",0,0,"Araneae",0
"SaipanMTRLL3","Saipan","MTRL","L3","w","r",0,0,"Formicidae",0
"SaipanMTRLL3","Saipan","MTRL","L3","w","r",0,0,"Isoptera",0
"SaipanMTRLL3","Saipan","MTRL","L3","w","r",0,0,"Apoidea",0
"SaipanMTRLL3","Saipan","MTRL","L3","w","r",0,0,"Crabronidae",0
"SaipanMTRLL3","Saipan","MTRL","L3","w","r",0,0,"Trichoptera",0
"SaipanMTRLL3","Saipan","MTRL","L3","w","r",0,0,"Diptera",0
"SaipanMTRLL3","Saipan","MTRL","L3","w","r",0,0,"Lepidoptera",84
"SaipanMTRLL3","Saipan","MTRL","L3","w","r",0,0,"Hemiptera",1
"SaipanMTRLL3","Saipan","MTRL","L3","w","r",0,0,"Blattodea",0
"SaipanMTRLL3","Saipan","MTRL","L3","w","w",0,0,"Coleoptera",0
"SaipanMTRLL3","Saipan","MTRL","L3","w","w",0,0,"Araneae",0
"SaipanMTRLL3","Saipan","MTRL","L3","w","w",0,0,"Formicidae",0
"SaipanMTRLL3","Saipan","MTRL","L3","w","w",0,0,"Isoptera",0
"SaipanMTRLL3","Saipan","MTRL","L3","w","w",0,0,"Apoidea",0
"SaipanMTRLL3","Saipan","MTRL","L3","w","w",0,0,"Crabronidae",0
"SaipanMTRLL3","Saipan","MTRL","L3","w","w",0,0,"Trichoptera",0
"SaipanMTRLL3","Saipan","MTRL","L3","w","w",0,0,"Diptera",2
"SaipanMTRLL3","Saipan","MTRL","L3","w","w",0,0,"Lepidoptera",99
"SaipanMTRLL3","Saipan","MTRL","L3","w","w",0,0,"Hemiptera",2
"SaipanMTRLL3","Saipan","MTRL","L3","w","w",0,0,"Blattodea",0
"SaipanMTRLL3","Saipan","MTRL","L3","b","y",0,0,"Coleoptera",0
"SaipanMTRLL3","Saipan","MTRL","L3","b","y",0,0,"Araneae",0
"SaipanMTRLL3","Saipan","MTRL","L3","b","y",0,0,"Formicidae",0
"SaipanMTRLL3","Saipan","MTRL","L3","b","y",0,0,"Isoptera",0
"SaipanMTRLL3","Saipan","MTRL","L3","b","y",0,0,"Apoidea",0
"SaipanMTRLL3","Saipan","MTRL","L3","b","y",0,0,"Crabronidae",0
"SaipanMTRLL3","Saipan","MTRL","L3","b","y",0,0,"Trichoptera",0
"SaipanMTRLL3","Saipan","MTRL","L3","b","y",0,0,"Diptera",0
"SaipanMTRLL3","Saipan","MTRL","L3","b","y",0,0,"Lepidoptera",23
"SaipanMTRLL3","Saipan","MTRL","L3","b","y",0,0,"Hemiptera",1
"SaipanMTRLL3","Saipan","MTRL","L3","b","y",0,0,"Blattodea",0
"SaipanMTRLL3","Saipan","MTRL","L3","y","r",0,0,"Coleoptera",1
"SaipanMTRLL3","Saipan","MTRL","L3","y","r",0,0,"Araneae",0
"SaipanMTRLL3","Saipan","MTRL","L3","y","r",0,0,"Formicidae",0
"SaipanMTRLL3","Saipan","MTRL","L3","y","r",0,0,"Isoptera",0
"SaipanMTRLL3","Saipan","MTRL","L3","y","r",0,0,"Apoidea",1
"SaipanMTRLL3","Saipan","MTRL","L3","y","r",0,0,"Crabronidae",1
"SaipanMTRLL3","Saipan","MTRL","L3","y","r",0,0,"Trichoptera",0
"SaipanMTRLL3","Saipan","MTRL","L3","y","r",0,0,"Diptera",1
"SaipanMTRLL3","Saipan","MTRL","L3","y","r",0,0,"Lepidoptera",60
"SaipanMTRLL3","Saipan","MTRL","L3","y","r",0,0,"Hemiptera",0
"SaipanMTRLL3","Saipan","MTRL","L3","y","r",0,0,"Blattodea",0
"SaipanMTRLL3","Saipan","MTRL","L3","r","w",0,0,"Coleoptera",0
"SaipanMTRLL3","Saipan","MTRL","L3","r","w",0,0,"Araneae",0
"SaipanMTRLL3","Saipan","MTRL","L3","r","w",0,0,"Formicidae",0
"SaipanMTRLL3","Saipan","MTRL","L3","r","w",0,0,"Isoptera",0
"SaipanMTRLL3","Saipan","MTRL","L3","r","w",0,0,"Apoidea",0
"SaipanMTRLL3","Saipan","MTRL","L3","r","w",0,0,"Crabronidae",0
"SaipanMTRLL3","Saipan","MTRL","L3","r","w",0,0,"Trichoptera",0
"SaipanMTRLL3","Saipan","MTRL","L3","r","w",0,0,"Diptera",0
"SaipanMTRLL3","Saipan","MTRL","L3","r","w",0,0,"Lepidoptera",29
"SaipanMTRLL3","Saipan","MTRL","L3","r","w",0,0,"Hemiptera",0
"SaipanMTRLL3","Saipan","MTRL","L3","r","w",0,0,"Blattodea",0
"SaipanMTRLL3","Saipan","MTRL","L3","r","b",0,0,"Coleoptera",0
"SaipanMTRLL3","Saipan","MTRL","L3","r","b",0,0,"Araneae",0
"SaipanMTRLL3","Saipan","MTRL","L3","r","b",0,0,"Formicidae",0
"SaipanMTRLL3","Saipan","MTRL","L3","r","b",0,0,"Isoptera",0
"SaipanMTRLL3","Saipan","MTRL","L3","r","b",0,0,"Apoidea",0
"SaipanMTRLL3","Saipan","MTRL","L3","r","b",0,0,"Crabronidae",0
"SaipanMTRLL3","Saipan","MTRL","L3","r","b",0,0,"Trichoptera",0
"SaipanMTRLL3","Saipan","MTRL","L3","r","b",0,0,"Diptera",0
"SaipanMTRLL3","Saipan","MTRL","L3","r","b",0,0,"Lepidoptera",16
"SaipanMTRLL3","Saipan","MTRL","L3","r","b",0,0,"Hemiptera",0
"SaipanMTRLL3","Saipan","MTRL","L3","r","b",0,0,"Blattodea",0
"SaipanMTRLL3","Saipan","MTRL","L3","w","b",0,0,"Coleoptera",0
"SaipanMTRLL3","Saipan","MTRL","L3","w","b",0,0,"Araneae",0
"SaipanMTRLL3","Saipan","MTRL","L3","w","b",0,0,"Formicidae",1
"SaipanMTRLL3","Saipan","MTRL","L3","w","b",0,0,"Isoptera",1
"SaipanMTRLL3","Saipan","MTRL","L3","w","b",0,0,"Apoidea",0
"SaipanMTRLL3","Saipan","MTRL","L3","w","b",0,0,"Crabronidae",0
"SaipanMTRLL3","Saipan","MTRL","L3","w","b",0,0,"Trichoptera",0
"SaipanMTRLL3","Saipan","MTRL","L3","w","b",0,0,"Diptera",0
"SaipanMTRLL3","Saipan","MTRL","L3","w","b",0,0,"Lepidoptera",94
"SaipanMTRLL3","Saipan","MTRL","L3","w","b",0,0,"Hemiptera",1
"SaipanMTRLL3","Saipan","MTRL","L3","w","b",0,0,"Blattodea",0
"SaipanMTRLL3","Saipan","MTRL","L3","b","r",0,0,"Coleoptera",0
"SaipanMTRLL3","Saipan","MTRL","L3","b","r",0,0,"Araneae",0
"SaipanMTRLL3","Saipan","MTRL","L3","b","r",0,0,"Formicidae",0
"SaipanMTRLL3","Saipan","MTRL","L3","b","r",0,0,"Isoptera",0
"SaipanMTRLL3","Saipan","MTRL","L3","b","r",0,0,"Apoidea",1
"SaipanMTRLL3","Saipan","MTRL","L3","b","r",0,0,"Crabronidae",0
"SaipanMTRLL3","Saipan","MTRL","L3","b","r",0,0,"Trichoptera",0
"SaipanMTRLL3","Saipan","MTRL","L3","b","r",0,0,"Diptera",2
"SaipanMTRLL3","Saipan","MTRL","L3","b","r",0,0,"Lepidoptera",20
"SaipanMTRLL3","Saipan","MTRL","L3","b","r",0,0,"Hemiptera",1
"SaipanMTRLL3","Saipan","MTRL","L3","b","r",0,0,"Blattodea",0
"SaipanMTRLL3","Saipan","MTRL","L3","w","y",0,0,"Coleoptera",0
"SaipanMTRLL3","Saipan","MTRL","L3","w","y",0,0,"Araneae",0
"SaipanMTRLL3","Saipan","MTRL","L3","w","y",0,0,"Formicidae",1
"SaipanMTRLL3","Saipan","MTRL","L3","w","y",0,0,"Isoptera",1
"SaipanMTRLL3","Saipan","MTRL","L3","w","y",0,0,"Apoidea",0
"SaipanMTRLL3","Saipan","MTRL","L3","w","y",0,0,"Crabronidae",0
"SaipanMTRLL3","Saipan","MTRL","L3","w","y",0,0,"Trichoptera",0
"SaipanMTRLL3","Saipan","MTRL","L3","w","y",0,0,"Diptera",0
"SaipanMTRLL3","Saipan","MTRL","L3","w","y",0,0,"Lepidoptera",91
"SaipanMTRLL3","Saipan","MTRL","L3","w","y",0,0,"Hemiptera",2
"SaipanMTRLL3","Saipan","MTRL","L3","w","y",0,0,"Blattodea",0
"SaipanNblasNA","Saipan","Nblas",NA,NA,NA,NA,NA,"Coleoptera",NA
"SaipanNblasNA","Saipan","Nblas",NA,NA,NA,NA,NA,"Araneae",NA
"SaipanNblasNA","Saipan","Nblas",NA,NA,NA,NA,NA,"Formicidae",NA
"SaipanNblasNA","Saipan","Nblas",NA,NA,NA,NA,NA,"Isoptera",NA
"SaipanNblasNA","Saipan","Nblas",NA,NA,NA,NA,NA,"Apoidea",NA
"SaipanNblasNA","Saipan","Nblas",NA,NA,NA,NA,NA,"Crabronidae",NA
"SaipanNblasNA","Saipan","Nblas",NA,NA,NA,NA,NA,"Trichoptera",NA
"SaipanNblasNA","Saipan","Nblas",NA,NA,NA,NA,NA,"Diptera",NA
"SaipanNblasNA","Saipan","Nblas",NA,NA,NA,NA,NA,"Lepidoptera",NA
"SaipanNblasNA","Saipan","Nblas",NA,NA,NA,NA,NA,"Hemiptera",NA
"SaipanNblasNA","Saipan","Nblas",NA,NA,NA,NA,NA,"Blattodea",NA
"SaipanRacetrackNA","Saipan","Racetrack",NA,NA,NA,NA,NA,"Coleoptera",NA
"SaipanRacetrackNA","Saipan","Racetrack",NA,NA,NA,NA,NA,"Araneae",NA
"SaipanRacetrackNA","Saipan","Racetrack",NA,NA,NA,NA,NA,"Formicidae",NA
"SaipanRacetrackNA","Saipan","Racetrack",NA,NA,NA,NA,NA,"Isoptera",NA
"SaipanRacetrackNA","Saipan","Racetrack",NA,NA,NA,NA,NA,"Apoidea",NA
"SaipanRacetrackNA","Saipan","Racetrack",NA,NA,NA,NA,NA,"Crabronidae",NA
"SaipanRacetrackNA","Saipan","Racetrack",NA,NA,NA,NA,NA,"Trichoptera",NA
"SaipanRacetrackNA","Saipan","Racetrack",NA,NA,NA,NA,NA,"Diptera",NA
"SaipanRacetrackNA","Saipan","Racetrack",NA,NA,NA,NA,NA,"Lepidoptera",NA
"SaipanRacetrackNA","Saipan","Racetrack",NA,NA,NA,NA,NA,"Hemiptera",NA
"SaipanRacetrackNA","Saipan","Racetrack",NA,NA,NA,NA,NA,"Blattodea",NA
"SaipanRitiNA","Saipan","Riti",NA,NA,NA,NA,NA,"Coleoptera",NA
"SaipanRitiNA","Saipan","Riti",NA,NA,NA,NA,NA,"Araneae",NA
"SaipanRitiNA","Saipan","Riti",NA,NA,NA,NA,NA,"Formicidae",NA
"SaipanRitiNA","Saipan","Riti",NA,NA,NA,NA,NA,"Isoptera",NA
"SaipanRitiNA","Saipan","Riti",NA,NA,NA,NA,NA,"Apoidea",NA
"SaipanRitiNA","Saipan","Riti",NA,NA,NA,NA,NA,"Crabronidae",NA
"SaipanRitiNA","Saipan","Riti",NA,NA,NA,NA,NA,"Trichoptera",NA
"SaipanRitiNA","Saipan","Riti",NA,NA,NA,NA,NA,"Diptera",NA
"SaipanRitiNA","Saipan","Riti",NA,NA,NA,NA,NA,"Lepidoptera",NA
"SaipanRitiNA","Saipan","Riti",NA,NA,NA,NA,NA,"Hemiptera",NA
"SaipanRitiNA","Saipan","Riti",NA,NA,NA,NA,NA,"Blattodea",NA
"SaipanSblasNA","Saipan","Sblas",NA,NA,NA,NA,NA,"Coleoptera",NA
"SaipanSblasNA","Saipan","Sblas",NA,NA,NA,NA,NA,"Araneae",NA
"SaipanSblasNA","Saipan","Sblas",NA,NA,NA,NA,NA,"Formicidae",NA
"SaipanSblasNA","Saipan","Sblas",NA,NA,NA,NA,NA,"Isoptera",NA
"SaipanSblasNA","Saipan","Sblas",NA,NA,NA,NA,NA,"Apoidea",NA
"SaipanSblasNA","Saipan","Sblas",NA,NA,NA,NA,NA,"Crabronidae",NA
"SaipanSblasNA","Saipan","Sblas",NA,NA,NA,NA,NA,"Trichoptera",NA
"SaipanSblasNA","Saipan","Sblas",NA,NA,NA,NA,NA,"Diptera",NA
"SaipanSblasNA","Saipan","Sblas",NA,NA,NA,NA,NA,"Lepidoptera",NA
"SaipanSblasNA","Saipan","Sblas",NA,NA,NA,NA,NA,"Hemiptera",NA
"SaipanSblasNA","Saipan","Sblas",NA,NA,NA,NA,NA,"Blattodea",NA
"SaipanNANA","Saipan",NA,NA,NA,NA,NA,NA,"Coleoptera",NA
"SaipanNANA","Saipan",NA,NA,NA,NA,NA,NA,"Araneae",NA
"SaipanNANA","Saipan",NA,NA,NA,NA,NA,NA,"Formicidae",NA
"SaipanNANA","Saipan",NA,NA,NA,NA,NA,NA,"Isoptera",NA
"SaipanNANA","Saipan",NA,NA,NA,NA,NA,NA,"Apoidea",NA
"SaipanNANA","Saipan",NA,NA,NA,NA,NA,NA,"Crabronidae",NA
"SaipanNANA","Saipan",NA,NA,NA,NA,NA,NA,"Trichoptera",NA
"SaipanNANA","Saipan",NA,NA,NA,NA,NA,NA,"Diptera",NA
"SaipanNANA","Saipan",NA,NA,NA,NA,NA,NA,"Lepidoptera",NA
"SaipanNANA","Saipan",NA,NA,NA,NA,NA,NA,"Hemiptera",NA
"SaipanNANA","Saipan",NA,NA,NA,NA,NA,NA,"Blattodea",NA
"NAAnaoNA",NA,"Anao",NA,NA,NA,NA,NA,"Coleoptera",NA
"NAAnaoNA",NA,"Anao",NA,NA,NA,NA,NA,"Araneae",NA
"NAAnaoNA",NA,"Anao",NA,NA,NA,NA,NA,"Formicidae",NA
"NAAnaoNA",NA,"Anao",NA,NA,NA,NA,NA,"Isoptera",NA
"NAAnaoNA",NA,"Anao",NA,NA,NA,NA,NA,"Apoidea",NA
"NAAnaoNA",NA,"Anao",NA,NA,NA,NA,NA,"Crabronidae",NA
"NAAnaoNA",NA,"Anao",NA,NA,NA,NA,NA,"Trichoptera",NA
"NAAnaoNA",NA,"Anao",NA,NA,NA,NA,NA,"Diptera",NA
"NAAnaoNA",NA,"Anao",NA,NA,NA,NA,NA,"Lepidoptera",NA
"NAAnaoNA",NA,"Anao",NA,NA,NA,NA,NA,"Hemiptera",NA
"NAAnaoNA",NA,"Anao",NA,NA,NA,NA,NA,"Blattodea",NA
"NAForbiANA",NA,"ForbiA",NA,NA,NA,NA,NA,"Coleoptera",NA
"NAForbiANA",NA,"ForbiA",NA,NA,NA,NA,NA,"Araneae",NA
"NAForbiANA",NA,"ForbiA",NA,NA,NA,NA,NA,"Formicidae",NA
"NAForbiANA",NA,"ForbiA",NA,NA,NA,NA,NA,"Isoptera",NA
"NAForbiANA",NA,"ForbiA",NA,NA,NA,NA,NA,"Apoidea",NA
"NAForbiANA",NA,"ForbiA",NA,NA,NA,NA,NA,"Crabronidae",NA
"NAForbiANA",NA,"ForbiA",NA,NA,NA,NA,NA,"Trichoptera",NA
"NAForbiANA",NA,"ForbiA",NA,NA,NA,NA,NA,"Diptera",NA
"NAForbiANA",NA,"ForbiA",NA,NA,NA,NA,NA,"Lepidoptera",NA
"NAForbiANA",NA,"ForbiA",NA,NA,NA,NA,NA,"Hemiptera",NA
"NAForbiANA",NA,"ForbiA",NA,NA,NA,NA,NA,"Blattodea",NA
"NAForbiGridNA",NA,"ForbiGrid",NA,NA,NA,NA,NA,"Coleoptera",NA
"NAForbiGridNA",NA,"ForbiGrid",NA,NA,NA,NA,NA,"Araneae",NA
"NAForbiGridNA",NA,"ForbiGrid",NA,NA,NA,NA,NA,"Formicidae",NA
"NAForbiGridNA",NA,"ForbiGrid",NA,NA,NA,NA,NA,"Isoptera",NA
"NAForbiGridNA",NA,"ForbiGrid",NA,NA,NA,NA,NA,"Apoidea",NA
"NAForbiGridNA",NA,"ForbiGrid",NA,NA,NA,NA,NA,"Crabronidae",NA
"NAForbiGridNA",NA,"ForbiGrid",NA,NA,NA,NA,NA,"Trichoptera",NA
"NAForbiGridNA",NA,"ForbiGrid",NA,NA,NA,NA,NA,"Diptera",NA
"NAForbiGridNA",NA,"ForbiGrid",NA,NA,NA,NA,NA,"Lepidoptera",NA
"NAForbiGridNA",NA,"ForbiGrid",NA,NA,NA,NA,NA,"Hemiptera",NA
"NAForbiGridNA",NA,"ForbiGrid",NA,NA,NA,NA,NA,"Blattodea",NA
"NALADTANA",NA,"LADTA",NA,NA,NA,NA,NA,"Coleoptera",NA
"NALADTANA",NA,"LADTA",NA,NA,NA,NA,NA,"Araneae",NA
"NALADTANA",NA,"LADTA",NA,NA,NA,NA,NA,"Formicidae",NA
"NALADTANA",NA,"LADTA",NA,NA,NA,NA,NA,"Isoptera",NA
"NALADTANA",NA,"LADTA",NA,NA,NA,NA,NA,"Apoidea",NA
"NALADTANA",NA,"LADTA",NA,NA,NA,NA,NA,"Crabronidae",NA
"NALADTANA",NA,"LADTA",NA,NA,NA,NA,NA,"Trichoptera",NA
"NALADTANA",NA,"LADTA",NA,NA,NA,NA,NA,"Diptera",NA
"NALADTANA",NA,"LADTA",NA,NA,NA,NA,NA,"Lepidoptera",NA
"NALADTANA",NA,"LADTA",NA,NA,NA,NA,NA,"Hemiptera",NA
"NALADTANA",NA,"LADTA",NA,NA,NA,NA,NA,"Blattodea",NA
"NALadtgNA",NA,"Ladtg",NA,NA,NA,NA,NA,"Coleoptera",NA
"NALadtgNA",NA,"Ladtg",NA,NA,NA,NA,NA,"Araneae",NA
"NALadtgNA",NA,"Ladtg",NA,NA,NA,NA,NA,"Formicidae",NA
"NALadtgNA",NA,"Ladtg",NA,NA,NA,NA,NA,"Isoptera",NA
"NALadtgNA",NA,"Ladtg",NA,NA,NA,NA,NA,"Apoidea",NA
"NALadtgNA",NA,"Ladtg",NA,NA,NA,NA,NA,"Crabronidae",NA
"NALadtgNA",NA,"Ladtg",NA,NA,NA,NA,NA,"Trichoptera",NA
"NALadtgNA",NA,"Ladtg",NA,NA,NA,NA,NA,"Diptera",NA
"NALadtgNA",NA,"Ladtg",NA,NA,NA,NA,NA,"Lepidoptera",NA
"NALadtgNA",NA,"Ladtg",NA,NA,NA,NA,NA,"Hemiptera",NA
"NALadtgNA",NA,"Ladtg",NA,NA,NA,NA,NA,"Blattodea",NA
"NALADTGNA",NA,"LADTG",NA,NA,NA,NA,NA,"Coleoptera",NA
"NALADTGNA",NA,"LADTG",NA,NA,NA,NA,NA,"Araneae",NA
"NALADTGNA",NA,"LADTG",NA,NA,NA,NA,NA,"Formicidae",NA
"NALADTGNA",NA,"LADTG",NA,NA,NA,NA,NA,"Isoptera",NA
"NALADTGNA",NA,"LADTG",NA,NA,NA,NA,NA,"Apoidea",NA
"NALADTGNA",NA,"LADTG",NA,NA,NA,NA,NA,"Crabronidae",NA
"NALADTGNA",NA,"LADTG",NA,NA,NA,NA,NA,"Trichoptera",NA
"NALADTGNA",NA,"LADTG",NA,NA,NA,NA,NA,"Diptera",NA
"NALADTGNA",NA,"LADTG",NA,NA,NA,NA,NA,"Lepidoptera",NA
"NALADTGNA",NA,"LADTG",NA,NA,NA,NA,NA,"Hemiptera",NA
"NALADTGNA",NA,"LADTG",NA,NA,NA,NA,NA,"Blattodea",NA
"NAMTRLNA",NA,"MTRL",NA,NA,NA,NA,NA,"Coleoptera",NA
"NAMTRLNA",NA,"MTRL",NA,NA,NA,NA,NA,"Araneae",NA
"NAMTRLNA",NA,"MTRL",NA,NA,NA,NA,NA,"Formicidae",NA
"NAMTRLNA",NA,"MTRL",NA,NA,NA,NA,NA,"Isoptera",NA
"NAMTRLNA",NA,"MTRL",NA,NA,NA,NA,NA,"Apoidea",NA
"NAMTRLNA",NA,"MTRL",NA,NA,NA,NA,NA,"Crabronidae",NA
"NAMTRLNA",NA,"MTRL",NA,NA,NA,NA,NA,"Trichoptera",NA
"NAMTRLNA",NA,"MTRL",NA,NA,NA,NA,NA,"Diptera",NA
"NAMTRLNA",NA,"MTRL",NA,NA,NA,NA,NA,"Lepidoptera",NA
"NAMTRLNA",NA,"MTRL",NA,NA,NA,NA,NA,"Hemiptera",NA
"NAMTRLNA",NA,"MTRL",NA,NA,NA,NA,NA,"Blattodea",NA
"NANblasL1",NA,"Nblas","L1","r","r",0,0,"Coleoptera",0
"NANblasL1",NA,"Nblas","L1","r","r",0,0,"Araneae",0
"NANblasL1",NA,"Nblas","L1","r","r",0,0,"Formicidae",0
"NANblasL1",NA,"Nblas","L1","r","r",0,0,"Isoptera",0
"NANblasL1",NA,"Nblas","L1","r","r",0,0,"Apoidea",0
"NANblasL1",NA,"Nblas","L1","r","r",0,0,"Crabronidae",0
"NANblasL1",NA,"Nblas","L1","r","r",0,0,"Trichoptera",0
"NANblasL1",NA,"Nblas","L1","r","r",0,0,"Diptera",0
"NANblasL1",NA,"Nblas","L1","r","r",0,0,"Lepidoptera",0
"NANblasL1",NA,"Nblas","L1","r","r",0,0,"Hemiptera",0
"NANblasL1",NA,"Nblas","L1","r","r",0,0,"Blattodea",0
"NARacetrackL1",NA,"Racetrack","L1","w","w",0,0,"Coleoptera",0
"NARacetrackL1",NA,"Racetrack","L1","w","w",0,0,"Araneae",0
"NARacetrackL1",NA,"Racetrack","L1","w","w",0,0,"Formicidae",0
"NARacetrackL1",NA,"Racetrack","L1","w","w",0,0,"Isoptera",0
"NARacetrackL1",NA,"Racetrack","L1","w","w",0,0,"Apoidea",0
"NARacetrackL1",NA,"Racetrack","L1","w","w",0,0,"Crabronidae",0
"NARacetrackL1",NA,"Racetrack","L1","w","w",0,0,"Trichoptera",0
"NARacetrackL1",NA,"Racetrack","L1","w","w",0,0,"Diptera",0
"NARacetrackL1",NA,"Racetrack","L1","w","w",0,0,"Lepidoptera",0
"NARacetrackL1",NA,"Racetrack","L1","w","w",0,0,"Hemiptera",0
"NARacetrackL1",NA,"Racetrack","L1","w","w",0,0,"Blattodea",0
"NARitiL1",NA,"Riti","L1","w","b",0,0,"Coleoptera",1
"NARitiL1",NA,"Riti","L1","w","b",0,0,"Araneae",0
"NARitiL1",NA,"Riti","L1","w","b",0,0,"Formicidae",0
"NARitiL1",NA,"Riti","L1","w","b",0,0,"Isoptera",0
"NARitiL1",NA,"Riti","L1","w","b",0,0,"Apoidea",0
"NARitiL1",NA,"Riti","L1","w","b",0,0,"Crabronidae",0
"NARitiL1",NA,"Riti","L1","w","b",0,0,"Trichoptera",0
"NARitiL1",NA,"Riti","L1","w","b",0,0,"Diptera",0
"NARitiL1",NA,"Riti","L1","w","b",0,0,"Lepidoptera",0
"NARitiL1",NA,"Riti","L1","w","b",0,0,"Hemiptera",0
"NARitiL1",NA,"Riti","L1","w","b",0,0,"Blattodea",0
"NASblasL1",NA,"Sblas","L1","b","b",0,0,"Coleoptera",0
"NASblasL1",NA,"Sblas","L1","b","b",0,0,"Araneae",0
"NASblasL1",NA,"Sblas","L1","b","b",0,0,"Formicidae",2
"NASblasL1",NA,"Sblas","L1","b","b",0,0,"Isoptera",0
"NASblasL1",NA,"Sblas","L1","b","b",0,0,"Apoidea",0
"NASblasL1",NA,"Sblas","L1","b","b",0,0,"Crabronidae",0
"NASblasL1",NA,"Sblas","L1","b","b",0,0,"Trichoptera",0
"NASblasL1",NA,"Sblas","L1","b","b",0,0,"Diptera",0
"NASblasL1",NA,"Sblas","L1","b","b",0,0,"Lepidoptera",0
"NASblasL1",NA,"Sblas","L1","b","b",0,0,"Hemiptera",0
"NASblasL1",NA,"Sblas","L1","b","b",0,0,"Blattodea",0
"NANAL1",NA,NA,"L1","y","w",0,0,"Coleoptera",0
"NANAL1",NA,NA,"L1","y","w",0,0,"Araneae",0
"NANAL1",NA,NA,"L1","y","w",0,0,"Formicidae",6
"NANAL1",NA,NA,"L1","y","w",0,0,"Isoptera",0
"NANAL1",NA,NA,"L1","y","w",0,0,"Apoidea",0
"NANAL1",NA,NA,"L1","y","w",0,0,"Crabronidae",1
"NANAL1",NA,NA,"L1","y","w",0,0,"Trichoptera",0
"NANAL1",NA,NA,"L1","y","w",0,0,"Diptera",1
"NANAL1",NA,NA,"L1","y","w",0,0,"Lepidoptera",0
"NANAL1",NA,NA,"L1","y","w",0,0,"Hemiptera",0
"NANAL1",NA,NA,"L1","y","w",0,0,"Blattodea",0
"NANAL1",NA,NA,"L1","y","b",0,0,"Coleoptera",0
"NANAL1",NA,NA,"L1","y","b",0,0,"Araneae",0
"NANAL1",NA,NA,"L1","y","b",0,0,"Formicidae",5
"NANAL1",NA,NA,"L1","y","b",0,0,"Isoptera",0
"NANAL1",NA,NA,"L1","y","b",0,0,"Apoidea",0
"NANAL1",NA,NA,"L1","y","b",0,0,"Crabronidae",0
"NANAL1",NA,NA,"L1","y","b",0,0,"Trichoptera",0
"NANAL1",NA,NA,"L1","y","b",0,0,"Diptera",0
"NANAL1",NA,NA,"L1","y","b",0,0,"Lepidoptera",0
"NANAL1",NA,NA,"L1","y","b",0,0,"Hemiptera",0
"NANAL1",NA,NA,"L1","y","b",0,0,"Blattodea",0
"NANAL1",NA,NA,"L1","y","r",0,0,"Coleoptera",1
"NANAL1",NA,NA,"L1","y","r",0,0,"Araneae",0
"NANAL1",NA,NA,"L1","y","r",0,0,"Formicidae",1
"NANAL1",NA,NA,"L1","y","r",0,0,"Isoptera",0
"NANAL1",NA,NA,"L1","y","r",0,0,"Apoidea",0
"NANAL1",NA,NA,"L1","y","r",0,0,"Crabronidae",0
"NANAL1",NA,NA,"L1","y","r",0,0,"Trichoptera",0
"NANAL1",NA,NA,"L1","y","r",0,0,"Diptera",0
"NANAL1",NA,NA,"L1","y","r",0,0,"Lepidoptera",0
"NANAL1",NA,NA,"L1","y","r",0,0,"Hemiptera",0
"NANAL1",NA,NA,"L1","y","r",0,0,"Blattodea",0
"NANAL1",NA,NA,"L1","w","b",0,0,"Coleoptera",0
"NANAL1",NA,NA,"L1","w","b",0,0,"Araneae",0
"NANAL1",NA,NA,"L1","w","b",0,0,"Formicidae",0
"NANAL1",NA,NA,"L1","w","b",0,0,"Isoptera",0
"NANAL1",NA,NA,"L1","w","b",0,0,"Apoidea",0
"NANAL1",NA,NA,"L1","w","b",0,0,"Crabronidae",0
"NANAL1",NA,NA,"L1","w","b",0,0,"Trichoptera",0
"NANAL1",NA,NA,"L1","w","b",0,0,"Diptera",0
"NANAL1",NA,NA,"L1","w","b",0,0,"Lepidoptera",0
"NANAL1",NA,NA,"L1","w","b",0,0,"Hemiptera",0
"NANAL1",NA,NA,"L1","w","b",0,0,"Blattodea",0
"NANAL1",NA,NA,"L1","r","b",0,0,"Coleoptera",0
"NANAL1",NA,NA,"L1","r","b",0,0,"Araneae",0
"NANAL1",NA,NA,"L1","r","b",0,0,"Formicidae",5
"NANAL1",NA,NA,"L1","r","b",0,0,"Isoptera",0
"NANAL1",NA,NA,"L1","r","b",0,0,"Apoidea",0
"NANAL1",NA,NA,"L1","r","b",0,0,"Crabronidae",1
"NANAL1",NA,NA,"L1","r","b",0,0,"Trichoptera",0
"NANAL1",NA,NA,"L1","r","b",0,0,"Diptera",4
"NANAL1",NA,NA,"L1","r","b",0,0,"Lepidoptera",2
"NANAL1",NA,NA,"L1","r","b",0,0,"Hemiptera",0
"NANAL1",NA,NA,"L1","r","b",0,0,"Blattodea",0
"NANAL1",NA,NA,"L1","w","y",0,0,"Coleoptera",0
"NANAL1",NA,NA,"L1","w","y",0,0,"Araneae",0
"NANAL1",NA,NA,"L1","w","y",0,0,"Formicidae",1
"NANAL1",NA,NA,"L1","w","y",0,0,"Isoptera",0
"NANAL1",NA,NA,"L1","w","y",0,0,"Apoidea",0
"NANAL1",NA,NA,"L1","w","y",0,0,"Crabronidae",3
"NANAL1",NA,NA,"L1","w","y",0,0,"Trichoptera",0
"NANAL1",NA,NA,"L1","w","y",0,0,"Diptera",0
"NANAL1",NA,NA,"L1","w","y",0,0,"Lepidoptera",0
"NANAL1",NA,NA,"L1","w","y",0,0,"Hemiptera",0
"NANAL1",NA,NA,"L1","w","y",0,0,"Blattodea",0
"NANAL1",NA,NA,"L1","r","w",0,0,"Coleoptera",0
"NANAL1",NA,NA,"L1","r","w",0,0,"Araneae",0
"NANAL1",NA,NA,"L1","r","w",0,0,"Formicidae",4
"NANAL1",NA,NA,"L1","r","w",0,0,"Isoptera",0
"NANAL1",NA,NA,"L1","r","w",0,0,"Apoidea",0
"NANAL1",NA,NA,"L1","r","w",0,0,"Crabronidae",0
"NANAL1",NA,NA,"L1","r","w",0,0,"Trichoptera",0
"NANAL1",NA,NA,"L1","r","w",0,0,"Diptera",1
"NANAL1",NA,NA,"L1","r","w",0,0,"Lepidoptera",0
"NANAL1",NA,NA,"L1","r","w",0,0,"Hemiptera",0
"NANAL1",NA,NA,"L1","r","w",0,0,"Blattodea",0
"NANAL1",NA,NA,"L1","b","b",0,0,"Coleoptera",1
"NANAL1",NA,NA,"L1","b","b",0,0,"Araneae",0
"NANAL1",NA,NA,"L1","b","b",0,0,"Formicidae",1
"NANAL1",NA,NA,"L1","b","b",0,0,"Isoptera",0
"NANAL1",NA,NA,"L1","b","b",0,0,"Apoidea",0
"NANAL1",NA,NA,"L1","b","b",0,0,"Crabronidae",0
"NANAL1",NA,NA,"L1","b","b",0,0,"Trichoptera",0
"NANAL1",NA,NA,"L1","b","b",0,0,"Diptera",0
"NANAL1",NA,NA,"L1","b","b",0,0,"Lepidoptera",0
"NANAL1",NA,NA,"L1","b","b",0,0,"Hemiptera",0
"NANAL1",NA,NA,"L1","b","b",0,0,"Blattodea",0
"NANAL1",NA,NA,"L1","b","r",0,0,"Coleoptera",1
"NANAL1",NA,NA,"L1","b","r",0,0,"Araneae",0
"NANAL1",NA,NA,"L1","b","r",0,0,"Formicidae",1
"NANAL1",NA,NA,"L1","b","r",0,0,"Isoptera",1
"NANAL1",NA,NA,"L1","b","r",0,0,"Apoidea",0
"NANAL1",NA,NA,"L1","b","r",0,0,"Crabronidae",0
"NANAL1",NA,NA,"L1","b","r",0,0,"Trichoptera",0
"NANAL1",NA,NA,"L1","b","r",0,0,"Diptera",1
"NANAL1",NA,NA,"L1","b","r",0,0,"Lepidoptera",0
"NANAL1",NA,NA,"L1","b","r",0,0,"Hemiptera",0
"NANAL1",NA,NA,"L1","b","r",0,0,"Blattodea",0
"NANAL1",NA,NA,"L1","b","w",0,0,"Coleoptera",0
"NANAL1",NA,NA,"L1","b","w",0,0,"Araneae",0
"NANAL1",NA,NA,"L1","b","w",0,0,"Formicidae",0
"NANAL1",NA,NA,"L1","b","w",0,0,"Isoptera",0
"NANAL1",NA,NA,"L1","b","w",0,0,"Apoidea",0
"NANAL1",NA,NA,"L1","b","w",0,0,"Crabronidae",0
"NANAL1",NA,NA,"L1","b","w",0,0,"Trichoptera",0
"NANAL1",NA,NA,"L1","b","w",0,0,"Diptera",0
"NANAL1",NA,NA,"L1","b","w",0,0,"Lepidoptera",0
"NANAL1",NA,NA,"L1","b","w",0,0,"Hemiptera",0
"NANAL1",NA,NA,"L1","b","w",0,0,"Blattodea",0
"NANAL1",NA,NA,"L1","y","y",0,0,"Coleoptera",1
"NANAL1",NA,NA,"L1","y","y",0,0,"Araneae",0
"NANAL1",NA,NA,"L1","y","y",0,0,"Formicidae",1
"NANAL1",NA,NA,"L1","y","y",0,0,"Isoptera",0
"NANAL1",NA,NA,"L1","y","y",0,0,"Apoidea",0
"NANAL1",NA,NA,"L1","y","y",0,0,"Crabronidae",0
"NANAL1",NA,NA,"L1","y","y",0,0,"Trichoptera",0
"NANAL1",NA,NA,"L1","y","y",0,0,"Diptera",0
"NANAL1",NA,NA,"L1","y","y",0,0,"Lepidoptera",0
"NANAL1",NA,NA,"L1","y","y",0,0,"Hemiptera",0
"NANAL1",NA,NA,"L1","y","y",0,0,"Blattodea",0
"NANAL1",NA,NA,"L1","w","w",0,0,"Coleoptera",0
"NANAL1",NA,NA,"L1","w","w",0,0,"Araneae",0
"NANAL1",NA,NA,"L1","w","w",0,0,"Formicidae",2
"NANAL1",NA,NA,"L1","w","w",0,0,"Isoptera",0
"NANAL1",NA,NA,"L1","w","w",0,0,"Apoidea",2
"NANAL1",NA,NA,"L1","w","w",0,0,"Crabronidae",0
"NANAL1",NA,NA,"L1","w","w",0,0,"Trichoptera",0
"NANAL1",NA,NA,"L1","w","w",0,0,"Diptera",1
"NANAL1",NA,NA,"L1","w","w",0,0,"Lepidoptera",1
"NANAL1",NA,NA,"L1","w","w",0,0,"Hemiptera",0
"NANAL1",NA,NA,"L1","w","w",0,0,"Blattodea",0
"NANAL1",NA,NA,"L1","w","r",0,0,"Coleoptera",0
"NANAL1",NA,NA,"L1","w","r",0,0,"Araneae",0
"NANAL1",NA,NA,"L1","w","r",0,0,"Formicidae",1
"NANAL1",NA,NA,"L1","w","r",0,0,"Isoptera",0
"NANAL1",NA,NA,"L1","w","r",0,0,"Apoidea",0
"NANAL1",NA,NA,"L1","w","r",0,0,"Crabronidae",1
"NANAL1",NA,NA,"L1","w","r",0,0,"Trichoptera",0
"NANAL1",NA,NA,"L1","w","r",0,0,"Diptera",1
"NANAL1",NA,NA,"L1","w","r",0,0,"Lepidoptera",0
"NANAL1",NA,NA,"L1","w","r",0,0,"Hemiptera",0
"NANAL1",NA,NA,"L1","w","r",0,0,"Blattodea",0
"NANAL1",NA,NA,"L1","r","r",0,0,"Coleoptera",1
"NANAL1",NA,NA,"L1","r","r",0,0,"Araneae",1
"NANAL1",NA,NA,"L1","r","r",0,0,"Formicidae",1
"NANAL1",NA,NA,"L1","r","r",0,0,"Isoptera",0
"NANAL1",NA,NA,"L1","r","r",0,0,"Apoidea",3
"NANAL1",NA,NA,"L1","r","r",0,0,"Crabronidae",0
"NANAL1",NA,NA,"L1","r","r",0,0,"Trichoptera",0
"NANAL1",NA,NA,"L1","r","r",0,0,"Diptera",6
"NANAL1",NA,NA,"L1","r","r",0,0,"Lepidoptera",2
"NANAL1",NA,NA,"L1","r","r",0,0,"Hemiptera",0
"NANAL1",NA,NA,"L1","r","r",0,0,"Blattodea",0
"NANAL1",NA,NA,"L1","r","y",0,0,"Coleoptera",0
"NANAL1",NA,NA,"L1","r","y",0,0,"Araneae",0
"NANAL1",NA,NA,"L1","r","y",0,0,"Formicidae",5
"NANAL1",NA,NA,"L1","r","y",0,0,"Isoptera",0
"NANAL1",NA,NA,"L1","r","y",0,0,"Apoidea",0
"NANAL1",NA,NA,"L1","r","y",0,0,"Crabronidae",2
"NANAL1",NA,NA,"L1","r","y",0,0,"Trichoptera",0
"NANAL1",NA,NA,"L1","r","y",0,0,"Diptera",5
"NANAL1",NA,NA,"L1","r","y",0,0,"Lepidoptera",1
"NANAL1",NA,NA,"L1","r","y",0,0,"Hemiptera",0
"NANAL1",NA,NA,"L1","r","y",0,0,"Blattodea",0
"NANAL2",NA,NA,"L2","b","y",0,0,"Coleoptera",0
"NANAL2",NA,NA,"L2","b","y",0,0,"Araneae",1
"NANAL2",NA,NA,"L2","b","y",0,0,"Formicidae",1
"NANAL2",NA,NA,"L2","b","y",0,0,"Isoptera",0
"NANAL2",NA,NA,"L2","b","y",0,0,"Apoidea",0
"NANAL2",NA,NA,"L2","b","y",0,0,"Crabronidae",0
"NANAL2",NA,NA,"L2","b","y",0,0,"Trichoptera",0
"NANAL2",NA,NA,"L2","b","y",0,0,"Diptera",0
"NANAL2",NA,NA,"L2","b","y",0,0,"Lepidoptera",0
"NANAL2",NA,NA,"L2","b","y",0,0,"Hemiptera",0
"NANAL2",NA,NA,"L2","b","y",0,0,"Blattodea",0
"NANAL2",NA,NA,"L2","b","b",0,0,"Coleoptera",0
"NANAL2",NA,NA,"L2","b","b",0,0,"Araneae",0
"NANAL2",NA,NA,"L2","b","b",0,0,"Formicidae",9
"NANAL2",NA,NA,"L2","b","b",0,0,"Isoptera",1
"NANAL2",NA,NA,"L2","b","b",0,0,"Apoidea",0
"NANAL2",NA,NA,"L2","b","b",0,0,"Crabronidae",1
"NANAL2",NA,NA,"L2","b","b",0,0,"Trichoptera",1
"NANAL2",NA,NA,"L2","b","b",0,0,"Diptera",0
"NANAL2",NA,NA,"L2","b","b",0,0,"Lepidoptera",0
"NANAL2",NA,NA,"L2","b","b",0,0,"Hemiptera",0
"NANAL2",NA,NA,"L2","b","b",0,0,"Blattodea",0
"NANAL2",NA,NA,"L2","r","b",0,0,"Coleoptera",0
"NANAL2",NA,NA,"L2","r","b",0,0,"Araneae",0
"NANAL2",NA,NA,"L2","r","b",0,0,"Formicidae",0
"NANAL2",NA,NA,"L2","r","b",0,0,"Isoptera",0
"NANAL2",NA,NA,"L2","r","b",0,0,"Apoidea",0
"NANAL2",NA,NA,"L2","r","b",0,0,"Crabronidae",0
"NANAL2",NA,NA,"L2","r","b",0,0,"Trichoptera",0
"NANAL2",NA,NA,"L2","r","b",0,0,"Diptera",0
"NANAL2",NA,NA,"L2","r","b",0,0,"Lepidoptera",0
"NANAL2",NA,NA,"L2","r","b",0,0,"Hemiptera",0
"NANAL2",NA,NA,"L2","r","b",0,0,"Blattodea",0
"NANAL2",NA,NA,"L2","y","y",0,0,"Coleoptera",0
"NANAL2",NA,NA,"L2","y","y",0,0,"Araneae",0
"NANAL2",NA,NA,"L2","y","y",0,0,"Formicidae",2
"NANAL2",NA,NA,"L2","y","y",0,0,"Isoptera",0
"NANAL2",NA,NA,"L2","y","y",0,0,"Apoidea",0
"NANAL2",NA,NA,"L2","y","y",0,0,"Crabronidae",0
"NANAL2",NA,NA,"L2","y","y",0,0,"Trichoptera",0
"NANAL2",NA,NA,"L2","y","y",0,0,"Diptera",0
"NANAL2",NA,NA,"L2","y","y",0,0,"Lepidoptera",2
"NANAL2",NA,NA,"L2","y","y",0,0,"Hemiptera",0
"NANAL2",NA,NA,"L2","y","y",0,0,"Blattodea",0
"NANAL2",NA,NA,"L2","b","r",0,0,"Coleoptera",0
"NANAL2",NA,NA,"L2","b","r",0,0,"Araneae",0
"NANAL2",NA,NA,"L2","b","r",0,0,"Formicidae",2
"NANAL2",NA,NA,"L2","b","r",0,0,"Isoptera",0
"NANAL2",NA,NA,"L2","b","r",0,0,"Apoidea",0
"NANAL2",NA,NA,"L2","b","r",0,0,"Crabronidae",0
"NANAL2",NA,NA,"L2","b","r",0,0,"Trichoptera",0
"NANAL2",NA,NA,"L2","b","r",0,0,"Diptera",0
"NANAL2",NA,NA,"L2","b","r",0,0,"Lepidoptera",0
"NANAL2",NA,NA,"L2","b","r",0,0,"Hemiptera",0
"NANAL2",NA,NA,"L2","b","r",0,0,"Blattodea",0
"NANAL2",NA,NA,"L2","r","w",0,0,"Coleoptera",1
"NANAL2",NA,NA,"L2","r","w",0,0,"Araneae",0
"NANAL2",NA,NA,"L2","r","w",0,0,"Formicidae",0
"NANAL2",NA,NA,"L2","r","w",0,0,"Isoptera",0
"NANAL2",NA,NA,"L2","r","w",0,0,"Apoidea",0
"NANAL2",NA,NA,"L2","r","w",0,0,"Crabronidae",0
"NANAL2",NA,NA,"L2","r","w",0,0,"Trichoptera",0
"NANAL2",NA,NA,"L2","r","w",0,0,"Diptera",0
"NANAL2",NA,NA,"L2","r","w",0,0,"Lepidoptera",0
"NANAL2",NA,NA,"L2","r","w",0,0,"Hemiptera",0
"NANAL2",NA,NA,"L2","r","w",0,0,"Blattodea",0
"NANAL2",NA,NA,"L2","w","y",0,0,"Coleoptera",0
"NANAL2",NA,NA,"L2","w","y",0,0,"Araneae",0
"NANAL2",NA,NA,"L2","w","y",0,0,"Formicidae",2
"NANAL2",NA,NA,"L2","w","y",0,0,"Isoptera",0
"NANAL2",NA,NA,"L2","w","y",0,0,"Apoidea",0
"NANAL2",NA,NA,"L2","w","y",0,0,"Crabronidae",1
"NANAL2",NA,NA,"L2","w","y",0,0,"Trichoptera",0
"NANAL2",NA,NA,"L2","w","y",0,0,"Diptera",1
"NANAL2",NA,NA,"L2","w","y",0,0,"Lepidoptera",0
"NANAL2",NA,NA,"L2","w","y",0,0,"Hemiptera",0
"NANAL2",NA,NA,"L2","w","y",0,0,"Blattodea",0
"NANAL2",NA,NA,"L2","b","w",0,0,"Coleoptera",0
"NANAL2",NA,NA,"L2","b","w",0,0,"Araneae",0
"NANAL2",NA,NA,"L2","b","w",0,0,"Formicidae",0
"NANAL2",NA,NA,"L2","b","w",0,0,"Isoptera",0
"NANAL2",NA,NA,"L2","b","w",0,0,"Apoidea",0
"NANAL2",NA,NA,"L2","b","w",0,0,"Crabronidae",0
"NANAL2",NA,NA,"L2","b","w",0,0,"Trichoptera",0
"NANAL2",NA,NA,"L2","b","w",0,0,"Diptera",0
"NANAL2",NA,NA,"L2","b","w",0,0,"Lepidoptera",0
"NANAL2",NA,NA,"L2","b","w",0,0,"Hemiptera",0
"NANAL2",NA,NA,"L2","b","w",0,0,"Blattodea",0
"NANAL2",NA,NA,"L2","y","b",0,0,"Coleoptera",0
"NANAL2",NA,NA,"L2","y","b",0,0,"Araneae",0
"NANAL2",NA,NA,"L2","y","b",0,0,"Formicidae",0
"NANAL2",NA,NA,"L2","y","b",0,0,"Isoptera",0
"NANAL2",NA,NA,"L2","y","b",0,0,"Apoidea",0
"NANAL2",NA,NA,"L2","y","b",0,0,"Crabronidae",0
"NANAL2",NA,NA,"L2","y","b",0,0,"Trichoptera",0
"NANAL2",NA,NA,"L2","y","b",0,0,"Diptera",0
"NANAL2",NA,NA,"L2","y","b",0,0,"Lepidoptera",0
"NANAL2",NA,NA,"L2","y","b",0,0,"Hemiptera",0
"NANAL2",NA,NA,"L2","y","b",0,0,"Blattodea",0
"NANAL2",NA,NA,"L2","y","w",0,0,"Coleoptera",0
"NANAL2",NA,NA,"L2","y","w",0,0,"Araneae",0
"NANAL2",NA,NA,"L2","y","w",0,0,"Formicidae",1
"NANAL2",NA,NA,"L2","y","w",0,0,"Isoptera",0
"NANAL2",NA,NA,"L2","y","w",0,0,"Apoidea",0
"NANAL2",NA,NA,"L2","y","w",0,0,"Crabronidae",0
"NANAL2",NA,NA,"L2","y","w",0,0,"Trichoptera",0
"NANAL2",NA,NA,"L2","y","w",0,0,"Diptera",0
"NANAL2",NA,NA,"L2","y","w",0,0,"Lepidoptera",0
"NANAL2",NA,NA,"L2","y","w",0,0,"Hemiptera",0
"NANAL2",NA,NA,"L2","y","w",0,0,"Blattodea",0
"NANAL2",NA,NA,"L2","w","r",0,0,"Coleoptera",1
"NANAL2",NA,NA,"L2","w","r",0,0,"Araneae",0
"NANAL2",NA,NA,"L2","w","r",0,0,"Formicidae",1
"NANAL2",NA,NA,"L2","w","r",0,0,"Isoptera",0
"NANAL2",NA,NA,"L2","w","r",0,0,"Apoidea",0
"NANAL2",NA,NA,"L2","w","r",0,0,"Crabronidae",0
"NANAL2",NA,NA,"L2","w","r",0,0,"Trichoptera",0
"NANAL2",NA,NA,"L2","w","r",0,0,"Diptera",1
"NANAL2",NA,NA,"L2","w","r",0,0,"Lepidoptera",0
"NANAL2",NA,NA,"L2","w","r",0,0,"Hemiptera",0
"NANAL2",NA,NA,"L2","w","r",0,0,"Blattodea",0
"NANAL2",NA,NA,"L2","w","b",0,0,"Coleoptera",0
"NANAL2",NA,NA,"L2","w","b",0,0,"Araneae",0
"NANAL2",NA,NA,"L2","w","b",0,0,"Formicidae",5
"NANAL2",NA,NA,"L2","w","b",0,0,"Isoptera",0
"NANAL2",NA,NA,"L2","w","b",0,0,"Apoidea",0
"NANAL2",NA,NA,"L2","w","b",0,0,"Crabronidae",0
"NANAL2",NA,NA,"L2","w","b",0,0,"Trichoptera",0
"NANAL2",NA,NA,"L2","w","b",0,0,"Diptera",0
"NANAL2",NA,NA,"L2","w","b",0,0,"Lepidoptera",1
"NANAL2",NA,NA,"L2","w","b",0,0,"Hemiptera",0
"NANAL2",NA,NA,"L2","w","b",0,0,"Blattodea",0
"NANAL2",NA,NA,"L2","r","y",0,0,"Coleoptera",0
"NANAL2",NA,NA,"L2","r","y",0,0,"Araneae",0
"NANAL2",NA,NA,"L2","r","y",0,0,"Formicidae",0
"NANAL2",NA,NA,"L2","r","y",0,0,"Isoptera",0
"NANAL2",NA,NA,"L2","r","y",0,0,"Apoidea",0
"NANAL2",NA,NA,"L2","r","y",0,0,"Crabronidae",0
"NANAL2",NA,NA,"L2","r","y",0,0,"Trichoptera",0
"NANAL2",NA,NA,"L2","r","y",0,0,"Diptera",0
"NANAL2",NA,NA,"L2","r","y",0,0,"Lepidoptera",0
"NANAL2",NA,NA,"L2","r","y",0,0,"Hemiptera",0
"NANAL2",NA,NA,"L2","r","y",0,0,"Blattodea",0
"NANAL2",NA,NA,"L2","w","w",0,0,"Coleoptera",0
"NANAL2",NA,NA,"L2","w","w",0,0,"Araneae",0
"NANAL2",NA,NA,"L2","w","w",0,0,"Formicidae",2
"NANAL2",NA,NA,"L2","w","w",0,0,"Isoptera",0
"NANAL2",NA,NA,"L2","w","w",0,0,"Apoidea",0
"NANAL2",NA,NA,"L2","w","w",0,0,"Crabronidae",1
"NANAL2",NA,NA,"L2","w","w",0,0,"Trichoptera",0
"NANAL2",NA,NA,"L2","w","w",0,0,"Diptera",0
"NANAL2",NA,NA,"L2","w","w",0,0,"Lepidoptera",1
"NANAL2",NA,NA,"L2","w","w",0,0,"Hemiptera",0
"NANAL2",NA,NA,"L2","w","w",0,0,"Blattodea",0
"NANAL2",NA,NA,"L2","r","r",0,0,"Coleoptera",1
"NANAL2",NA,NA,"L2","r","r",0,0,"Araneae",0
"NANAL2",NA,NA,"L2","r","r",0,0,"Formicidae",0
"NANAL2",NA,NA,"L2","r","r",0,0,"Isoptera",0
"NANAL2",NA,NA,"L2","r","r",0,0,"Apoidea",0
"NANAL2",NA,NA,"L2","r","r",0,0,"Crabronidae",0
"NANAL2",NA,NA,"L2","r","r",0,0,"Trichoptera",0
"NANAL2",NA,NA,"L2","r","r",0,0,"Diptera",0
"NANAL2",NA,NA,"L2","r","r",0,0,"Lepidoptera",0
"NANAL2",NA,NA,"L2","r","r",0,0,"Hemiptera",0
"NANAL2",NA,NA,"L2","r","r",0,0,"Blattodea",0
"NANAL2",NA,NA,"L2","y","r",0,0,"Coleoptera",0
"NANAL2",NA,NA,"L2","y","r",0,0,"Araneae",0
"NANAL2",NA,NA,"L2","y","r",0,0,"Formicidae",1
"NANAL2",NA,NA,"L2","y","r",0,0,"Isoptera",0
"NANAL2",NA,NA,"L2","y","r",0,0,"Apoidea",0
"NANAL2",NA,NA,"L2","y","r",0,0,"Crabronidae",0
"NANAL2",NA,NA,"L2","y","r",0,0,"Trichoptera",0
"NANAL2",NA,NA,"L2","y","r",0,0,"Diptera",0
"NANAL2",NA,NA,"L2","y","r",0,0,"Lepidoptera",0
"NANAL2",NA,NA,"L2","y","r",0,0,"Hemiptera",0
"NANAL2",NA,NA,"L2","y","r",0,0,"Blattodea",0
"NANAL3",NA,NA,"L3","y","y",0,0,"Coleoptera",1
"NANAL3",NA,NA,"L3","y","y",0,0,"Araneae",0
"NANAL3",NA,NA,"L3","y","y",0,0,"Formicidae",0
"NANAL3",NA,NA,"L3","y","y",0,0,"Isoptera",0
"NANAL3",NA,NA,"L3","y","y",0,0,"Apoidea",0
"NANAL3",NA,NA,"L3","y","y",0,0,"Crabronidae",0
"NANAL3",NA,NA,"L3","y","y",0,0,"Trichoptera",0
"NANAL3",NA,NA,"L3","y","y",0,0,"Diptera",0
"NANAL3",NA,NA,"L3","y","y",0,0,"Lepidoptera",0
"NANAL3",NA,NA,"L3","y","y",0,0,"Hemiptera",0
"NANAL3",NA,NA,"L3","y","y",0,0,"Blattodea",0
"NANAL3",NA,NA,"L3","y","w",0,0,"Coleoptera",0
"NANAL3",NA,NA,"L3","y","w",0,0,"Araneae",0
"NANAL3",NA,NA,"L3","y","w",0,0,"Formicidae",0
"NANAL3",NA,NA,"L3","y","w",0,0,"Isoptera",0
"NANAL3",NA,NA,"L3","y","w",0,0,"Apoidea",0
"NANAL3",NA,NA,"L3","y","w",0,0,"Crabronidae",0
"NANAL3",NA,NA,"L3","y","w",0,0,"Trichoptera",0
"NANAL3",NA,NA,"L3","y","w",0,0,"Diptera",1
"NANAL3",NA,NA,"L3","y","w",0,0,"Lepidoptera",0
"NANAL3",NA,NA,"L3","y","w",0,0,"Hemiptera",0
"NANAL3",NA,NA,"L3","y","w",0,0,"Blattodea",0
"NANAL3",NA,NA,"L3","y","b",0,0,"Coleoptera",0
"NANAL3",NA,NA,"L3","y","b",0,0,"Araneae",0
"NANAL3",NA,NA,"L3","y","b",0,0,"Formicidae",0
"NANAL3",NA,NA,"L3","y","b",0,0,"Isoptera",0
"NANAL3",NA,NA,"L3","y","b",0,0,"Apoidea",0
"NANAL3",NA,NA,"L3","y","b",0,0,"Crabronidae",0
"NANAL3",NA,NA,"L3","y","b",0,0,"Trichoptera",0
"NANAL3",NA,NA,"L3","y","b",0,0,"Diptera",1
"NANAL3",NA,NA,"L3","y","b",0,0,"Lepidoptera",0
"NANAL3",NA,NA,"L3","y","b",0,0,"Hemiptera",0
"NANAL3",NA,NA,"L3","y","b",0,0,"Blattodea",0
"NANAL3",NA,NA,"L3","b","b",0,0,"Coleoptera",0
"NANAL3",NA,NA,"L3","b","b",0,0,"Araneae",0
"NANAL3",NA,NA,"L3","b","b",0,0,"Formicidae",0
"NANAL3",NA,NA,"L3","b","b",0,0,"Isoptera",0
"NANAL3",NA,NA,"L3","b","b",0,0,"Apoidea",1
"NANAL3",NA,NA,"L3","b","b",0,0,"Crabronidae",0
"NANAL3",NA,NA,"L3","b","b",0,0,"Trichoptera",0
"NANAL3",NA,NA,"L3","b","b",0,0,"Diptera",0
"NANAL3",NA,NA,"L3","b","b",0,0,"Lepidoptera",0
"NANAL3",NA,NA,"L3","b","b",0,0,"Hemiptera",0
"NANAL3",NA,NA,"L3","b","b",0,0,"Blattodea",0
"NANAL3",NA,NA,"L3","r","r",0,0,"Coleoptera",0
"NANAL3",NA,NA,"L3","r","r",0,0,"Araneae",0
"NANAL3",NA,NA,"L3","r","r",0,0,"Formicidae",1
"NANAL3",NA,NA,"L3","r","r",0,0,"Isoptera",0
"NANAL3",NA,NA,"L3","r","r",0,0,"Apoidea",0
"NANAL3",NA,NA,"L3","r","r",0,0,"Crabronidae",0
"NANAL3",NA,NA,"L3","r","r",0,0,"Trichoptera",0
"NANAL3",NA,NA,"L3","r","r",0,0,"Diptera",0
"NANAL3",NA,NA,"L3","r","r",0,0,"Lepidoptera",0
"NANAL3",NA,NA,"L3","r","r",0,0,"Hemiptera",0
"NANAL3",NA,NA,"L3","r","r",0,0,"Blattodea",0
"NANAL3",NA,NA,"L3","w","b",0,0,"Coleoptera",0
"NANAL3",NA,NA,"L3","w","b",0,0,"Araneae",0
"NANAL3",NA,NA,"L3","w","b",0,0,"Formicidae",0
"NANAL3",NA,NA,"L3","w","b",0,0,"Isoptera",0
"NANAL3",NA,NA,"L3","w","b",0,0,"Apoidea",0
"NANAL3",NA,NA,"L3","w","b",0,0,"Crabronidae",0
"NANAL3",NA,NA,"L3","w","b",0,0,"Trichoptera",0
"NANAL3",NA,NA,"L3","w","b",0,0,"Diptera",0
"NANAL3",NA,NA,"L3","w","b",0,0,"Lepidoptera",1
"NANAL3",NA,NA,"L3","w","b",0,0,"Hemiptera",0
"NANAL3",NA,NA,"L3","w","b",0,0,"Blattodea",0
"NANAL3",NA,NA,"L3","y","r",0,0,"Coleoptera",0
"NANAL3",NA,NA,"L3","y","r",0,0,"Araneae",0
"NANAL3",NA,NA,"L3","y","r",0,0,"Formicidae",0
"NANAL3",NA,NA,"L3","y","r",0,0,"Isoptera",0
"NANAL3",NA,NA,"L3","y","r",0,0,"Apoidea",0
"NANAL3",NA,NA,"L3","y","r",0,0,"Crabronidae",0
"NANAL3",NA,NA,"L3","y","r",0,0,"Trichoptera",0
"NANAL3",NA,NA,"L3","y","r",0,0,"Diptera",0
"NANAL3",NA,NA,"L3","y","r",0,0,"Lepidoptera",0
"NANAL3",NA,NA,"L3","y","r",0,0,"Hemiptera",0
"NANAL3",NA,NA,"L3","y","r",0,0,"Blattodea",0
"NANAL3",NA,NA,"L3","w","w",0,0,"Coleoptera",0
"NANAL3",NA,NA,"L3","w","w",0,0,"Araneae",0
"NANAL3",NA,NA,"L3","w","w",0,0,"Formicidae",0
"NANAL3",NA,NA,"L3","w","w",0,0,"Isoptera",0
"NANAL3",NA,NA,"L3","w","w",0,0,"Apoidea",0
"NANAL3",NA,NA,"L3","w","w",0,0,"Crabronidae",0
"NANAL3",NA,NA,"L3","w","w",0,0,"Trichoptera",0
"NANAL3",NA,NA,"L3","w","w",0,0,"Diptera",0
"NANAL3",NA,NA,"L3","w","w",0,0,"Lepidoptera",0
"NANAL3",NA,NA,"L3","w","w",0,0,"Hemiptera",0
"NANAL3",NA,NA,"L3","w","w",0,0,"Blattodea",0
"NANAL3",NA,NA,"L3","w","y",0,0,"Coleoptera",0
"NANAL3",NA,NA,"L3","w","y",0,0,"Araneae",0
"NANAL3",NA,NA,"L3","w","y",0,0,"Formicidae",0
"NANAL3",NA,NA,"L3","w","y",0,0,"Isoptera",0
"NANAL3",NA,NA,"L3","w","y",0,0,"Apoidea",0
"NANAL3",NA,NA,"L3","w","y",0,0,"Crabronidae",0
"NANAL3",NA,NA,"L3","w","y",0,0,"Trichoptera",0
"NANAL3",NA,NA,"L3","w","y",0,0,"Diptera",0
"NANAL3",NA,NA,"L3","w","y",0,0,"Lepidoptera",0
"NANAL3",NA,NA,"L3","w","y",0,0,"Hemiptera",0
"NANAL3",NA,NA,"L3","w","y",0,0,"Blattodea",0
"NANAL3",NA,NA,"L3","b","y",0,0,"Coleoptera",0
"NANAL3",NA,NA,"L3","b","y",0,0,"Araneae",0
"NANAL3",NA,NA,"L3","b","y",0,0,"Formicidae",1
"NANAL3",NA,NA,"L3","b","y",0,0,"Isoptera",0
"NANAL3",NA,NA,"L3","b","y",0,0,"Apoidea",0
"NANAL3",NA,NA,"L3","b","y",0,0,"Crabronidae",0
"NANAL3",NA,NA,"L3","b","y",0,0,"Trichoptera",0
"NANAL3",NA,NA,"L3","b","y",0,0,"Diptera",1
"NANAL3",NA,NA,"L3","b","y",0,0,"Lepidoptera",0
"NANAL3",NA,NA,"L3","b","y",0,0,"Hemiptera",0
"NANAL3",NA,NA,"L3","b","y",0,0,"Blattodea",0
"NANAL3",NA,NA,"L3","b","r",0,0,"Coleoptera",1
"NANAL3",NA,NA,"L3","b","r",0,0,"Araneae",0
"NANAL3",NA,NA,"L3","b","r",0,0,"Formicidae",0
"NANAL3",NA,NA,"L3","b","r",0,0,"Isoptera",0
"NANAL3",NA,NA,"L3","b","r",0,0,"Apoidea",0
"NANAL3",NA,NA,"L3","b","r",0,0,"Crabronidae",0
"NANAL3",NA,NA,"L3","b","r",0,0,"Trichoptera",0
"NANAL3",NA,NA,"L3","b","r",0,0,"Diptera",0
"NANAL3",NA,NA,"L3","b","r",0,0,"Lepidoptera",0
"NANAL3",NA,NA,"L3","b","r",0,0,"Hemiptera",0
"NANAL3",NA,NA,"L3","b","r",0,0,"Blattodea",0
"NANAL3",NA,NA,"L3","r","w",0,0,"Coleoptera",0
"NANAL3",NA,NA,"L3","r","w",0,0,"Araneae",0
"NANAL3",NA,NA,"L3","r","w",0,0,"Formicidae",2
"NANAL3",NA,NA,"L3","r","w",0,0,"Isoptera",0
"NANAL3",NA,NA,"L3","r","w",0,0,"Apoidea",0
"NANAL3",NA,NA,"L3","r","w",0,0,"Crabronidae",0
"NANAL3",NA,NA,"L3","r","w",0,0,"Trichoptera",0
"NANAL3",NA,NA,"L3","r","w",0,0,"Diptera",1
"NANAL3",NA,NA,"L3","r","w",0,0,"Lepidoptera",0
"NANAL3",NA,NA,"L3","r","w",0,0,"Hemiptera",0
"NANAL3",NA,NA,"L3","r","w",0,0,"Blattodea",0
"NANAL3",NA,NA,"L3","r","y",0,0,"Coleoptera",0
"NANAL3",NA,NA,"L3","r","y",0,0,"Araneae",0
"NANAL3",NA,NA,"L3","r","y",0,0,"Formicidae",1
"NANAL3",NA,NA,"L3","r","y",0,0,"Isoptera",0
"NANAL3",NA,NA,"L3","r","y",0,0,"Apoidea",0
"NANAL3",NA,NA,"L3","r","y",0,0,"Crabronidae",0
"NANAL3",NA,NA,"L3","r","y",0,0,"Trichoptera",0
"NANAL3",NA,NA,"L3","r","y",0,0,"Diptera",0
"NANAL3",NA,NA,"L3","r","y",0,0,"Lepidoptera",1
"NANAL3",NA,NA,"L3","r","y",0,0,"Hemiptera",0
"NANAL3",NA,NA,"L3","r","y",0,0,"Blattodea",0
"NANAL3",NA,NA,"L3","w","r",0,0,"Coleoptera",1
"NANAL3",NA,NA,"L3","w","r",0,0,"Araneae",0
"NANAL3",NA,NA,"L3","w","r",0,0,"Formicidae",2
"NANAL3",NA,NA,"L3","w","r",0,0,"Isoptera",0
"NANAL3",NA,NA,"L3","w","r",0,0,"Apoidea",1
"NANAL3",NA,NA,"L3","w","r",0,0,"Crabronidae",0
"NANAL3",NA,NA,"L3","w","r",0,0,"Trichoptera",0
"NANAL3",NA,NA,"L3","w","r",0,0,"Diptera",0
"NANAL3",NA,NA,"L3","w","r",0,0,"Lepidoptera",0
"NANAL3",NA,NA,"L3","w","r",0,0,"Hemiptera",0
"NANAL3",NA,NA,"L3","w","r",0,0,"Blattodea",0
"NANAL3",NA,NA,"L3","r","b",0,0,"Coleoptera",0
"NANAL3",NA,NA,"L3","r","b",0,0,"Araneae",0
"NANAL3",NA,NA,"L3","r","b",0,0,"Formicidae",0
"NANAL3",NA,NA,"L3","r","b",0,0,"Isoptera",0
"NANAL3",NA,NA,"L3","r","b",0,0,"Apoidea",0
"NANAL3",NA,NA,"L3","r","b",0,0,"Crabronidae",0
"NANAL3",NA,NA,"L3","r","b",0,0,"Trichoptera",0
"NANAL3",NA,NA,"L3","r","b",0,0,"Diptera",0
"NANAL3",NA,NA,"L3","r","b",0,0,"Lepidoptera",0
"NANAL3",NA,NA,"L3","r","b",0,0,"Hemiptera",0
"NANAL3",NA,NA,"L3","r","b",0,0,"Blattodea",0
"NANAL3",NA,NA,"L3","b","w",0,0,"Coleoptera",0
"NANAL3",NA,NA,"L3","b","w",0,0,"Araneae",0
"NANAL3",NA,NA,"L3","b","w",0,0,"Formicidae",0
"NANAL3",NA,NA,"L3","b","w",0,0,"Isoptera",0
"NANAL3",NA,NA,"L3","b","w",0,0,"Apoidea",0
"NANAL3",NA,NA,"L3","b","w",0,0,"Crabronidae",1
"NANAL3",NA,NA,"L3","b","w",0,0,"Trichoptera",0
"NANAL3",NA,NA,"L3","b","w",0,0,"Diptera",0
"NANAL3",NA,NA,"L3","b","w",0,0,"Lepidoptera",0
"NANAL3",NA,NA,"L3","b","w",0,0,"Hemiptera",0
"NANAL3",NA,NA,"L3","b","w",0,0,"Blattodea",0
"NANAL1",NA,NA,"L1","r","b",0,0,"Coleoptera",0
"NANAL1",NA,NA,"L1","r","b",0,0,"Araneae",0
"NANAL1",NA,NA,"L1","r","b",0,0,"Formicidae",0
"NANAL1",NA,NA,"L1","r","b",0,0,"Isoptera",0
"NANAL1",NA,NA,"L1","r","b",0,0,"Apoidea",0
"NANAL1",NA,NA,"L1","r","b",0,0,"Crabronidae",0
"NANAL1",NA,NA,"L1","r","b",0,0,"Trichoptera",0
"NANAL1",NA,NA,"L1","r","b",0,0,"Diptera",1
"NANAL1",NA,NA,"L1","r","b",0,0,"Lepidoptera",0
"NANAL1",NA,NA,"L1","r","b",0,0,"Hemiptera",0
"NANAL1",NA,NA,"L1","r","b",0,0,"Blattodea",0
"NANAL1",NA,NA,"L1","r","y",0,0,"Coleoptera",0
"NANAL1",NA,NA,"L1","r","y",0,0,"Araneae",0
"NANAL1",NA,NA,"L1","r","y",0,0,"Formicidae",3
"NANAL1",NA,NA,"L1","r","y",0,0,"Isoptera",0
"NANAL1",NA,NA,"L1","r","y",0,0,"Apoidea",0
"NANAL1",NA,NA,"L1","r","y",0,0,"Crabronidae",0
"NANAL1",NA,NA,"L1","r","y",0,0,"Trichoptera",0
"NANAL1",NA,NA,"L1","r","y",0,0,"Diptera",0
"NANAL1",NA,NA,"L1","r","y",0,0,"Lepidoptera",0
"NANAL1",NA,NA,"L1","r","y",0,0,"Hemiptera",0
"NANAL1",NA,NA,"L1","r","y",0,0,"Blattodea",0
"NANAL1",NA,NA,"L1","r","w",0,0,"Coleoptera",0
"NANAL1",NA,NA,"L1","r","w",0,0,"Araneae",0
"NANAL1",NA,NA,"L1","r","w",0,0,"Formicidae",0
"NANAL1",NA,NA,"L1","r","w",0,0,"Isoptera",0
"NANAL1",NA,NA,"L1","r","w",0,0,"Apoidea",0
"NANAL1",NA,NA,"L1","r","w",0,0,"Crabronidae",0
"NANAL1",NA,NA,"L1","r","w",0,0,"Trichoptera",0
"NANAL1",NA,NA,"L1","r","w",0,0,"Diptera",2
"NANAL1",NA,NA,"L1","r","w",0,0,"Lepidoptera",0
"NANAL1",NA,NA,"L1","r","w",0,0,"Hemiptera",0
"NANAL1",NA,NA,"L1","r","w",0,0,"Blattodea",0
"NANAL1",NA,NA,"L1","b","r",0,0,"Coleoptera",0
"NANAL1",NA,NA,"L1","b","r",0,0,"Araneae",0
"NANAL1",NA,NA,"L1","b","r",0,0,"Formicidae",1
"NANAL1",NA,NA,"L1","b","r",0,0,"Isoptera",0
"NANAL1",NA,NA,"L1","b","r",0,0,"Apoidea",0
"NANAL1",NA,NA,"L1","b","r",0,0,"Crabronidae",0
"NANAL1",NA,NA,"L1","b","r",0,0,"Trichoptera",0
"NANAL1",NA,NA,"L1","b","r",0,0,"Diptera",0
"NANAL1",NA,NA,"L1","b","r",0,0,"Lepidoptera",0
"NANAL1",NA,NA,"L1","b","r",0,0,"Hemiptera",0
"NANAL1",NA,NA,"L1","b","r",0,0,"Blattodea",0
"NANAL1",NA,NA,"L1","b","b",0,0,"Coleoptera",1
"NANAL1",NA,NA,"L1","b","b",0,0,"Araneae",0
"NANAL1",NA,NA,"L1","b","b",0,0,"Formicidae",0
"NANAL1",NA,NA,"L1","b","b",0,0,"Isoptera",0
"NANAL1",NA,NA,"L1","b","b",0,0,"Apoidea",0
"NANAL1",NA,NA,"L1","b","b",0,0,"Crabronidae",0
"NANAL1",NA,NA,"L1","b","b",0,0,"Trichoptera",1
"NANAL1",NA,NA,"L1","b","b",0,0,"Diptera",0
"NANAL1",NA,NA,"L1","b","b",0,0,"Lepidoptera",0
"NANAL1",NA,NA,"L1","b","b",0,0,"Hemiptera",0
"NANAL1",NA,NA,"L1","b","b",0,0,"Blattodea",0
"NANAL1",NA,NA,"L1","b","y",0,0,"Coleoptera",0
"NANAL1",NA,NA,"L1","b","y",0,0,"Araneae",0
"NANAL1",NA,NA,"L1","b","y",0,0,"Formicidae",0
"NANAL1",NA,NA,"L1","b","y",0,0,"Isoptera",0
"NANAL1",NA,NA,"L1","b","y",0,0,"Apoidea",0
"NANAL1",NA,NA,"L1","b","y",0,0,"Crabronidae",0
"NANAL1",NA,NA,"L1","b","y",0,0,"Trichoptera",0
"NANAL1",NA,NA,"L1","b","y",0,0,"Diptera",1
"NANAL1",NA,NA,"L1","b","y",0,0,"Lepidoptera",0
"NANAL1",NA,NA,"L1","b","y",0,0,"Hemiptera",0
"NANAL1",NA,NA,"L1","b","y",0,0,"Blattodea",0
"NANAL1",NA,NA,"L1","b","w",0,0,"Coleoptera",0
"NANAL1",NA,NA,"L1","b","w",0,0,"Araneae",0
"NANAL1",NA,NA,"L1","b","w",0,0,"Formicidae",0
"NANAL1",NA,NA,"L1","b","w",0,0,"Isoptera",0
"NANAL1",NA,NA,"L1","b","w",0,0,"Apoidea",0
"NANAL1",NA,NA,"L1","b","w",0,0,"Crabronidae",2
"NANAL1",NA,NA,"L1","b","w",0,0,"Trichoptera",0
"NANAL1",NA,NA,"L1","b","w",0,0,"Diptera",0
"NANAL1",NA,NA,"L1","b","w",0,0,"Lepidoptera",0
"NANAL1",NA,NA,"L1","b","w",0,0,"Hemiptera",0
"NANAL1",NA,NA,"L1","b","w",0,0,"Blattodea",0
"NANAL1",NA,NA,"L1","y","r",0,0,"Coleoptera",0
"NANAL1",NA,NA,"L1","y","r",0,0,"Araneae",0
"NANAL1",NA,NA,"L1","y","r",0,0,"Formicidae",0
"NANAL1",NA,NA,"L1","y","r",0,0,"Isoptera",0
"NANAL1",NA,NA,"L1","y","r",0,0,"Apoidea",0
"NANAL1",NA,NA,"L1","y","r",0,0,"Crabronidae",0
"NANAL1",NA,NA,"L1","y","r",0,0,"Trichoptera",0
"NANAL1",NA,NA,"L1","y","r",0,0,"Diptera",1
"NANAL1",NA,NA,"L1","y","r",0,0,"Lepidoptera",0
"NANAL1",NA,NA,"L1","y","r",0,0,"Hemiptera",0
"NANAL1",NA,NA,"L1","y","r",0,0,"Blattodea",0
"NANAL1",NA,NA,"L1","y","b",0,0,"Coleoptera",0
"NANAL1",NA,NA,"L1","y","b",0,0,"Araneae",0
"NANAL1",NA,NA,"L1","y","b",0,0,"Formicidae",2
"NANAL1",NA,NA,"L1","y","b",0,0,"Isoptera",0
"NANAL1",NA,NA,"L1","y","b",0,0,"Apoidea",0
"NANAL1",NA,NA,"L1","y","b",0,0,"Crabronidae",0
"NANAL1",NA,NA,"L1","y","b",0,0,"Trichoptera",0
"NANAL1",NA,NA,"L1","y","b",0,0,"Diptera",0
"NANAL1",NA,NA,"L1","y","b",0,0,"Lepidoptera",0
"NANAL1",NA,NA,"L1","y","b",0,0,"Hemiptera",0
"NANAL1",NA,NA,"L1","y","b",0,0,"Blattodea",0
"NANAL1",NA,NA,"L1","y","y",0,0,"Coleoptera",0
"NANAL1",NA,NA,"L1","y","y",0,0,"Araneae",0
"NANAL1",NA,NA,"L1","y","y",0,0,"Formicidae",0
"NANAL1",NA,NA,"L1","y","y",0,0,"Isoptera",0
"NANAL1",NA,NA,"L1","y","y",0,0,"Apoidea",0
"NANAL1",NA,NA,"L1","y","y",0,0,"Crabronidae",0
"NANAL1",NA,NA,"L1","y","y",0,0,"Trichoptera",0
"NANAL1",NA,NA,"L1","y","y",0,0,"Diptera",0
"NANAL1",NA,NA,"L1","y","y",0,0,"Lepidoptera",0
"NANAL1",NA,NA,"L1","y","y",0,0,"Hemiptera",1
"NANAL1",NA,NA,"L1","y","y",0,0,"Blattodea",0
"NANAL1",NA,NA,"L1","y","w",0,0,"Coleoptera",0
"NANAL1",NA,NA,"L1","y","w",0,0,"Araneae",0
"NANAL1",NA,NA,"L1","y","w",0,0,"Formicidae",0
"NANAL1",NA,NA,"L1","y","w",0,0,"Isoptera",0
"NANAL1",NA,NA,"L1","y","w",0,0,"Apoidea",0
"NANAL1",NA,NA,"L1","y","w",0,0,"Crabronidae",0
"NANAL1",NA,NA,"L1","y","w",0,0,"Trichoptera",0
"NANAL1",NA,NA,"L1","y","w",0,0,"Diptera",3
"NANAL1",NA,NA,"L1","y","w",0,0,"Lepidoptera",1
"NANAL1",NA,NA,"L1","y","w",0,0,"Hemiptera",0
"NANAL1",NA,NA,"L1","y","w",0,0,"Blattodea",0
"NANAL1",NA,NA,"L1","w","r",0,0,"Coleoptera",0
"NANAL1",NA,NA,"L1","w","r",0,0,"Araneae",0
"NANAL1",NA,NA,"L1","w","r",0,0,"Formicidae",3
"NANAL1",NA,NA,"L1","w","r",0,0,"Isoptera",0
"NANAL1",NA,NA,"L1","w","r",0,0,"Apoidea",0
"NANAL1",NA,NA,"L1","w","r",0,0,"Crabronidae",0
"NANAL1",NA,NA,"L1","w","r",0,0,"Trichoptera",0
"NANAL1",NA,NA,"L1","w","r",0,0,"Diptera",0
"NANAL1",NA,NA,"L1","w","r",0,0,"Lepidoptera",0
"NANAL1",NA,NA,"L1","w","r",0,0,"Hemiptera",0
"NANAL1",NA,NA,"L1","w","r",0,0,"Blattodea",0
"NANAL1",NA,NA,"L1","w","b",0,0,"Coleoptera",0
"NANAL1",NA,NA,"L1","w","b",0,0,"Araneae",0
"NANAL1",NA,NA,"L1","w","b",0,0,"Formicidae",0
"NANAL1",NA,NA,"L1","w","b",0,0,"Isoptera",0
"NANAL1",NA,NA,"L1","w","b",0,0,"Apoidea",0
"NANAL1",NA,NA,"L1","w","b",0,0,"Crabronidae",0
"NANAL1",NA,NA,"L1","w","b",0,0,"Trichoptera",0
"NANAL1",NA,NA,"L1","w","b",0,0,"Diptera",2
"NANAL1",NA,NA,"L1","w","b",0,0,"Lepidoptera",1
"NANAL1",NA,NA,"L1","w","b",0,0,"Hemiptera",0
"NANAL1",NA,NA,"L1","w","b",0,0,"Blattodea",0
"NANAL1",NA,NA,"L1","w","y",0,0,"Coleoptera",0
"NANAL1",NA,NA,"L1","w","y",0,0,"Araneae",0
"NANAL1",NA,NA,"L1","w","y",0,0,"Formicidae",1
"NANAL1",NA,NA,"L1","w","y",0,0,"Isoptera",0
"NANAL1",NA,NA,"L1","w","y",0,0,"Apoidea",0
"NANAL1",NA,NA,"L1","w","y",0,0,"Crabronidae",0
"NANAL1",NA,NA,"L1","w","y",0,0,"Trichoptera",0
"NANAL1",NA,NA,"L1","w","y",0,0,"Diptera",0
"NANAL1",NA,NA,"L1","w","y",0,0,"Lepidoptera",0
"NANAL1",NA,NA,"L1","w","y",0,0,"Hemiptera",0
"NANAL1",NA,NA,"L1","w","y",0,0,"Blattodea",0
"NANAL1",NA,NA,"L1","w","w",0,0,"Coleoptera",0
"NANAL1",NA,NA,"L1","w","w",0,0,"Araneae",0
"NANAL1",NA,NA,"L1","w","w",0,0,"Formicidae",3
"NANAL1",NA,NA,"L1","w","w",0,0,"Isoptera",0
"NANAL1",NA,NA,"L1","w","w",0,0,"Apoidea",0
"NANAL1",NA,NA,"L1","w","w",0,0,"Crabronidae",0
"NANAL1",NA,NA,"L1","w","w",0,0,"Trichoptera",0
"NANAL1",NA,NA,"L1","w","w",0,0,"Diptera",0
"NANAL1",NA,NA,"L1","w","w",0,0,"Lepidoptera",0
"NANAL1",NA,NA,"L1","w","w",0,0,"Hemiptera",0
"NANAL1",NA,NA,"L1","w","w",0,0,"Blattodea",0
"NANAL2",NA,NA,"L2","r","y",0,0,"Coleoptera",0
"NANAL2",NA,NA,"L2","r","y",0,0,"Araneae",0
"NANAL2",NA,NA,"L2","r","y",0,0,"Formicidae",1
"NANAL2",NA,NA,"L2","r","y",0,0,"Isoptera",0
"NANAL2",NA,NA,"L2","r","y",0,0,"Apoidea",0
"NANAL2",NA,NA,"L2","r","y",0,0,"Crabronidae",0
"NANAL2",NA,NA,"L2","r","y",0,0,"Trichoptera",0
"NANAL2",NA,NA,"L2","r","y",0,0,"Diptera",3
"NANAL2",NA,NA,"L2","r","y",0,0,"Lepidoptera",0
"NANAL2",NA,NA,"L2","r","y",0,0,"Hemiptera",0
"NANAL2",NA,NA,"L2","r","y",0,0,"Blattodea",0
"NANAL2",NA,NA,"L2","r","r",0,0,"Coleoptera",0
"NANAL2",NA,NA,"L2","r","r",0,0,"Araneae",0
"NANAL2",NA,NA,"L2","r","r",0,0,"Formicidae",6
"NANAL2",NA,NA,"L2","r","r",0,0,"Isoptera",0
"NANAL2",NA,NA,"L2","r","r",0,0,"Apoidea",0
"NANAL2",NA,NA,"L2","r","r",0,0,"Crabronidae",0
"NANAL2",NA,NA,"L2","r","r",0,0,"Trichoptera",0
"NANAL2",NA,NA,"L2","r","r",0,0,"Diptera",0
"NANAL2",NA,NA,"L2","r","r",0,0,"Lepidoptera",0
"NANAL2",NA,NA,"L2","r","r",0,0,"Hemiptera",0
"NANAL2",NA,NA,"L2","r","r",0,0,"Blattodea",0
"NANAL2",NA,NA,"L2","r","w",0,0,"Coleoptera",1
"NANAL2",NA,NA,"L2","r","w",0,0,"Araneae",2
"NANAL2",NA,NA,"L2","r","w",0,0,"Formicidae",15
"NANAL2",NA,NA,"L2","r","w",0,0,"Isoptera",1
"NANAL2",NA,NA,"L2","r","w",0,0,"Apoidea",0
"NANAL2",NA,NA,"L2","r","w",0,0,"Crabronidae",0
"NANAL2",NA,NA,"L2","r","w",0,0,"Trichoptera",0
"NANAL2",NA,NA,"L2","r","w",0,0,"Diptera",4
"NANAL2",NA,NA,"L2","r","w",0,0,"Lepidoptera",1
"NANAL2",NA,NA,"L2","r","w",0,0,"Hemiptera",0
"NANAL2",NA,NA,"L2","r","w",0,0,"Blattodea",0
"NANAL2",NA,NA,"L2","r","b",0,0,"Coleoptera",0
"NANAL2",NA,NA,"L2","r","b",0,0,"Araneae",0
"NANAL2",NA,NA,"L2","r","b",0,0,"Formicidae",12
"NANAL2",NA,NA,"L2","r","b",0,0,"Isoptera",0
"NANAL2",NA,NA,"L2","r","b",0,0,"Apoidea",0
"NANAL2",NA,NA,"L2","r","b",0,0,"Crabronidae",1
"NANAL2",NA,NA,"L2","r","b",0,0,"Trichoptera",0
"NANAL2",NA,NA,"L2","r","b",0,0,"Diptera",0
"NANAL2",NA,NA,"L2","r","b",0,0,"Lepidoptera",2
"NANAL2",NA,NA,"L2","r","b",0,0,"Hemiptera",0
"NANAL2",NA,NA,"L2","r","b",0,0,"Blattodea",0
"NANAL2",NA,NA,"L2","w","b",0,0,"Coleoptera",0
"NANAL2",NA,NA,"L2","w","b",0,0,"Araneae",0
"NANAL2",NA,NA,"L2","w","b",0,0,"Formicidae",0
"NANAL2",NA,NA,"L2","w","b",0,0,"Isoptera",0
"NANAL2",NA,NA,"L2","w","b",0,0,"Apoidea",0
"NANAL2",NA,NA,"L2","w","b",0,0,"Crabronidae",0
"NANAL2",NA,NA,"L2","w","b",0,0,"Trichoptera",0
"NANAL2",NA,NA,"L2","w","b",0,0,"Diptera",1
"NANAL2",NA,NA,"L2","w","b",0,0,"Lepidoptera",0
"NANAL2",NA,NA,"L2","w","b",0,0,"Hemiptera",0
"NANAL2",NA,NA,"L2","w","b",0,0,"Blattodea",0
"NANAL2",NA,NA,"L2","w","y",0,0,"Coleoptera",2
"NANAL2",NA,NA,"L2","w","y",0,0,"Araneae",0
"NANAL2",NA,NA,"L2","w","y",0,0,"Formicidae",0
"NANAL2",NA,NA,"L2","w","y",0,0,"Isoptera",0
"NANAL2",NA,NA,"L2","w","y",0,0,"Apoidea",0
"NANAL2",NA,NA,"L2","w","y",0,0,"Crabronidae",0
"NANAL2",NA,NA,"L2","w","y",0,0,"Trichoptera",0
"NANAL2",NA,NA,"L2","w","y",0,0,"Diptera",0
"NANAL2",NA,NA,"L2","w","y",0,0,"Lepidoptera",0
"NANAL2",NA,NA,"L2","w","y",0,0,"Hemiptera",0
"NANAL2",NA,NA,"L2","w","y",0,0,"Blattodea",0
"NANAL2",NA,NA,"L2","w","w",0,0,"Coleoptera",0
"NANAL2",NA,NA,"L2","w","w",0,0,"Araneae",0
"NANAL2",NA,NA,"L2","w","w",0,0,"Formicidae",0
"NANAL2",NA,NA,"L2","w","w",0,0,"Isoptera",0
"NANAL2",NA,NA,"L2","w","w",0,0,"Apoidea",0
"NANAL2",NA,NA,"L2","w","w",0,0,"Crabronidae",0
"NANAL2",NA,NA,"L2","w","w",0,0,"Trichoptera",0
"NANAL2",NA,NA,"L2","w","w",0,0,"Diptera",0
"NANAL2",NA,NA,"L2","w","w",0,0,"Lepidoptera",0
"NANAL2",NA,NA,"L2","w","w",0,0,"Hemiptera",0
"NANAL2",NA,NA,"L2","w","w",0,0,"Blattodea",0
"NANAL2",NA,NA,"L2","y","y",0,0,"Coleoptera",0
"NANAL2",NA,NA,"L2","y","y",0,0,"Araneae",0
"NANAL2",NA,NA,"L2","y","y",0,0,"Formicidae",0
"NANAL2",NA,NA,"L2","y","y",0,0,"Isoptera",0
"NANAL2",NA,NA,"L2","y","y",0,0,"Apoidea",0
"NANAL2",NA,NA,"L2","y","y",0,0,"Crabronidae",0
"NANAL2",NA,NA,"L2","y","y",0,0,"Trichoptera",0
"NANAL2",NA,NA,"L2","y","y",0,0,"Diptera",0
"NANAL2",NA,NA,"L2","y","y",0,0,"Lepidoptera",0
"NANAL2",NA,NA,"L2","y","y",0,0,"Hemiptera",0
"NANAL2",NA,NA,"L2","y","y",0,0,"Blattodea",0
"NANAL2",NA,NA,"L2","w","r",0,0,"Coleoptera",0
"NANAL2",NA,NA,"L2","w","r",0,0,"Araneae",0
"NANAL2",NA,NA,"L2","w","r",0,0,"Formicidae",1
"NANAL2",NA,NA,"L2","w","r",0,0,"Isoptera",0
"NANAL2",NA,NA,"L2","w","r",0,0,"Apoidea",1
"NANAL2",NA,NA,"L2","w","r",0,0,"Crabronidae",1
"NANAL2",NA,NA,"L2","w","r",0,0,"Trichoptera",0
"NANAL2",NA,NA,"L2","w","r",0,0,"Diptera",0
"NANAL2",NA,NA,"L2","w","r",0,0,"Lepidoptera",0
"NANAL2",NA,NA,"L2","w","r",0,0,"Hemiptera",0
"NANAL2",NA,NA,"L2","w","r",0,0,"Blattodea",0
"NANAL2",NA,NA,"L2","y","b",0,0,"Coleoptera",0
"NANAL2",NA,NA,"L2","y","b",0,0,"Araneae",0
"NANAL2",NA,NA,"L2","y","b",0,0,"Formicidae",0
"NANAL2",NA,NA,"L2","y","b",0,0,"Isoptera",0
"NANAL2",NA,NA,"L2","y","b",0,0,"Apoidea",0
"NANAL2",NA,NA,"L2","y","b",0,0,"Crabronidae",0
"NANAL2",NA,NA,"L2","y","b",0,0,"Trichoptera",0
"NANAL2",NA,NA,"L2","y","b",0,0,"Diptera",0
"NANAL2",NA,NA,"L2","y","b",0,0,"Lepidoptera",0
"NANAL2",NA,NA,"L2","y","b",0,0,"Hemiptera",0
"NANAL2",NA,NA,"L2","y","b",0,0,"Blattodea",0
"NANAL2",NA,NA,"L2","y","w",0,0,"Coleoptera",0
"NANAL2",NA,NA,"L2","y","w",0,0,"Araneae",0
"NANAL2",NA,NA,"L2","y","w",0,0,"Formicidae",0
"NANAL2",NA,NA,"L2","y","w",0,0,"Isoptera",0
"NANAL2",NA,NA,"L2","y","w",0,0,"Apoidea",0
"NANAL2",NA,NA,"L2","y","w",0,0,"Crabronidae",0
"NANAL2",NA,NA,"L2","y","w",0,0,"Trichoptera",0
"NANAL2",NA,NA,"L2","y","w",0,0,"Diptera",0
"NANAL2",NA,NA,"L2","y","w",0,0,"Lepidoptera",0
"NANAL2",NA,NA,"L2","y","w",0,0,"Hemiptera",0
"NANAL2",NA,NA,"L2","y","w",0,0,"Blattodea",0
"NANAL2",NA,NA,"L2","y","r",0,0,"Coleoptera",0
"NANAL2",NA,NA,"L2","y","r",0,0,"Araneae",0
"NANAL2",NA,NA,"L2","y","r",0,0,"Formicidae",0
"NANAL2",NA,NA,"L2","y","r",0,0,"Isoptera",0
"NANAL2",NA,NA,"L2","y","r",0,0,"Apoidea",0
"NANAL2",NA,NA,"L2","y","r",0,0,"Crabronidae",0
"NANAL2",NA,NA,"L2","y","r",0,0,"Trichoptera",0
"NANAL2",NA,NA,"L2","y","r",0,0,"Diptera",0
"NANAL2",NA,NA,"L2","y","r",0,0,"Lepidoptera",0
"NANAL2",NA,NA,"L2","y","r",0,0,"Hemiptera",0
"NANAL2",NA,NA,"L2","y","r",0,0,"Blattodea",0
"NANAL2",NA,NA,"L2","b","w",0,0,"Coleoptera",1
"NANAL2",NA,NA,"L2","b","w",0,0,"Araneae",0
"NANAL2",NA,NA,"L2","b","w",0,0,"Formicidae",1
"NANAL2",NA,NA,"L2","b","w",0,0,"Isoptera",0
"NANAL2",NA,NA,"L2","b","w",0,0,"Apoidea",0
"NANAL2",NA,NA,"L2","b","w",0,0,"Crabronidae",1
"NANAL2",NA,NA,"L2","b","w",0,0,"Trichoptera",0
"NANAL2",NA,NA,"L2","b","w",0,0,"Diptera",0
"NANAL2",NA,NA,"L2","b","w",0,0,"Lepidoptera",0
"NANAL2",NA,NA,"L2","b","w",0,0,"Hemiptera",0
"NANAL2",NA,NA,"L2","b","w",0,0,"Blattodea",0
"NANAL2",NA,NA,"L2","b","r",0,0,"Coleoptera",0
"NANAL2",NA,NA,"L2","b","r",0,0,"Araneae",0
"NANAL2",NA,NA,"L2","b","r",0,0,"Formicidae",1
"NANAL2",NA,NA,"L2","b","r",0,0,"Isoptera",0
"NANAL2",NA,NA,"L2","b","r",0,0,"Apoidea",0
"NANAL2",NA,NA,"L2","b","r",0,0,"Crabronidae",0
"NANAL2",NA,NA,"L2","b","r",0,0,"Trichoptera",0
"NANAL2",NA,NA,"L2","b","r",0,0,"Diptera",0
"NANAL2",NA,NA,"L2","b","r",0,0,"Lepidoptera",0
"NANAL2",NA,NA,"L2","b","r",0,0,"Hemiptera",0
"NANAL2",NA,NA,"L2","b","r",0,0,"Blattodea",0
"NANAL2",NA,NA,"L2","b","b",1,0,"Coleoptera",0
"NANAL2",NA,NA,"L2","b","b",1,0,"Araneae",0
"NANAL2",NA,NA,"L2","b","b",1,0,"Formicidae",0
"NANAL2",NA,NA,"L2","b","b",1,0,"Isoptera",0
"NANAL2",NA,NA,"L2","b","b",1,0,"Apoidea",0
"NANAL2",NA,NA,"L2","b","b",1,0,"Crabronidae",0
"NANAL2",NA,NA,"L2","b","b",1,0,"Trichoptera",0
"NANAL2",NA,NA,"L2","b","b",1,0,"Diptera",0
"NANAL2",NA,NA,"L2","b","b",1,0,"Lepidoptera",0
"NANAL2",NA,NA,"L2","b","b",1,0,"Hemiptera",0
"NANAL2",NA,NA,"L2","b","b",1,0,"Blattodea",0
"NANAL2",NA,NA,"L2","b","y",0,0,"Coleoptera",0
"NANAL2",NA,NA,"L2","b","y",0,0,"Araneae",0
"NANAL2",NA,NA,"L2","b","y",0,0,"Formicidae",0
"NANAL2",NA,NA,"L2","b","y",0,0,"Isoptera",0
"NANAL2",NA,NA,"L2","b","y",0,0,"Apoidea",0
"NANAL2",NA,NA,"L2","b","y",0,0,"Crabronidae",0
"NANAL2",NA,NA,"L2","b","y",0,0,"Trichoptera",0
"NANAL2",NA,NA,"L2","b","y",0,0,"Diptera",0
"NANAL2",NA,NA,"L2","b","y",0,0,"Lepidoptera",0
"NANAL2",NA,NA,"L2","b","y",0,0,"Hemiptera",0
"NANAL2",NA,NA,"L2","b","y",0,0,"Blattodea",0
"NANAL3",NA,NA,"L3","r","r",1,0,"Coleoptera",0
"NANAL3",NA,NA,"L3","r","r",1,0,"Araneae",0
"NANAL3",NA,NA,"L3","r","r",1,0,"Formicidae",1
"NANAL3",NA,NA,"L3","r","r",1,0,"Isoptera",0
"NANAL3",NA,NA,"L3","r","r",1,0,"Apoidea",1
"NANAL3",NA,NA,"L3","r","r",1,0,"Crabronidae",0
"NANAL3",NA,NA,"L3","r","r",1,0,"Trichoptera",0
"NANAL3",NA,NA,"L3","r","r",1,0,"Diptera",1
"NANAL3",NA,NA,"L3","r","r",1,0,"Lepidoptera",0
"NANAL3",NA,NA,"L3","r","r",1,0,"Hemiptera",0
"NANAL3",NA,NA,"L3","r","r",1,0,"Blattodea",0
"NANAL3",NA,NA,"L3","r","w",0,0,"Coleoptera",0
"NANAL3",NA,NA,"L3","r","w",0,0,"Araneae",0
"NANAL3",NA,NA,"L3","r","w",0,0,"Formicidae",1
"NANAL3",NA,NA,"L3","r","w",0,0,"Isoptera",0
"NANAL3",NA,NA,"L3","r","w",0,0,"Apoidea",0
"NANAL3",NA,NA,"L3","r","w",0,0,"Crabronidae",0
"NANAL3",NA,NA,"L3","r","w",0,0,"Trichoptera",0
"NANAL3",NA,NA,"L3","r","w",0,0,"Diptera",0
"NANAL3",NA,NA,"L3","r","w",0,0,"Lepidoptera",0
"NANAL3",NA,NA,"L3","r","w",0,0,"Hemiptera",0
"NANAL3",NA,NA,"L3","r","w",0,0,"Blattodea",0
"NANAL3",NA,NA,"L3","r","b",0,0,"Coleoptera",1
"NANAL3",NA,NA,"L3","r","b",0,0,"Araneae",0
"NANAL3",NA,NA,"L3","r","b",0,0,"Formicidae",1
"NANAL3",NA,NA,"L3","r","b",0,0,"Isoptera",0
"NANAL3",NA,NA,"L3","r","b",0,0,"Apoidea",0
"NANAL3",NA,NA,"L3","r","b",0,0,"Crabronidae",0
"NANAL3",NA,NA,"L3","r","b",0,0,"Trichoptera",0
"NANAL3",NA,NA,"L3","r","b",0,0,"Diptera",0
"NANAL3",NA,NA,"L3","r","b",0,0,"Lepidoptera",0
"NANAL3",NA,NA,"L3","r","b",0,0,"Hemiptera",0
"NANAL3",NA,NA,"L3","r","b",0,0,"Blattodea",0
"NANAL3",NA,NA,"L3","r","y",1,0,"Coleoptera",0
"NANAL3",NA,NA,"L3","r","y",1,0,"Araneae",0
"NANAL3",NA,NA,"L3","r","y",1,0,"Formicidae",1
"NANAL3",NA,NA,"L3","r","y",1,0,"Isoptera",0
"NANAL3",NA,NA,"L3","r","y",1,0,"Apoidea",0
"NANAL3",NA,NA,"L3","r","y",1,0,"Crabronidae",0
"NANAL3",NA,NA,"L3","r","y",1,0,"Trichoptera",0
"NANAL3",NA,NA,"L3","r","y",1,0,"Diptera",0
"NANAL3",NA,NA,"L3","r","y",1,0,"Lepidoptera",0
"NANAL3",NA,NA,"L3","r","y",1,0,"Hemiptera",0
"NANAL3",NA,NA,"L3","r","y",1,0,"Blattodea",0
"NANAL3",NA,NA,"L3","w","r",0,0,"Coleoptera",0
"NANAL3",NA,NA,"L3","w","r",0,0,"Araneae",0
"NANAL3",NA,NA,"L3","w","r",0,0,"Formicidae",0
"NANAL3",NA,NA,"L3","w","r",0,0,"Isoptera",0
"NANAL3",NA,NA,"L3","w","r",0,0,"Apoidea",0
"NANAL3",NA,NA,"L3","w","r",0,0,"Crabronidae",0
"NANAL3",NA,NA,"L3","w","r",0,0,"Trichoptera",0
"NANAL3",NA,NA,"L3","w","r",0,0,"Diptera",0
"NANAL3",NA,NA,"L3","w","r",0,0,"Lepidoptera",0
"NANAL3",NA,NA,"L3","w","r",0,0,"Hemiptera",0
"NANAL3",NA,NA,"L3","w","r",0,0,"Blattodea",0
"NANAL3",NA,NA,"L3","w","w",0,0,"Coleoptera",0
"NANAL3",NA,NA,"L3","w","w",0,0,"Araneae",0
"NANAL3",NA,NA,"L3","w","w",0,0,"Formicidae",0
"NANAL3",NA,NA,"L3","w","w",0,0,"Isoptera",0
"NANAL3",NA,NA,"L3","w","w",0,0,"Apoidea",0
"NANAL3",NA,NA,"L3","w","w",0,0,"Crabronidae",0
"NANAL3",NA,NA,"L3","w","w",0,0,"Trichoptera",0
"NANAL3",NA,NA,"L3","w","w",0,0,"Diptera",0
"NANAL3",NA,NA,"L3","w","w",0,0,"Lepidoptera",0
"NANAL3",NA,NA,"L3","w","w",0,0,"Hemiptera",0
"NANAL3",NA,NA,"L3","w","w",0,0,"Blattodea",0
"NANAL3",NA,NA,"L3","w","b",0,0,"Coleoptera",0
"NANAL3",NA,NA,"L3","w","b",0,0,"Araneae",0
"NANAL3",NA,NA,"L3","w","b",0,0,"Formicidae",7
"NANAL3",NA,NA,"L3","w","b",0,0,"Isoptera",0
"NANAL3",NA,NA,"L3","w","b",0,0,"Apoidea",0
"NANAL3",NA,NA,"L3","w","b",0,0,"Crabronidae",0
"NANAL3",NA,NA,"L3","w","b",0,0,"Trichoptera",0
"NANAL3",NA,NA,"L3","w","b",0,0,"Diptera",0
"NANAL3",NA,NA,"L3","w","b",0,0,"Lepidoptera",1
"NANAL3",NA,NA,"L3","w","b",0,0,"Hemiptera",0
"NANAL3",NA,NA,"L3","w","b",0,0,"Blattodea",0
"NANAL3",NA,NA,"L3","w","y",0,0,"Coleoptera",0
"NANAL3",NA,NA,"L3","w","y",0,0,"Araneae",0
"NANAL3",NA,NA,"L3","w","y",0,0,"Formicidae",0
"NANAL3",NA,NA,"L3","w","y",0,0,"Isoptera",0
"NANAL3",NA,NA,"L3","w","y",0,0,"Apoidea",0
"NANAL3",NA,NA,"L3","w","y",0,0,"Crabronidae",0
"NANAL3",NA,NA,"L3","w","y",0,0,"Trichoptera",0
"NANAL3",NA,NA,"L3","w","y",0,0,"Diptera",0
"NANAL3",NA,NA,"L3","w","y",0,0,"Lepidoptera",0
"NANAL3",NA,NA,"L3","w","y",0,0,"Hemiptera",0
"NANAL3",NA,NA,"L3","w","y",0,0,"Blattodea",0
"NANAL3",NA,NA,"L3","y","r",0,0,"Coleoptera",0
"NANAL3",NA,NA,"L3","y","r",0,0,"Araneae",0
"NANAL3",NA,NA,"L3","y","r",0,0,"Formicidae",1
"NANAL3",NA,NA,"L3","y","r",0,0,"Isoptera",0
"NANAL3",NA,NA,"L3","y","r",0,0,"Apoidea",0
"NANAL3",NA,NA,"L3","y","r",0,0,"Crabronidae",0
"NANAL3",NA,NA,"L3","y","r",0,0,"Trichoptera",0
"NANAL3",NA,NA,"L3","y","r",0,0,"Diptera",0
"NANAL3",NA,NA,"L3","y","r",0,0,"Lepidoptera",0
"NANAL3",NA,NA,"L3","y","r",0,0,"Hemiptera",0
"NANAL3",NA,NA,"L3","y","r",0,0,"Blattodea",0
"NANAL3",NA,NA,"L3","y","w",1,0,"Coleoptera",0
"NANAL3",NA,NA,"L3","y","w",1,0,"Araneae",0
"NANAL3",NA,NA,"L3","y","w",1,0,"Formicidae",0
"NANAL3",NA,NA,"L3","y","w",1,0,"Isoptera",0
"NANAL3",NA,NA,"L3","y","w",1,0,"Apoidea",0
"NANAL3",NA,NA,"L3","y","w",1,0,"Crabronidae",0
"NANAL3",NA,NA,"L3","y","w",1,0,"Trichoptera",0
"NANAL3",NA,NA,"L3","y","w",1,0,"Diptera",0
"NANAL3",NA,NA,"L3","y","w",1,0,"Lepidoptera",0
"NANAL3",NA,NA,"L3","y","w",1,0,"Hemiptera",0
"NANAL3",NA,NA,"L3","y","w",1,0,"Blattodea",0
"NANAL3",NA,NA,"L3","y","b",0,0,"Coleoptera",0
"NANAL3",NA,NA,"L3","y","b",0,0,"Araneae",0
"NANAL3",NA,NA,"L3","y","b",0,0,"Formicidae",1
"NANAL3",NA,NA,"L3","y","b",0,0,"Isoptera",0
"NANAL3",NA,NA,"L3","y","b",0,0,"Apoidea",0
"NANAL3",NA,NA,"L3","y","b",0,0,"Crabronidae",0
"NANAL3",NA,NA,"L3","y","b",0,0,"Trichoptera",0
"NANAL3",NA,NA,"L3","y","b",0,0,"Diptera",0
"NANAL3",NA,NA,"L3","y","b",0,0,"Lepidoptera",0
"NANAL3",NA,NA,"L3","y","b",0,0,"Hemiptera",0
"NANAL3",NA,NA,"L3","y","b",0,0,"Blattodea",0
"NANAL3",NA,NA,"L3","y","y",0,0,"Coleoptera",1
"NANAL3",NA,NA,"L3","y","y",0,0,"Araneae",1
"NANAL3",NA,NA,"L3","y","y",0,0,"Formicidae",4
"NANAL3",NA,NA,"L3","y","y",0,0,"Isoptera",0
"NANAL3",NA,NA,"L3","y","y",0,0,"Apoidea",0
"NANAL3",NA,NA,"L3","y","y",0,0,"Crabronidae",2
"NANAL3",NA,NA,"L3","y","y",0,0,"Trichoptera",0
"NANAL3",NA,NA,"L3","y","y",0,0,"Diptera",3
"NANAL3",NA,NA,"L3","y","y",0,0,"Lepidoptera",0
"NANAL3",NA,NA,"L3","y","y",0,0,"Hemiptera",1
"NANAL3",NA,NA,"L3","y","y",0,0,"Blattodea",0
"NANAL3",NA,NA,"L3","b","r",0,0,"Coleoptera",0
"NANAL3",NA,NA,"L3","b","r",0,0,"Araneae",0
"NANAL3",NA,NA,"L3","b","r",0,0,"Formicidae",0
"NANAL3",NA,NA,"L3","b","r",0,0,"Isoptera",0
"NANAL3",NA,NA,"L3","b","r",0,0,"Apoidea",0
"NANAL3",NA,NA,"L3","b","r",0,0,"Crabronidae",0
"NANAL3",NA,NA,"L3","b","r",0,0,"Trichoptera",0
"NANAL3",NA,NA,"L3","b","r",0,0,"Diptera",0
"NANAL3",NA,NA,"L3","b","r",0,0,"Lepidoptera",0
"NANAL3",NA,NA,"L3","b","r",0,0,"Hemiptera",0
"NANAL3",NA,NA,"L3","b","r",0,0,"Blattodea",0
"NANAL3",NA,NA,"L3","b","w",0,0,"Coleoptera",0
"NANAL3",NA,NA,"L3","b","w",0,0,"Araneae",0
"NANAL3",NA,NA,"L3","b","w",0,0,"Formicidae",1
"NANAL3",NA,NA,"L3","b","w",0,0,"Isoptera",0
"NANAL3",NA,NA,"L3","b","w",0,0,"Apoidea",0
"NANAL3",NA,NA,"L3","b","w",0,0,"Crabronidae",0
"NANAL3",NA,NA,"L3","b","w",0,0,"Trichoptera",0
"NANAL3",NA,NA,"L3","b","w",0,0,"Diptera",0
"NANAL3",NA,NA,"L3","b","w",0,0,"Lepidoptera",0
"NANAL3",NA,NA,"L3","b","w",0,0,"Hemiptera",0
"NANAL3",NA,NA,"L3","b","w",0,0,"Blattodea",0
"NANAL3",NA,NA,"L3","b","b",0,0,"Coleoptera",0
"NANAL3",NA,NA,"L3","b","b",0,0,"Araneae",0
"NANAL3",NA,NA,"L3","b","b",0,0,"Formicidae",0
"NANAL3",NA,NA,"L3","b","b",0,0,"Isoptera",0
"NANAL3",NA,NA,"L3","b","b",0,0,"Apoidea",0
"NANAL3",NA,NA,"L3","b","b",0,0,"Crabronidae",0
"NANAL3",NA,NA,"L3","b","b",0,0,"Trichoptera",0
"NANAL3",NA,NA,"L3","b","b",0,0,"Diptera",0
"NANAL3",NA,NA,"L3","b","b",0,0,"Lepidoptera",0
"NANAL3",NA,NA,"L3","b","b",0,0,"Hemiptera",0
"NANAL3",NA,NA,"L3","b","b",0,0,"Blattodea",0
"NANAL3",NA,NA,"L3","b","y",0,0,"Coleoptera",0
"NANAL3",NA,NA,"L3","b","y",0,0,"Araneae",0
"NANAL3",NA,NA,"L3","b","y",0,0,"Formicidae",0
"NANAL3",NA,NA,"L3","b","y",0,0,"Isoptera",0
"NANAL3",NA,NA,"L3","b","y",0,0,"Apoidea",0
"NANAL3",NA,NA,"L3","b","y",0,0,"Crabronidae",0
"NANAL3",NA,NA,"L3","b","y",0,0,"Trichoptera",0
"NANAL3",NA,NA,"L3","b","y",0,0,"Diptera",0
"NANAL3",NA,NA,"L3","b","y",0,0,"Lepidoptera",0
"NANAL3",NA,NA,"L3","b","y",0,0,"Hemiptera",0
"NANAL3",NA,NA,"L3","b","y",0,0,"Blattodea",0
"NANAL1",NA,NA,"L1","w","r",0,0,"Coleoptera",0
"NANAL1",NA,NA,"L1","w","r",0,0,"Araneae",0
"NANAL1",NA,NA,"L1","w","r",0,0,"Formicidae",0
"NANAL1",NA,NA,"L1","w","r",0,0,"Isoptera",0
"NANAL1",NA,NA,"L1","w","r",0,0,"Apoidea",0
"NANAL1",NA,NA,"L1","w","r",0,0,"Crabronidae",0
"NANAL1",NA,NA,"L1","w","r",0,0,"Trichoptera",0
"NANAL1",NA,NA,"L1","w","r",0,0,"Diptera",0
"NANAL1",NA,NA,"L1","w","r",0,0,"Lepidoptera",0
"NANAL1",NA,NA,"L1","w","r",0,0,"Hemiptera",0
"NANAL1",NA,NA,"L1","w","r",0,0,"Blattodea",0
"NANAL1",NA,NA,"L1","w","y",0,0,"Coleoptera",0
"NANAL1",NA,NA,"L1","w","y",0,0,"Araneae",0
"NANAL1",NA,NA,"L1","w","y",0,0,"Formicidae",0
"NANAL1",NA,NA,"L1","w","y",0,0,"Isoptera",0
"NANAL1",NA,NA,"L1","w","y",0,0,"Apoidea",0
"NANAL1",NA,NA,"L1","w","y",0,0,"Crabronidae",0
"NANAL1",NA,NA,"L1","w","y",0,0,"Trichoptera",0
"NANAL1",NA,NA,"L1","w","y",0,0,"Diptera",0
"NANAL1",NA,NA,"L1","w","y",0,0,"Lepidoptera",0
"NANAL1",NA,NA,"L1","w","y",0,0,"Hemiptera",0
"NANAL1",NA,NA,"L1","w","y",0,0,"Blattodea",0
"NANAL1",NA,NA,"L1","y","y",0,0,"Coleoptera",0
"NANAL1",NA,NA,"L1","y","y",0,0,"Araneae",0
"NANAL1",NA,NA,"L1","y","y",0,0,"Formicidae",0
"NANAL1",NA,NA,"L1","y","y",0,0,"Isoptera",1
"NANAL1",NA,NA,"L1","y","y",0,0,"Apoidea",0
"NANAL1",NA,NA,"L1","y","y",0,0,"Crabronidae",1
"NANAL1",NA,NA,"L1","y","y",0,0,"Trichoptera",0
"NANAL1",NA,NA,"L1","y","y",0,0,"Diptera",2
"NANAL1",NA,NA,"L1","y","y",0,0,"Lepidoptera",2
"NANAL1",NA,NA,"L1","y","y",0,0,"Hemiptera",0
"NANAL1",NA,NA,"L1","y","y",0,0,"Blattodea",0
"NANAL1",NA,NA,"L1","w","b",0,0,"Coleoptera",0
"NANAL1",NA,NA,"L1","w","b",0,0,"Araneae",1
"NANAL1",NA,NA,"L1","w","b",0,0,"Formicidae",0
"NANAL1",NA,NA,"L1","w","b",0,0,"Isoptera",0
"NANAL1",NA,NA,"L1","w","b",0,0,"Apoidea",0
"NANAL1",NA,NA,"L1","w","b",0,0,"Crabronidae",0
"NANAL1",NA,NA,"L1","w","b",0,0,"Trichoptera",0
"NANAL1",NA,NA,"L1","w","b",0,0,"Diptera",0
"NANAL1",NA,NA,"L1","w","b",0,0,"Lepidoptera",0
"NANAL1",NA,NA,"L1","w","b",0,0,"Hemiptera",0
"NANAL1",NA,NA,"L1","w","b",0,0,"Blattodea",0
"NANAL1",NA,NA,"L1","r","r",0,0,"Coleoptera",0
"NANAL1",NA,NA,"L1","r","r",0,0,"Araneae",0
"NANAL1",NA,NA,"L1","r","r",0,0,"Formicidae",0
"NANAL1",NA,NA,"L1","r","r",0,0,"Isoptera",0
"NANAL1",NA,NA,"L1","r","r",0,0,"Apoidea",0
"NANAL1",NA,NA,"L1","r","r",0,0,"Crabronidae",0
"NANAL1",NA,NA,"L1","r","r",0,0,"Trichoptera",0
"NANAL1",NA,NA,"L1","r","r",0,0,"Diptera",0
"NANAL1",NA,NA,"L1","r","r",0,0,"Lepidoptera",0
"NANAL1",NA,NA,"L1","r","r",0,0,"Hemiptera",0
"NANAL1",NA,NA,"L1","r","r",0,0,"Blattodea",0
"NANAL1",NA,NA,"L1","r","y",0,0,"Coleoptera",1
"NANAL1",NA,NA,"L1","r","y",0,0,"Araneae",0
"NANAL1",NA,NA,"L1","r","y",0,0,"Formicidae",0
"NANAL1",NA,NA,"L1","r","y",0,0,"Isoptera",0
"NANAL1",NA,NA,"L1","r","y",0,0,"Apoidea",0
"NANAL1",NA,NA,"L1","r","y",0,0,"Crabronidae",0
"NANAL1",NA,NA,"L1","r","y",0,0,"Trichoptera",0
"NANAL1",NA,NA,"L1","r","y",0,0,"Diptera",1
"NANAL1",NA,NA,"L1","r","y",0,0,"Lepidoptera",1
"NANAL1",NA,NA,"L1","r","y",0,0,"Hemiptera",0
"NANAL1",NA,NA,"L1","r","y",0,0,"Blattodea",0
"NANAL1",NA,NA,"L1","y","r",0,0,"Coleoptera",0
"NANAL1",NA,NA,"L1","y","r",0,0,"Araneae",0
"NANAL1",NA,NA,"L1","y","r",0,0,"Formicidae",0
"NANAL1",NA,NA,"L1","y","r",0,0,"Isoptera",1
"NANAL1",NA,NA,"L1","y","r",0,0,"Apoidea",0
"NANAL1",NA,NA,"L1","y","r",0,0,"Crabronidae",0
"NANAL1",NA,NA,"L1","y","r",0,0,"Trichoptera",0
"NANAL1",NA,NA,"L1","y","r",0,0,"Diptera",0
"NANAL1",NA,NA,"L1","y","r",0,0,"Lepidoptera",0
"NANAL1",NA,NA,"L1","y","r",0,0,"Hemiptera",0
"NANAL1",NA,NA,"L1","y","r",0,0,"Blattodea",0
"NANAL1",NA,NA,"L1","b","r",0,0,"Coleoptera",0
"NANAL1",NA,NA,"L1","b","r",0,0,"Araneae",1
"NANAL1",NA,NA,"L1","b","r",0,0,"Formicidae",6
"NANAL1",NA,NA,"L1","b","r",0,0,"Isoptera",0
"NANAL1",NA,NA,"L1","b","r",0,0,"Apoidea",0
"NANAL1",NA,NA,"L1","b","r",0,0,"Crabronidae",0
"NANAL1",NA,NA,"L1","b","r",0,0,"Trichoptera",0
"NANAL1",NA,NA,"L1","b","r",0,0,"Diptera",2
"NANAL1",NA,NA,"L1","b","r",0,0,"Lepidoptera",0
"NANAL1",NA,NA,"L1","b","r",0,0,"Hemiptera",0
"NANAL1",NA,NA,"L1","b","r",0,0,"Blattodea",0
"NANAL1",NA,NA,"L1","b","b",0,0,"Coleoptera",0
"NANAL1",NA,NA,"L1","b","b",0,0,"Araneae",0
"NANAL1",NA,NA,"L1","b","b",0,0,"Formicidae",0
"NANAL1",NA,NA,"L1","b","b",0,0,"Isoptera",0
"NANAL1",NA,NA,"L1","b","b",0,0,"Apoidea",0
"NANAL1",NA,NA,"L1","b","b",0,0,"Crabronidae",0
"NANAL1",NA,NA,"L1","b","b",0,0,"Trichoptera",0
"NANAL1",NA,NA,"L1","b","b",0,0,"Diptera",2
"NANAL1",NA,NA,"L1","b","b",0,0,"Lepidoptera",0
"NANAL1",NA,NA,"L1","b","b",0,0,"Hemiptera",0
"NANAL1",NA,NA,"L1","b","b",0,0,"Blattodea",0
"NANAL1",NA,NA,"L1","r","b",0,0,"Coleoptera",0
"NANAL1",NA,NA,"L1","r","b",0,0,"Araneae",0
"NANAL1",NA,NA,"L1","r","b",0,0,"Formicidae",3
"NANAL1",NA,NA,"L1","r","b",0,0,"Isoptera",0
"NANAL1",NA,NA,"L1","r","b",0,0,"Apoidea",0
"NANAL1",NA,NA,"L1","r","b",0,0,"Crabronidae",0
"NANAL1",NA,NA,"L1","r","b",0,0,"Trichoptera",0
"NANAL1",NA,NA,"L1","r","b",0,0,"Diptera",0
"NANAL1",NA,NA,"L1","r","b",0,0,"Lepidoptera",0
"NANAL1",NA,NA,"L1","r","b",0,0,"Hemiptera",0
"NANAL1",NA,NA,"L1","r","b",0,0,"Blattodea",0
"NANAL1",NA,NA,"L1","r","w",0,0,"Coleoptera",0
"NANAL1",NA,NA,"L1","r","w",0,0,"Araneae",0
"NANAL1",NA,NA,"L1","r","w",0,0,"Formicidae",0
"NANAL1",NA,NA,"L1","r","w",0,0,"Isoptera",0
"NANAL1",NA,NA,"L1","r","w",0,0,"Apoidea",0
"NANAL1",NA,NA,"L1","r","w",0,0,"Crabronidae",0
"NANAL1",NA,NA,"L1","r","w",0,0,"Trichoptera",0
"NANAL1",NA,NA,"L1","r","w",0,0,"Diptera",0
"NANAL1",NA,NA,"L1","r","w",0,0,"Lepidoptera",0
"NANAL1",NA,NA,"L1","r","w",0,0,"Hemiptera",0
"NANAL1",NA,NA,"L1","r","w",0,0,"Blattodea",0
"NANAL1",NA,NA,"L1","y","w",0,0,"Coleoptera",0
"NANAL1",NA,NA,"L1","y","w",0,0,"Araneae",1
"NANAL1",NA,NA,"L1","y","w",0,0,"Formicidae",4
"NANAL1",NA,NA,"L1","y","w",0,0,"Isoptera",4
"NANAL1",NA,NA,"L1","y","w",0,0,"Apoidea",0
"NANAL1",NA,NA,"L1","y","w",0,0,"Crabronidae",2
"NANAL1",NA,NA,"L1","y","w",0,0,"Trichoptera",0
"NANAL1",NA,NA,"L1","y","w",0,0,"Diptera",4
"NANAL1",NA,NA,"L1","y","w",0,0,"Lepidoptera",0
"NANAL1",NA,NA,"L1","y","w",0,0,"Hemiptera",0
"NANAL1",NA,NA,"L1","y","w",0,0,"Blattodea",0
"NANAL1",NA,NA,"L1","b","w",0,0,"Coleoptera",0
"NANAL1",NA,NA,"L1","b","w",0,0,"Araneae",0
"NANAL1",NA,NA,"L1","b","w",0,0,"Formicidae",0
"NANAL1",NA,NA,"L1","b","w",0,0,"Isoptera",0
"NANAL1",NA,NA,"L1","b","w",0,0,"Apoidea",0
"NANAL1",NA,NA,"L1","b","w",0,0,"Crabronidae",0
"NANAL1",NA,NA,"L1","b","w",0,0,"Trichoptera",0
"NANAL1",NA,NA,"L1","b","w",0,0,"Diptera",0
"NANAL1",NA,NA,"L1","b","w",0,0,"Lepidoptera",0
"NANAL1",NA,NA,"L1","b","w",0,0,"Hemiptera",0
"NANAL1",NA,NA,"L1","b","w",0,0,"Blattodea",0
"NANAL1",NA,NA,"L1","b","b",0,0,"Coleoptera",0
"NANAL1",NA,NA,"L1","b","b",0,0,"Araneae",0
"NANAL1",NA,NA,"L1","b","b",0,0,"Formicidae",0
"NANAL1",NA,NA,"L1","b","b",0,0,"Isoptera",0
"NANAL1",NA,NA,"L1","b","b",0,0,"Apoidea",0
"NANAL1",NA,NA,"L1","b","b",0,0,"Crabronidae",0
"NANAL1",NA,NA,"L1","b","b",0,0,"Trichoptera",0
"NANAL1",NA,NA,"L1","b","b",0,0,"Diptera",0
"NANAL1",NA,NA,"L1","b","b",0,0,"Lepidoptera",0
"NANAL1",NA,NA,"L1","b","b",0,0,"Hemiptera",0
"NANAL1",NA,NA,"L1","b","b",0,0,"Blattodea",0
"NANAL1",NA,NA,"L1","y","b",0,0,"Coleoptera",1
"NANAL1",NA,NA,"L1","y","b",0,0,"Araneae",0
"NANAL1",NA,NA,"L1","y","b",0,0,"Formicidae",1
"NANAL1",NA,NA,"L1","y","b",0,0,"Isoptera",1
"NANAL1",NA,NA,"L1","y","b",0,0,"Apoidea",0
"NANAL1",NA,NA,"L1","y","b",0,0,"Crabronidae",1
"NANAL1",NA,NA,"L1","y","b",0,0,"Trichoptera",0
"NANAL1",NA,NA,"L1","y","b",0,0,"Diptera",2
"NANAL1",NA,NA,"L1","y","b",0,0,"Lepidoptera",1
"NANAL1",NA,NA,"L1","y","b",0,0,"Hemiptera",0
"NANAL1",NA,NA,"L1","y","b",0,0,"Blattodea",0
"NANAL2",NA,NA,"L2","r","w",0,0,"Coleoptera",0
"NANAL2",NA,NA,"L2","r","w",0,0,"Araneae",0
"NANAL2",NA,NA,"L2","r","w",0,0,"Formicidae",0
"NANAL2",NA,NA,"L2","r","w",0,0,"Isoptera",0
"NANAL2",NA,NA,"L2","r","w",0,0,"Apoidea",0
"NANAL2",NA,NA,"L2","r","w",0,0,"Crabronidae",0
"NANAL2",NA,NA,"L2","r","w",0,0,"Trichoptera",0
"NANAL2",NA,NA,"L2","r","w",0,0,"Diptera",0
"NANAL2",NA,NA,"L2","r","w",0,0,"Lepidoptera",0
"NANAL2",NA,NA,"L2","r","w",0,0,"Hemiptera",0
"NANAL2",NA,NA,"L2","r","w",0,0,"Blattodea",0
"NANAL2",NA,NA,"L2","b","y",0,0,"Coleoptera",0
"NANAL2",NA,NA,"L2","b","y",0,0,"Araneae",0
"NANAL2",NA,NA,"L2","b","y",0,0,"Formicidae",3
"NANAL2",NA,NA,"L2","b","y",0,0,"Isoptera",0
"NANAL2",NA,NA,"L2","b","y",0,0,"Apoidea",0
"NANAL2",NA,NA,"L2","b","y",0,0,"Crabronidae",0
"NANAL2",NA,NA,"L2","b","y",0,0,"Trichoptera",0
"NANAL2",NA,NA,"L2","b","y",0,0,"Diptera",2
"NANAL2",NA,NA,"L2","b","y",0,0,"Lepidoptera",0
"NANAL2",NA,NA,"L2","b","y",0,0,"Hemiptera",0
"NANAL2",NA,NA,"L2","b","y",0,0,"Blattodea",0
"NANAL2",NA,NA,"L2","b","b",0,0,"Coleoptera",0
"NANAL2",NA,NA,"L2","b","b",0,0,"Araneae",0
"NANAL2",NA,NA,"L2","b","b",0,0,"Formicidae",1
"NANAL2",NA,NA,"L2","b","b",0,0,"Isoptera",0
"NANAL2",NA,NA,"L2","b","b",0,0,"Apoidea",0
"NANAL2",NA,NA,"L2","b","b",0,0,"Crabronidae",0
"NANAL2",NA,NA,"L2","b","b",0,0,"Trichoptera",0
"NANAL2",NA,NA,"L2","b","b",0,0,"Diptera",0
"NANAL2",NA,NA,"L2","b","b",0,0,"Lepidoptera",0
"NANAL2",NA,NA,"L2","b","b",0,0,"Hemiptera",0
"NANAL2",NA,NA,"L2","b","b",0,0,"Blattodea",0
"NANAL2",NA,NA,"L2","b","r",0,0,"Coleoptera",0
"NANAL2",NA,NA,"L2","b","r",0,0,"Araneae",0
"NANAL2",NA,NA,"L2","b","r",0,0,"Formicidae",0
"NANAL2",NA,NA,"L2","b","r",0,0,"Isoptera",0
"NANAL2",NA,NA,"L2","b","r",0,0,"Apoidea",0
"NANAL2",NA,NA,"L2","b","r",0,0,"Crabronidae",2
"NANAL2",NA,NA,"L2","b","r",0,0,"Trichoptera",0
"NANAL2",NA,NA,"L2","b","r",0,0,"Diptera",2
"NANAL2",NA,NA,"L2","b","r",0,0,"Lepidoptera",0
"NANAL2",NA,NA,"L2","b","r",0,0,"Hemiptera",0
"NANAL2",NA,NA,"L2","b","r",0,0,"Blattodea",0
"NANAL2",NA,NA,"L2","b","w",0,0,"Coleoptera",0
"NANAL2",NA,NA,"L2","b","w",0,0,"Araneae",0
"NANAL2",NA,NA,"L2","b","w",0,0,"Formicidae",2
"NANAL2",NA,NA,"L2","b","w",0,0,"Isoptera",0
"NANAL2",NA,NA,"L2","b","w",0,0,"Apoidea",0
"NANAL2",NA,NA,"L2","b","w",0,0,"Crabronidae",0
"NANAL2",NA,NA,"L2","b","w",0,0,"Trichoptera",0
"NANAL2",NA,NA,"L2","b","w",0,0,"Diptera",1
"NANAL2",NA,NA,"L2","b","w",0,0,"Lepidoptera",0
"NANAL2",NA,NA,"L2","b","w",0,0,"Hemiptera",0
"NANAL2",NA,NA,"L2","b","w",0,0,"Blattodea",0
"NANAL2",NA,NA,"L2","y","y",0,0,"Coleoptera",0
"NANAL2",NA,NA,"L2","y","y",0,0,"Araneae",1
"NANAL2",NA,NA,"L2","y","y",0,0,"Formicidae",1
"NANAL2",NA,NA,"L2","y","y",0,0,"Isoptera",2
"NANAL2",NA,NA,"L2","y","y",0,0,"Apoidea",0
"NANAL2",NA,NA,"L2","y","y",0,0,"Crabronidae",0
"NANAL2",NA,NA,"L2","y","y",0,0,"Trichoptera",0
"NANAL2",NA,NA,"L2","y","y",0,0,"Diptera",16
"NANAL2",NA,NA,"L2","y","y",0,0,"Lepidoptera",0
"NANAL2",NA,NA,"L2","y","y",0,0,"Hemiptera",0
"NANAL2",NA,NA,"L2","y","y",0,0,"Blattodea",0
"NANAL2",NA,NA,"L2","y","r",0,0,"Coleoptera",0
"NANAL2",NA,NA,"L2","y","r",0,0,"Araneae",1
"NANAL2",NA,NA,"L2","y","r",0,0,"Formicidae",6
"NANAL2",NA,NA,"L2","y","r",0,0,"Isoptera",1
"NANAL2",NA,NA,"L2","y","r",0,0,"Apoidea",0
"NANAL2",NA,NA,"L2","y","r",0,0,"Crabronidae",1
"NANAL2",NA,NA,"L2","y","r",0,0,"Trichoptera",0
"NANAL2",NA,NA,"L2","y","r",0,0,"Diptera",4
"NANAL2",NA,NA,"L2","y","r",0,0,"Lepidoptera",2
"NANAL2",NA,NA,"L2","y","r",0,0,"Hemiptera",0
"NANAL2",NA,NA,"L2","y","r",0,0,"Blattodea",0
"NANAL2",NA,NA,"L2","y","w",0,0,"Coleoptera",1
"NANAL2",NA,NA,"L2","y","w",0,0,"Araneae",0
"NANAL2",NA,NA,"L2","y","w",0,0,"Formicidae",2
"NANAL2",NA,NA,"L2","y","w",0,0,"Isoptera",0
"NANAL2",NA,NA,"L2","y","w",0,0,"Apoidea",0
"NANAL2",NA,NA,"L2","y","w",0,0,"Crabronidae",1
"NANAL2",NA,NA,"L2","y","w",0,0,"Trichoptera",0
"NANAL2",NA,NA,"L2","y","w",0,0,"Diptera",4
"NANAL2",NA,NA,"L2","y","w",0,0,"Lepidoptera",0
"NANAL2",NA,NA,"L2","y","w",0,0,"Hemiptera",0
"NANAL2",NA,NA,"L2","y","w",0,0,"Blattodea",0
"NANAL2",NA,NA,"L2","y","b",0,0,"Coleoptera",0
"NANAL2",NA,NA,"L2","y","b",0,0,"Araneae",0
"NANAL2",NA,NA,"L2","y","b",0,0,"Formicidae",2
"NANAL2",NA,NA,"L2","y","b",0,0,"Isoptera",0
"NANAL2",NA,NA,"L2","y","b",0,0,"Apoidea",0
"NANAL2",NA,NA,"L2","y","b",0,0,"Crabronidae",1
"NANAL2",NA,NA,"L2","y","b",0,0,"Trichoptera",0
"NANAL2",NA,NA,"L2","y","b",0,0,"Diptera",2
"NANAL2",NA,NA,"L2","y","b",0,0,"Lepidoptera",2
"NANAL2",NA,NA,"L2","y","b",0,0,"Hemiptera",0
"NANAL2",NA,NA,"L2","y","b",0,0,"Blattodea",0
"NANAL2",NA,NA,"L2","w","r",0,0,"Coleoptera",0
"NANAL2",NA,NA,"L2","w","r",0,0,"Araneae",0
"NANAL2",NA,NA,"L2","w","r",0,0,"Formicidae",0
"NANAL2",NA,NA,"L2","w","r",0,0,"Isoptera",0
"NANAL2",NA,NA,"L2","w","r",0,0,"Apoidea",0
"NANAL2",NA,NA,"L2","w","r",0,0,"Crabronidae",1
"NANAL2",NA,NA,"L2","w","r",0,0,"Trichoptera",0
"NANAL2",NA,NA,"L2","w","r",0,0,"Diptera",4
"NANAL2",NA,NA,"L2","w","r",0,0,"Lepidoptera",1
"NANAL2",NA,NA,"L2","w","r",0,0,"Hemiptera",0
"NANAL2",NA,NA,"L2","w","r",0,0,"Blattodea",0
"NANAL2",NA,NA,"L2","w","w",0,0,"Coleoptera",0
"NANAL2",NA,NA,"L2","w","w",0,0,"Araneae",0
"NANAL2",NA,NA,"L2","w","w",0,0,"Formicidae",4
"NANAL2",NA,NA,"L2","w","w",0,0,"Isoptera",0
"NANAL2",NA,NA,"L2","w","w",0,0,"Apoidea",0
"NANAL2",NA,NA,"L2","w","w",0,0,"Crabronidae",1
"NANAL2",NA,NA,"L2","w","w",0,0,"Trichoptera",0
"NANAL2",NA,NA,"L2","w","w",0,0,"Diptera",7
"NANAL2",NA,NA,"L2","w","w",0,0,"Lepidoptera",0
"NANAL2",NA,NA,"L2","w","w",0,0,"Hemiptera",0
"NANAL2",NA,NA,"L2","w","w",0,0,"Blattodea",0
"NANAL2",NA,NA,"L2","w","b",0,0,"Coleoptera",0
"NANAL2",NA,NA,"L2","w","b",0,0,"Araneae",1
"NANAL2",NA,NA,"L2","w","b",0,0,"Formicidae",2
"NANAL2",NA,NA,"L2","w","b",0,0,"Isoptera",0
"NANAL2",NA,NA,"L2","w","b",0,0,"Apoidea",0
"NANAL2",NA,NA,"L2","w","b",0,0,"Crabronidae",0
"NANAL2",NA,NA,"L2","w","b",0,0,"Trichoptera",0
"NANAL2",NA,NA,"L2","w","b",0,0,"Diptera",0
"NANAL2",NA,NA,"L2","w","b",0,0,"Lepidoptera",1
"NANAL2",NA,NA,"L2","w","b",0,0,"Hemiptera",0
"NANAL2",NA,NA,"L2","w","b",0,0,"Blattodea",0
"NANAL2",NA,NA,"L2","w","y",0,0,"Coleoptera",1
"NANAL2",NA,NA,"L2","w","y",0,0,"Araneae",1
"NANAL2",NA,NA,"L2","w","y",0,0,"Formicidae",2
"NANAL2",NA,NA,"L2","w","y",0,0,"Isoptera",0
"NANAL2",NA,NA,"L2","w","y",0,0,"Apoidea",1
"NANAL2",NA,NA,"L2","w","y",0,0,"Crabronidae",1
"NANAL2",NA,NA,"L2","w","y",0,0,"Trichoptera",0
"NANAL2",NA,NA,"L2","w","y",0,0,"Diptera",6
"NANAL2",NA,NA,"L2","w","y",0,0,"Lepidoptera",5
"NANAL2",NA,NA,"L2","w","y",0,0,"Hemiptera",0
"NANAL2",NA,NA,"L2","w","y",0,0,"Blattodea",0
"NANAL2",NA,NA,"L2","r","y",0,0,"Coleoptera",0
"NANAL2",NA,NA,"L2","r","y",0,0,"Araneae",0
"NANAL2",NA,NA,"L2","r","y",0,0,"Formicidae",0
"NANAL2",NA,NA,"L2","r","y",0,0,"Isoptera",0
"NANAL2",NA,NA,"L2","r","y",0,0,"Apoidea",0
"NANAL2",NA,NA,"L2","r","y",0,0,"Crabronidae",0
"NANAL2",NA,NA,"L2","r","y",0,0,"Trichoptera",0
"NANAL2",NA,NA,"L2","r","y",0,0,"Diptera",1
"NANAL2",NA,NA,"L2","r","y",0,0,"Lepidoptera",1
"NANAL2",NA,NA,"L2","r","y",0,0,"Hemiptera",0
"NANAL2",NA,NA,"L2","r","y",0,0,"Blattodea",0
"NANAL2",NA,NA,"L2","r","b",0,0,"Coleoptera",0
"NANAL2",NA,NA,"L2","r","b",0,0,"Araneae",0
"NANAL2",NA,NA,"L2","r","b",0,0,"Formicidae",0
"NANAL2",NA,NA,"L2","r","b",0,0,"Isoptera",0
"NANAL2",NA,NA,"L2","r","b",0,0,"Apoidea",0
"NANAL2",NA,NA,"L2","r","b",0,0,"Crabronidae",0
"NANAL2",NA,NA,"L2","r","b",0,0,"Trichoptera",0
"NANAL2",NA,NA,"L2","r","b",0,0,"Diptera",2
"NANAL2",NA,NA,"L2","r","b",0,0,"Lepidoptera",1
"NANAL2",NA,NA,"L2","r","b",0,0,"Hemiptera",0
"NANAL2",NA,NA,"L2","r","b",0,0,"Blattodea",0
"NANAL2",NA,NA,"L2","r","r",0,0,"Coleoptera",0
"NANAL2",NA,NA,"L2","r","r",0,0,"Araneae",0
"NANAL2",NA,NA,"L2","r","r",0,0,"Formicidae",0
"NANAL2",NA,NA,"L2","r","r",0,0,"Isoptera",0
"NANAL2",NA,NA,"L2","r","r",0,0,"Apoidea",0
"NANAL2",NA,NA,"L2","r","r",0,0,"Crabronidae",0
"NANAL2",NA,NA,"L2","r","r",0,0,"Trichoptera",0
"NANAL2",NA,NA,"L2","r","r",0,0,"Diptera",0
"NANAL2",NA,NA,"L2","r","r",0,0,"Lepidoptera",0
"NANAL2",NA,NA,"L2","r","r",0,0,"Hemiptera",0
"NANAL2",NA,NA,"L2","r","r",0,0,"Blattodea",0
"NANAL3",NA,NA,"L3","r","r",0,0,"Coleoptera",0
"NANAL3",NA,NA,"L3","r","r",0,0,"Araneae",0
"NANAL3",NA,NA,"L3","r","r",0,0,"Formicidae",1
"NANAL3",NA,NA,"L3","r","r",0,0,"Isoptera",0
"NANAL3",NA,NA,"L3","r","r",0,0,"Apoidea",0
"NANAL3",NA,NA,"L3","r","r",0,0,"Crabronidae",0
"NANAL3",NA,NA,"L3","r","r",0,0,"Trichoptera",0
"NANAL3",NA,NA,"L3","r","r",0,0,"Diptera",0
"NANAL3",NA,NA,"L3","r","r",0,0,"Lepidoptera",0
"NANAL3",NA,NA,"L3","r","r",0,0,"Hemiptera",0
"NANAL3",NA,NA,"L3","r","r",0,0,"Blattodea",0
"NANAL3",NA,NA,"L3","r","y",0,0,"Coleoptera",0
"NANAL3",NA,NA,"L3","r","y",0,0,"Araneae",0
"NANAL3",NA,NA,"L3","r","y",0,0,"Formicidae",2
"NANAL3",NA,NA,"L3","r","y",0,0,"Isoptera",1
"NANAL3",NA,NA,"L3","r","y",0,0,"Apoidea",0
"NANAL3",NA,NA,"L3","r","y",0,0,"Crabronidae",1
"NANAL3",NA,NA,"L3","r","y",0,0,"Trichoptera",0
"NANAL3",NA,NA,"L3","r","y",0,0,"Diptera",0
"NANAL3",NA,NA,"L3","r","y",0,0,"Lepidoptera",0
"NANAL3",NA,NA,"L3","r","y",0,0,"Hemiptera",0
"NANAL3",NA,NA,"L3","r","y",0,0,"Blattodea",0
"NANAL3",NA,NA,"L3","y","r",0,0,"Coleoptera",0
"NANAL3",NA,NA,"L3","y","r",0,0,"Araneae",0
"NANAL3",NA,NA,"L3","y","r",0,0,"Formicidae",1
"NANAL3",NA,NA,"L3","y","r",0,0,"Isoptera",0
"NANAL3",NA,NA,"L3","y","r",0,0,"Apoidea",0
"NANAL3",NA,NA,"L3","y","r",0,0,"Crabronidae",0
"NANAL3",NA,NA,"L3","y","r",0,0,"Trichoptera",0
"NANAL3",NA,NA,"L3","y","r",0,0,"Diptera",0
"NANAL3",NA,NA,"L3","y","r",0,0,"Lepidoptera",0
"NANAL3",NA,NA,"L3","y","r",0,0,"Hemiptera",0
"NANAL3",NA,NA,"L3","y","r",0,0,"Blattodea",0
"NANAL3",NA,NA,"L3","y","w",0,0,"Coleoptera",0
"NANAL3",NA,NA,"L3","y","w",0,0,"Araneae",0
"NANAL3",NA,NA,"L3","y","w",0,0,"Formicidae",1
"NANAL3",NA,NA,"L3","y","w",0,0,"Isoptera",0
"NANAL3",NA,NA,"L3","y","w",0,0,"Apoidea",0
"NANAL3",NA,NA,"L3","y","w",0,0,"Crabronidae",2
"NANAL3",NA,NA,"L3","y","w",0,0,"Trichoptera",0
"NANAL3",NA,NA,"L3","y","w",0,0,"Diptera",0
"NANAL3",NA,NA,"L3","y","w",0,0,"Lepidoptera",0
"NANAL3",NA,NA,"L3","y","w",0,0,"Hemiptera",0
"NANAL3",NA,NA,"L3","y","w",0,0,"Blattodea",0
"NANAL3",NA,NA,"L3","y","b",0,0,"Coleoptera",0
"NANAL3",NA,NA,"L3","y","b",0,0,"Araneae",0
"NANAL3",NA,NA,"L3","y","b",0,0,"Formicidae",0
"NANAL3",NA,NA,"L3","y","b",0,0,"Isoptera",0
"NANAL3",NA,NA,"L3","y","b",0,0,"Apoidea",0
"NANAL3",NA,NA,"L3","y","b",0,0,"Crabronidae",0
"NANAL3",NA,NA,"L3","y","b",0,0,"Trichoptera",0
"NANAL3",NA,NA,"L3","y","b",0,0,"Diptera",0
"NANAL3",NA,NA,"L3","y","b",0,0,"Lepidoptera",1
"NANAL3",NA,NA,"L3","y","b",0,0,"Hemiptera",0
"NANAL3",NA,NA,"L3","y","b",0,0,"Blattodea",0
"NANAL3",NA,NA,"L3","y","y",0,1,"Coleoptera",0
"NANAL3",NA,NA,"L3","y","y",0,1,"Araneae",0
"NANAL3",NA,NA,"L3","y","y",0,1,"Formicidae",4
"NANAL3",NA,NA,"L3","y","y",0,1,"Isoptera",0
"NANAL3",NA,NA,"L3","y","y",0,1,"Apoidea",5
"NANAL3",NA,NA,"L3","y","y",0,1,"Crabronidae",0
"NANAL3",NA,NA,"L3","y","y",0,1,"Trichoptera",0
"NANAL3",NA,NA,"L3","y","y",0,1,"Diptera",0
"NANAL3",NA,NA,"L3","y","y",0,1,"Lepidoptera",0
"NANAL3",NA,NA,"L3","y","y",0,1,"Hemiptera",0
"NANAL3",NA,NA,"L3","y","y",0,1,"Blattodea",0
"NANAL3",NA,NA,"L3","w","b",0,0,"Coleoptera",0
"NANAL3",NA,NA,"L3","w","b",0,0,"Araneae",0
"NANAL3",NA,NA,"L3","w","b",0,0,"Formicidae",1
"NANAL3",NA,NA,"L3","w","b",0,0,"Isoptera",0
"NANAL3",NA,NA,"L3","w","b",0,0,"Apoidea",0
"NANAL3",NA,NA,"L3","w","b",0,0,"Crabronidae",0
"NANAL3",NA,NA,"L3","w","b",0,0,"Trichoptera",0
"NANAL3",NA,NA,"L3","w","b",0,0,"Diptera",0
"NANAL3",NA,NA,"L3","w","b",0,0,"Lepidoptera",0
"NANAL3",NA,NA,"L3","w","b",0,0,"Hemiptera",0
"NANAL3",NA,NA,"L3","w","b",0,0,"Blattodea",0
"NANAL3",NA,NA,"L3","w","y",0,0,"Coleoptera",0
"NANAL3",NA,NA,"L3","w","y",0,0,"Araneae",0
"NANAL3",NA,NA,"L3","w","y",0,0,"Formicidae",0
"NANAL3",NA,NA,"L3","w","y",0,0,"Isoptera",0
"NANAL3",NA,NA,"L3","w","y",0,0,"Apoidea",0
"NANAL3",NA,NA,"L3","w","y",0,0,"Crabronidae",2
"NANAL3",NA,NA,"L3","w","y",0,0,"Trichoptera",1
"NANAL3",NA,NA,"L3","w","y",0,0,"Diptera",3
"NANAL3",NA,NA,"L3","w","y",0,0,"Lepidoptera",0
"NANAL3",NA,NA,"L3","w","y",0,0,"Hemiptera",0
"NANAL3",NA,NA,"L3","w","y",0,0,"Blattodea",0
"NANAL3",NA,NA,"L3","b","b",0,0,"Coleoptera",0
"NANAL3",NA,NA,"L3","b","b",0,0,"Araneae",2
"NANAL3",NA,NA,"L3","b","b",0,0,"Formicidae",1
"NANAL3",NA,NA,"L3","b","b",0,0,"Isoptera",0
"NANAL3",NA,NA,"L3","b","b",0,0,"Apoidea",0
"NANAL3",NA,NA,"L3","b","b",0,0,"Crabronidae",1
"NANAL3",NA,NA,"L3","b","b",0,0,"Trichoptera",0
"NANAL3",NA,NA,"L3","b","b",0,0,"Diptera",1
"NANAL3",NA,NA,"L3","b","b",0,0,"Lepidoptera",1
"NANAL3",NA,NA,"L3","b","b",0,0,"Hemiptera",0
"NANAL3",NA,NA,"L3","b","b",0,0,"Blattodea",0
"NANAL3",NA,NA,"L3","b","r",0,0,"Coleoptera",0
"NANAL3",NA,NA,"L3","b","r",0,0,"Araneae",0
"NANAL3",NA,NA,"L3","b","r",0,0,"Formicidae",0
"NANAL3",NA,NA,"L3","b","r",0,0,"Isoptera",0
"NANAL3",NA,NA,"L3","b","r",0,0,"Apoidea",0
"NANAL3",NA,NA,"L3","b","r",0,0,"Crabronidae",0
"NANAL3",NA,NA,"L3","b","r",0,0,"Trichoptera",0
"NANAL3",NA,NA,"L3","b","r",0,0,"Diptera",0
"NANAL3",NA,NA,"L3","b","r",0,0,"Lepidoptera",0
"NANAL3",NA,NA,"L3","b","r",0,0,"Hemiptera",0
"NANAL3",NA,NA,"L3","b","r",0,0,"Blattodea",0
"NANAL3",NA,NA,"L3","b","w",0,0,"Coleoptera",0
"NANAL3",NA,NA,"L3","b","w",0,0,"Araneae",1
"NANAL3",NA,NA,"L3","b","w",0,0,"Formicidae",5
"NANAL3",NA,NA,"L3","b","w",0,0,"Isoptera",0
"NANAL3",NA,NA,"L3","b","w",0,0,"Apoidea",1
"NANAL3",NA,NA,"L3","b","w",0,0,"Crabronidae",2
"NANAL3",NA,NA,"L3","b","w",0,0,"Trichoptera",0
"NANAL3",NA,NA,"L3","b","w",0,0,"Diptera",3
"NANAL3",NA,NA,"L3","b","w",0,0,"Lepidoptera",1
"NANAL3",NA,NA,"L3","b","w",0,0,"Hemiptera",0
"NANAL3",NA,NA,"L3","b","w",0,0,"Blattodea",0
"NANAL3",NA,NA,"L3","b","y",0,0,"Coleoptera",0
"NANAL3",NA,NA,"L3","b","y",0,0,"Araneae",0
"NANAL3",NA,NA,"L3","b","y",0,0,"Formicidae",17
"NANAL3",NA,NA,"L3","b","y",0,0,"Isoptera",0
"NANAL3",NA,NA,"L3","b","y",0,0,"Apoidea",1
"NANAL3",NA,NA,"L3","b","y",0,0,"Crabronidae",2
"NANAL3",NA,NA,"L3","b","y",0,0,"Trichoptera",1
"NANAL3",NA,NA,"L3","b","y",0,0,"Diptera",2
"NANAL3",NA,NA,"L3","b","y",0,0,"Lepidoptera",0
"NANAL3",NA,NA,"L3","b","y",0,0,"Hemiptera",0
"NANAL3",NA,NA,"L3","b","y",0,0,"Blattodea",0
"NANAL3",NA,NA,"L3","w","w",0,0,"Coleoptera",0
"NANAL3",NA,NA,"L3","w","w",0,0,"Araneae",0
"NANAL3",NA,NA,"L3","w","w",0,0,"Formicidae",0
"NANAL3",NA,NA,"L3","w","w",0,0,"Isoptera",0
"NANAL3",NA,NA,"L3","w","w",0,0,"Apoidea",0
"NANAL3",NA,NA,"L3","w","w",0,0,"Crabronidae",0
"NANAL3",NA,NA,"L3","w","w",0,0,"Trichoptera",0
"NANAL3",NA,NA,"L3","w","w",0,0,"Diptera",0
"NANAL3",NA,NA,"L3","w","w",0,0,"Lepidoptera",0
"NANAL3",NA,NA,"L3","w","w",0,0,"Hemiptera",0
"NANAL3",NA,NA,"L3","w","w",0,0,"Blattodea",0
"NANAL3",NA,NA,"L3","w","r",0,1,"Coleoptera",0
"NANAL3",NA,NA,"L3","w","r",0,1,"Araneae",0
"NANAL3",NA,NA,"L3","w","r",0,1,"Formicidae",1
"NANAL3",NA,NA,"L3","w","r",0,1,"Isoptera",0
"NANAL3",NA,NA,"L3","w","r",0,1,"Apoidea",0
"NANAL3",NA,NA,"L3","w","r",0,1,"Crabronidae",0
"NANAL3",NA,NA,"L3","w","r",0,1,"Trichoptera",0
"NANAL3",NA,NA,"L3","w","r",0,1,"Diptera",0
"NANAL3",NA,NA,"L3","w","r",0,1,"Lepidoptera",0
"NANAL3",NA,NA,"L3","w","r",0,1,"Hemiptera",0
"NANAL3",NA,NA,"L3","w","r",0,1,"Blattodea",0
"NANAL3",NA,NA,"L3","r","b",0,0,"Coleoptera",0
"NANAL3",NA,NA,"L3","r","b",0,0,"Araneae",1
"NANAL3",NA,NA,"L3","r","b",0,0,"Formicidae",4
"NANAL3",NA,NA,"L3","r","b",0,0,"Isoptera",1
"NANAL3",NA,NA,"L3","r","b",0,0,"Apoidea",0
"NANAL3",NA,NA,"L3","r","b",0,0,"Crabronidae",0
"NANAL3",NA,NA,"L3","r","b",0,0,"Trichoptera",1
"NANAL3",NA,NA,"L3","r","b",0,0,"Diptera",1
"NANAL3",NA,NA,"L3","r","b",0,0,"Lepidoptera",0
"NANAL3",NA,NA,"L3","r","b",0,0,"Hemiptera",0
"NANAL3",NA,NA,"L3","r","b",0,0,"Blattodea",0
"NANAL3",NA,NA,"L3","r","w",0,0,"Coleoptera",0
"NANAL3",NA,NA,"L3","r","w",0,0,"Araneae",0
"NANAL3",NA,NA,"L3","r","w",0,0,"Formicidae",3
"NANAL3",NA,NA,"L3","r","w",0,0,"Isoptera",0
"NANAL3",NA,NA,"L3","r","w",0,0,"Apoidea",0
"NANAL3",NA,NA,"L3","r","w",0,0,"Crabronidae",0
"NANAL3",NA,NA,"L3","r","w",0,0,"Trichoptera",0
"NANAL3",NA,NA,"L3","r","w",0,0,"Diptera",0
"NANAL3",NA,NA,"L3","r","w",0,0,"Lepidoptera",0
"NANAL3",NA,NA,"L3","r","w",0,0,"Hemiptera",0
"NANAL3",NA,NA,"L3","r","w",0,0,"Blattodea",0
"NANAL1",NA,NA,"L1","w","y",0,0,"Coleoptera",0
"NANAL1",NA,NA,"L1","w","y",0,0,"Araneae",0
"NANAL1",NA,NA,"L1","w","y",0,0,"Formicidae",2
"NANAL1",NA,NA,"L1","w","y",0,0,"Isoptera",1
"NANAL1",NA,NA,"L1","w","y",0,0,"Apoidea",0
"NANAL1",NA,NA,"L1","w","y",0,0,"Crabronidae",1
"NANAL1",NA,NA,"L1","w","y",0,0,"Trichoptera",0
"NANAL1",NA,NA,"L1","w","y",0,0,"Diptera",0
"NANAL1",NA,NA,"L1","w","y",0,0,"Lepidoptera",0
"NANAL1",NA,NA,"L1","w","y",0,0,"Hemiptera",0
"NANAL1",NA,NA,"L1","w","y",0,0,"Blattodea",0
"NANAL1",NA,NA,"L1","y","y",3,0,"Coleoptera",0
"NANAL1",NA,NA,"L1","y","y",3,0,"Araneae",0
"NANAL1",NA,NA,"L1","y","y",3,0,"Formicidae",1
"NANAL1",NA,NA,"L1","y","y",3,0,"Isoptera",0
"NANAL1",NA,NA,"L1","y","y",3,0,"Apoidea",0
"NANAL1",NA,NA,"L1","y","y",3,0,"Crabronidae",1
"NANAL1",NA,NA,"L1","y","y",3,0,"Trichoptera",0
"NANAL1",NA,NA,"L1","y","y",3,0,"Diptera",1
"NANAL1",NA,NA,"L1","y","y",3,0,"Lepidoptera",1
"NANAL1",NA,NA,"L1","y","y",3,0,"Hemiptera",0
"NANAL1",NA,NA,"L1","y","y",3,0,"Blattodea",0
"NANAL1",NA,NA,"L1","r","b",0,0,"Coleoptera",0
"NANAL1",NA,NA,"L1","r","b",0,0,"Araneae",0
"NANAL1",NA,NA,"L1","r","b",0,0,"Formicidae",0
"NANAL1",NA,NA,"L1","r","b",0,0,"Isoptera",1
"NANAL1",NA,NA,"L1","r","b",0,0,"Apoidea",0
"NANAL1",NA,NA,"L1","r","b",0,0,"Crabronidae",1
"NANAL1",NA,NA,"L1","r","b",0,0,"Trichoptera",0
"NANAL1",NA,NA,"L1","r","b",0,0,"Diptera",0
"NANAL1",NA,NA,"L1","r","b",0,0,"Lepidoptera",0
"NANAL1",NA,NA,"L1","r","b",0,0,"Hemiptera",0
"NANAL1",NA,NA,"L1","r","b",0,0,"Blattodea",0
"NANAL1",NA,NA,"L1","r","y",1,0,"Coleoptera",0
"NANAL1",NA,NA,"L1","r","y",1,0,"Araneae",0
"NANAL1",NA,NA,"L1","r","y",1,0,"Formicidae",1
"NANAL1",NA,NA,"L1","r","y",1,0,"Isoptera",0
"NANAL1",NA,NA,"L1","r","y",1,0,"Apoidea",0
"NANAL1",NA,NA,"L1","r","y",1,0,"Crabronidae",0
"NANAL1",NA,NA,"L1","r","y",1,0,"Trichoptera",0
"NANAL1",NA,NA,"L1","r","y",1,0,"Diptera",0
"NANAL1",NA,NA,"L1","r","y",1,0,"Lepidoptera",0
"NANAL1",NA,NA,"L1","r","y",1,0,"Hemiptera",0
"NANAL1",NA,NA,"L1","r","y",1,0,"Blattodea",0
"NANAL1",NA,NA,"L1","y","b",0,0,"Coleoptera",0
"NANAL1",NA,NA,"L1","y","b",0,0,"Araneae",0
"NANAL1",NA,NA,"L1","y","b",0,0,"Formicidae",0
"NANAL1",NA,NA,"L1","y","b",0,0,"Isoptera",0
"NANAL1",NA,NA,"L1","y","b",0,0,"Apoidea",0
"NANAL1",NA,NA,"L1","y","b",0,0,"Crabronidae",0
"NANAL1",NA,NA,"L1","y","b",0,0,"Trichoptera",0
"NANAL1",NA,NA,"L1","y","b",0,0,"Diptera",0
"NANAL1",NA,NA,"L1","y","b",0,0,"Lepidoptera",0
"NANAL1",NA,NA,"L1","y","b",0,0,"Hemiptera",0
"NANAL1",NA,NA,"L1","y","b",0,0,"Blattodea",0
"NANAL1",NA,NA,"L1","y","w",0,0,"Coleoptera",1
"NANAL1",NA,NA,"L1","y","w",0,0,"Araneae",0
"NANAL1",NA,NA,"L1","y","w",0,0,"Formicidae",1
"NANAL1",NA,NA,"L1","y","w",0,0,"Isoptera",0
"NANAL1",NA,NA,"L1","y","w",0,0,"Apoidea",1
"NANAL1",NA,NA,"L1","y","w",0,0,"Crabronidae",0
"NANAL1",NA,NA,"L1","y","w",0,0,"Trichoptera",0
"NANAL1",NA,NA,"L1","y","w",0,0,"Diptera",0
"NANAL1",NA,NA,"L1","y","w",0,0,"Lepidoptera",0
"NANAL1",NA,NA,"L1","y","w",0,0,"Hemiptera",0
"NANAL1",NA,NA,"L1","y","w",0,0,"Blattodea",0
"NANAL1",NA,NA,"L1","w","r",1,0,"Coleoptera",1
"NANAL1",NA,NA,"L1","w","r",1,0,"Araneae",0
"NANAL1",NA,NA,"L1","w","r",1,0,"Formicidae",0
"NANAL1",NA,NA,"L1","w","r",1,0,"Isoptera",0
"NANAL1",NA,NA,"L1","w","r",1,0,"Apoidea",0
"NANAL1",NA,NA,"L1","w","r",1,0,"Crabronidae",0
"NANAL1",NA,NA,"L1","w","r",1,0,"Trichoptera",0
"NANAL1",NA,NA,"L1","w","r",1,0,"Diptera",0
"NANAL1",NA,NA,"L1","w","r",1,0,"Lepidoptera",0
"NANAL1",NA,NA,"L1","w","r",1,0,"Hemiptera",0
"NANAL1",NA,NA,"L1","w","r",1,0,"Blattodea",0
"NANAL1",NA,NA,"L1","b","y",0,0,"Coleoptera",0
"NANAL1",NA,NA,"L1","b","y",0,0,"Araneae",0
"NANAL1",NA,NA,"L1","b","y",0,0,"Formicidae",0
"NANAL1",NA,NA,"L1","b","y",0,0,"Isoptera",0
"NANAL1",NA,NA,"L1","b","y",0,0,"Apoidea",0
"NANAL1",NA,NA,"L1","b","y",0,0,"Crabronidae",0
"NANAL1",NA,NA,"L1","b","y",0,0,"Trichoptera",0
"NANAL1",NA,NA,"L1","b","y",0,0,"Diptera",0
"NANAL1",NA,NA,"L1","b","y",0,0,"Lepidoptera",0
"NANAL1",NA,NA,"L1","b","y",0,0,"Hemiptera",0
"NANAL1",NA,NA,"L1","b","y",0,0,"Blattodea",0
"NANAL1",NA,NA,"L1","r","w",0,0,"Coleoptera",0
"NANAL1",NA,NA,"L1","r","w",0,0,"Araneae",0
"NANAL1",NA,NA,"L1","r","w",0,0,"Formicidae",0
"NANAL1",NA,NA,"L1","r","w",0,0,"Isoptera",0
"NANAL1",NA,NA,"L1","r","w",0,0,"Apoidea",0
"NANAL1",NA,NA,"L1","r","w",0,0,"Crabronidae",0
"NANAL1",NA,NA,"L1","r","w",0,0,"Trichoptera",0
"NANAL1",NA,NA,"L1","r","w",0,0,"Diptera",0
"NANAL1",NA,NA,"L1","r","w",0,0,"Lepidoptera",0
"NANAL1",NA,NA,"L1","r","w",0,0,"Hemiptera",0
"NANAL1",NA,NA,"L1","r","w",0,0,"Blattodea",0
"NANAL1",NA,NA,"L1","b","r",0,0,"Coleoptera",0
"NANAL1",NA,NA,"L1","b","r",0,0,"Araneae",0
"NANAL1",NA,NA,"L1","b","r",0,0,"Formicidae",1
"NANAL1",NA,NA,"L1","b","r",0,0,"Isoptera",2
"NANAL1",NA,NA,"L1","b","r",0,0,"Apoidea",0
"NANAL1",NA,NA,"L1","b","r",0,0,"Crabronidae",0
"NANAL1",NA,NA,"L1","b","r",0,0,"Trichoptera",0
"NANAL1",NA,NA,"L1","b","r",0,0,"Diptera",0
"NANAL1",NA,NA,"L1","b","r",0,0,"Lepidoptera",0
"NANAL1",NA,NA,"L1","b","r",0,0,"Hemiptera",0
"NANAL1",NA,NA,"L1","b","r",0,0,"Blattodea",0
"NANAL1",NA,NA,"L1","b","b",0,0,"Coleoptera",0
"NANAL1",NA,NA,"L1","b","b",0,0,"Araneae",0
"NANAL1",NA,NA,"L1","b","b",0,0,"Formicidae",0
"NANAL1",NA,NA,"L1","b","b",0,0,"Isoptera",0
"NANAL1",NA,NA,"L1","b","b",0,0,"Apoidea",0
"NANAL1",NA,NA,"L1","b","b",0,0,"Crabronidae",0
"NANAL1",NA,NA,"L1","b","b",0,0,"Trichoptera",0
"NANAL1",NA,NA,"L1","b","b",0,0,"Diptera",0
"NANAL1",NA,NA,"L1","b","b",0,0,"Lepidoptera",0
"NANAL1",NA,NA,"L1","b","b",0,0,"Hemiptera",0
"NANAL1",NA,NA,"L1","b","b",0,0,"Blattodea",0
"NANAL1",NA,NA,"L1","y","r",0,0,"Coleoptera",0
"NANAL1",NA,NA,"L1","y","r",0,0,"Araneae",0
"NANAL1",NA,NA,"L1","y","r",0,0,"Formicidae",3
"NANAL1",NA,NA,"L1","y","r",0,0,"Isoptera",0
"NANAL1",NA,NA,"L1","y","r",0,0,"Apoidea",0
"NANAL1",NA,NA,"L1","y","r",0,0,"Crabronidae",0
"NANAL1",NA,NA,"L1","y","r",0,0,"Trichoptera",0
"NANAL1",NA,NA,"L1","y","r",0,0,"Diptera",0
"NANAL1",NA,NA,"L1","y","r",0,0,"Lepidoptera",0
"NANAL1",NA,NA,"L1","y","r",0,0,"Hemiptera",0
"NANAL1",NA,NA,"L1","y","r",0,0,"Blattodea",0
"NANAL1",NA,NA,"L1","b","w",0,0,"Coleoptera",0
"NANAL1",NA,NA,"L1","b","w",0,0,"Araneae",0
"NANAL1",NA,NA,"L1","b","w",0,0,"Formicidae",0
"NANAL1",NA,NA,"L1","b","w",0,0,"Isoptera",0
"NANAL1",NA,NA,"L1","b","w",0,0,"Apoidea",0
"NANAL1",NA,NA,"L1","b","w",0,0,"Crabronidae",0
"NANAL1",NA,NA,"L1","b","w",0,0,"Trichoptera",0
"NANAL1",NA,NA,"L1","b","w",0,0,"Diptera",0
"NANAL1",NA,NA,"L1","b","w",0,0,"Lepidoptera",0
"NANAL1",NA,NA,"L1","b","w",0,0,"Hemiptera",0
"NANAL1",NA,NA,"L1","b","w",0,0,"Blattodea",0
"NANAL1",NA,NA,"L1","w","w",0,0,"Coleoptera",0
"NANAL1",NA,NA,"L1","w","w",0,0,"Araneae",0
"NANAL1",NA,NA,"L1","w","w",0,0,"Formicidae",0
"NANAL1",NA,NA,"L1","w","w",0,0,"Isoptera",0
"NANAL1",NA,NA,"L1","w","w",0,0,"Apoidea",0
"NANAL1",NA,NA,"L1","w","w",0,0,"Crabronidae",0
"NANAL1",NA,NA,"L1","w","w",0,0,"Trichoptera",0
"NANAL1",NA,NA,"L1","w","w",0,0,"Diptera",0
"NANAL1",NA,NA,"L1","w","w",0,0,"Lepidoptera",0
"NANAL1",NA,NA,"L1","w","w",0,0,"Hemiptera",0
"NANAL1",NA,NA,"L1","w","w",0,0,"Blattodea",0
"NANAL1",NA,NA,"L1","r","r",3,0,"Coleoptera",0
"NANAL1",NA,NA,"L1","r","r",3,0,"Araneae",0
"NANAL1",NA,NA,"L1","r","r",3,0,"Formicidae",0
"NANAL1",NA,NA,"L1","r","r",3,0,"Isoptera",0
"NANAL1",NA,NA,"L1","r","r",3,0,"Apoidea",0
"NANAL1",NA,NA,"L1","r","r",3,0,"Crabronidae",0
"NANAL1",NA,NA,"L1","r","r",3,0,"Trichoptera",0
"NANAL1",NA,NA,"L1","r","r",3,0,"Diptera",0
"NANAL1",NA,NA,"L1","r","r",3,0,"Lepidoptera",0
"NANAL1",NA,NA,"L1","r","r",3,0,"Hemiptera",0
"NANAL1",NA,NA,"L1","r","r",3,0,"Blattodea",0
"NANAL2",NA,NA,"L2","y","y",0,0,"Coleoptera",0
"NANAL2",NA,NA,"L2","y","y",0,0,"Araneae",0
"NANAL2",NA,NA,"L2","y","y",0,0,"Formicidae",0
"NANAL2",NA,NA,"L2","y","y",0,0,"Isoptera",0
"NANAL2",NA,NA,"L2","y","y",0,0,"Apoidea",0
"NANAL2",NA,NA,"L2","y","y",0,0,"Crabronidae",0
"NANAL2",NA,NA,"L2","y","y",0,0,"Trichoptera",0
"NANAL2",NA,NA,"L2","y","y",0,0,"Diptera",0
"NANAL2",NA,NA,"L2","y","y",0,0,"Lepidoptera",0
"NANAL2",NA,NA,"L2","y","y",0,0,"Hemiptera",0
"NANAL2",NA,NA,"L2","y","y",0,0,"Blattodea",0
"NANAL2",NA,NA,"L2","w","r",0,0,"Coleoptera",0
"NANAL2",NA,NA,"L2","w","r",0,0,"Araneae",0
"NANAL2",NA,NA,"L2","w","r",0,0,"Formicidae",1
"NANAL2",NA,NA,"L2","w","r",0,0,"Isoptera",1
"NANAL2",NA,NA,"L2","w","r",0,0,"Apoidea",0
"NANAL2",NA,NA,"L2","w","r",0,0,"Crabronidae",0
"NANAL2",NA,NA,"L2","w","r",0,0,"Trichoptera",0
"NANAL2",NA,NA,"L2","w","r",0,0,"Diptera",0
"NANAL2",NA,NA,"L2","w","r",0,0,"Lepidoptera",0
"NANAL2",NA,NA,"L2","w","r",0,0,"Hemiptera",0
"NANAL2",NA,NA,"L2","w","r",0,0,"Blattodea",0
"NANAL2",NA,NA,"L2","w","w",0,0,"Coleoptera",0
"NANAL2",NA,NA,"L2","w","w",0,0,"Araneae",0
"NANAL2",NA,NA,"L2","w","w",0,0,"Formicidae",1
"NANAL2",NA,NA,"L2","w","w",0,0,"Isoptera",0
"NANAL2",NA,NA,"L2","w","w",0,0,"Apoidea",0
"NANAL2",NA,NA,"L2","w","w",0,0,"Crabronidae",0
"NANAL2",NA,NA,"L2","w","w",0,0,"Trichoptera",0
"NANAL2",NA,NA,"L2","w","w",0,0,"Diptera",0
"NANAL2",NA,NA,"L2","w","w",0,0,"Lepidoptera",0
"NANAL2",NA,NA,"L2","w","w",0,0,"Hemiptera",0
"NANAL2",NA,NA,"L2","w","w",0,0,"Blattodea",0
"NANAL2",NA,NA,"L2","w","b",0,0,"Coleoptera",0
"NANAL2",NA,NA,"L2","w","b",0,0,"Araneae",0
"NANAL2",NA,NA,"L2","w","b",0,0,"Formicidae",0
"NANAL2",NA,NA,"L2","w","b",0,0,"Isoptera",3
"NANAL2",NA,NA,"L2","w","b",0,0,"Apoidea",0
"NANAL2",NA,NA,"L2","w","b",0,0,"Crabronidae",1
"NANAL2",NA,NA,"L2","w","b",0,0,"Trichoptera",0
"NANAL2",NA,NA,"L2","w","b",0,0,"Diptera",0
"NANAL2",NA,NA,"L2","w","b",0,0,"Lepidoptera",0
"NANAL2",NA,NA,"L2","w","b",0,0,"Hemiptera",0
"NANAL2",NA,NA,"L2","w","b",0,0,"Blattodea",0
"NANAL2",NA,NA,"L2","b","w",0,0,"Coleoptera",1
"NANAL2",NA,NA,"L2","b","w",0,0,"Araneae",0
"NANAL2",NA,NA,"L2","b","w",0,0,"Formicidae",1
"NANAL2",NA,NA,"L2","b","w",0,0,"Isoptera",0
"NANAL2",NA,NA,"L2","b","w",0,0,"Apoidea",0
"NANAL2",NA,NA,"L2","b","w",0,0,"Crabronidae",0
"NANAL2",NA,NA,"L2","b","w",0,0,"Trichoptera",0
"NANAL2",NA,NA,"L2","b","w",0,0,"Diptera",0
"NANAL2",NA,NA,"L2","b","w",0,0,"Lepidoptera",0
"NANAL2",NA,NA,"L2","b","w",0,0,"Hemiptera",0
"NANAL2",NA,NA,"L2","b","w",0,0,"Blattodea",0
"NANAL2",NA,NA,"L2","b","r",0,0,"Coleoptera",0
"NANAL2",NA,NA,"L2","b","r",0,0,"Araneae",0
"NANAL2",NA,NA,"L2","b","r",0,0,"Formicidae",0
"NANAL2",NA,NA,"L2","b","r",0,0,"Isoptera",0
"NANAL2",NA,NA,"L2","b","r",0,0,"Apoidea",0
"NANAL2",NA,NA,"L2","b","r",0,0,"Crabronidae",0
"NANAL2",NA,NA,"L2","b","r",0,0,"Trichoptera",0
"NANAL2",NA,NA,"L2","b","r",0,0,"Diptera",0
"NANAL2",NA,NA,"L2","b","r",0,0,"Lepidoptera",0
"NANAL2",NA,NA,"L2","b","r",0,0,"Hemiptera",0
"NANAL2",NA,NA,"L2","b","r",0,0,"Blattodea",0
"NANAL2",NA,NA,"L2","w","y",0,0,"Coleoptera",0
"NANAL2",NA,NA,"L2","w","y",0,0,"Araneae",0
"NANAL2",NA,NA,"L2","w","y",0,0,"Formicidae",0
"NANAL2",NA,NA,"L2","w","y",0,0,"Isoptera",0
"NANAL2",NA,NA,"L2","w","y",0,0,"Apoidea",0
"NANAL2",NA,NA,"L2","w","y",0,0,"Crabronidae",1
"NANAL2",NA,NA,"L2","w","y",0,0,"Trichoptera",0
"NANAL2",NA,NA,"L2","w","y",0,0,"Diptera",0
"NANAL2",NA,NA,"L2","w","y",0,0,"Lepidoptera",0
"NANAL2",NA,NA,"L2","w","y",0,0,"Hemiptera",0
"NANAL2",NA,NA,"L2","w","y",0,0,"Blattodea",0
"NANAL2",NA,NA,"L2","b","b",0,0,"Coleoptera",0
"NANAL2",NA,NA,"L2","b","b",0,0,"Araneae",0
"NANAL2",NA,NA,"L2","b","b",0,0,"Formicidae",0
"NANAL2",NA,NA,"L2","b","b",0,0,"Isoptera",1
"NANAL2",NA,NA,"L2","b","b",0,0,"Apoidea",0
"NANAL2",NA,NA,"L2","b","b",0,0,"Crabronidae",0
"NANAL2",NA,NA,"L2","b","b",0,0,"Trichoptera",0
"NANAL2",NA,NA,"L2","b","b",0,0,"Diptera",0
"NANAL2",NA,NA,"L2","b","b",0,0,"Lepidoptera",0
"NANAL2",NA,NA,"L2","b","b",0,0,"Hemiptera",0
"NANAL2",NA,NA,"L2","b","b",0,0,"Blattodea",0
"NANAL2",NA,NA,"L2","b","y",0,0,"Coleoptera",0
"NANAL2",NA,NA,"L2","b","y",0,0,"Araneae",0
"NANAL2",NA,NA,"L2","b","y",0,0,"Formicidae",0
"NANAL2",NA,NA,"L2","b","y",0,0,"Isoptera",0
"NANAL2",NA,NA,"L2","b","y",0,0,"Apoidea",0
"NANAL2",NA,NA,"L2","b","y",0,0,"Crabronidae",0
"NANAL2",NA,NA,"L2","b","y",0,0,"Trichoptera",0
"NANAL2",NA,NA,"L2","b","y",0,0,"Diptera",0
"NANAL2",NA,NA,"L2","b","y",0,0,"Lepidoptera",0
"NANAL2",NA,NA,"L2","b","y",0,0,"Hemiptera",0
"NANAL2",NA,NA,"L2","b","y",0,0,"Blattodea",0
"NANAL2",NA,NA,"L2","y","w",0,0,"Coleoptera",0
"NANAL2",NA,NA,"L2","y","w",0,0,"Araneae",0
"NANAL2",NA,NA,"L2","y","w",0,0,"Formicidae",0
"NANAL2",NA,NA,"L2","y","w",0,0,"Isoptera",0
"NANAL2",NA,NA,"L2","y","w",0,0,"Apoidea",0
"NANAL2",NA,NA,"L2","y","w",0,0,"Crabronidae",0
"NANAL2",NA,NA,"L2","y","w",0,0,"Trichoptera",0
"NANAL2",NA,NA,"L2","y","w",0,0,"Diptera",0
"NANAL2",NA,NA,"L2","y","w",0,0,"Lepidoptera",0
"NANAL2",NA,NA,"L2","y","w",0,0,"Hemiptera",0
"NANAL2",NA,NA,"L2","y","w",0,0,"Blattodea",0
"NANAL2",NA,NA,"L2","r","r",0,0,"Coleoptera",0
"NANAL2",NA,NA,"L2","r","r",0,0,"Araneae",0
"NANAL2",NA,NA,"L2","r","r",0,0,"Formicidae",0
"NANAL2",NA,NA,"L2","r","r",0,0,"Isoptera",0
"NANAL2",NA,NA,"L2","r","r",0,0,"Apoidea",0
"NANAL2",NA,NA,"L2","r","r",0,0,"Crabronidae",0
"NANAL2",NA,NA,"L2","r","r",0,0,"Trichoptera",0
"NANAL2",NA,NA,"L2","r","r",0,0,"Diptera",0
"NANAL2",NA,NA,"L2","r","r",0,0,"Lepidoptera",0
"NANAL2",NA,NA,"L2","r","r",0,0,"Hemiptera",0
"NANAL2",NA,NA,"L2","r","r",0,0,"Blattodea",0
"NANAL2",NA,NA,"L2","y","r",0,0,"Coleoptera",0
"NANAL2",NA,NA,"L2","y","r",0,0,"Araneae",0
"NANAL2",NA,NA,"L2","y","r",0,0,"Formicidae",0
"NANAL2",NA,NA,"L2","y","r",0,0,"Isoptera",0
"NANAL2",NA,NA,"L2","y","r",0,0,"Apoidea",0
"NANAL2",NA,NA,"L2","y","r",0,0,"Crabronidae",0
"NANAL2",NA,NA,"L2","y","r",0,0,"Trichoptera",0
"NANAL2",NA,NA,"L2","y","r",0,0,"Diptera",0
"NANAL2",NA,NA,"L2","y","r",0,0,"Lepidoptera",0
"NANAL2",NA,NA,"L2","y","r",0,0,"Hemiptera",0
"NANAL2",NA,NA,"L2","y","r",0,0,"Blattodea",0
"NANAL2",NA,NA,"L2","y","b",0,0,"Coleoptera",0
"NANAL2",NA,NA,"L2","y","b",0,0,"Araneae",0
"NANAL2",NA,NA,"L2","y","b",0,0,"Formicidae",1
"NANAL2",NA,NA,"L2","y","b",0,0,"Isoptera",1
"NANAL2",NA,NA,"L2","y","b",0,0,"Apoidea",0
"NANAL2",NA,NA,"L2","y","b",0,0,"Crabronidae",0
"NANAL2",NA,NA,"L2","y","b",0,0,"Trichoptera",0
"NANAL2",NA,NA,"L2","y","b",0,0,"Diptera",0
"NANAL2",NA,NA,"L2","y","b",0,0,"Lepidoptera",0
"NANAL2",NA,NA,"L2","y","b",0,0,"Hemiptera",0
"NANAL2",NA,NA,"L2","y","b",0,0,"Blattodea",0
"NANAL2",NA,NA,"L2","r","w",0,0,"Coleoptera",0
"NANAL2",NA,NA,"L2","r","w",0,0,"Araneae",0
"NANAL2",NA,NA,"L2","r","w",0,0,"Formicidae",0
"NANAL2",NA,NA,"L2","r","w",0,0,"Isoptera",1
"NANAL2",NA,NA,"L2","r","w",0,0,"Apoidea",0
"NANAL2",NA,NA,"L2","r","w",0,0,"Crabronidae",0
"NANAL2",NA,NA,"L2","r","w",0,0,"Trichoptera",0
"NANAL2",NA,NA,"L2","r","w",0,0,"Diptera",0
"NANAL2",NA,NA,"L2","r","w",0,0,"Lepidoptera",0
"NANAL2",NA,NA,"L2","r","w",0,0,"Hemiptera",0
"NANAL2",NA,NA,"L2","r","w",0,0,"Blattodea",0
"NANAL2",NA,NA,"L2","r","y",0,0,"Coleoptera",0
"NANAL2",NA,NA,"L2","r","y",0,0,"Araneae",0
"NANAL2",NA,NA,"L2","r","y",0,0,"Formicidae",0
"NANAL2",NA,NA,"L2","r","y",0,0,"Isoptera",0
"NANAL2",NA,NA,"L2","r","y",0,0,"Apoidea",0
"NANAL2",NA,NA,"L2","r","y",0,0,"Crabronidae",0
"NANAL2",NA,NA,"L2","r","y",0,0,"Trichoptera",0
"NANAL2",NA,NA,"L2","r","y",0,0,"Diptera",0
"NANAL2",NA,NA,"L2","r","y",0,0,"Lepidoptera",0
"NANAL2",NA,NA,"L2","r","y",0,0,"Hemiptera",0
"NANAL2",NA,NA,"L2","r","y",0,0,"Blattodea",0
"NANAL2",NA,NA,"L2","r","b",1,0,"Coleoptera",0
"NANAL2",NA,NA,"L2","r","b",1,0,"Araneae",0
"NANAL2",NA,NA,"L2","r","b",1,0,"Formicidae",2
"NANAL2",NA,NA,"L2","r","b",1,0,"Isoptera",0
"NANAL2",NA,NA,"L2","r","b",1,0,"Apoidea",0
"NANAL2",NA,NA,"L2","r","b",1,0,"Crabronidae",1
"NANAL2",NA,NA,"L2","r","b",1,0,"Trichoptera",0
"NANAL2",NA,NA,"L2","r","b",1,0,"Diptera",0
"NANAL2",NA,NA,"L2","r","b",1,0,"Lepidoptera",0
"NANAL2",NA,NA,"L2","r","b",1,0,"Hemiptera",0
"NANAL2",NA,NA,"L2","r","b",1,0,"Blattodea",0
"NANAL3",NA,NA,"L3","r","r",0,0,"Coleoptera",0
"NANAL3",NA,NA,"L3","r","r",0,0,"Araneae",0
"NANAL3",NA,NA,"L3","r","r",0,0,"Formicidae",0
"NANAL3",NA,NA,"L3","r","r",0,0,"Isoptera",0
"NANAL3",NA,NA,"L3","r","r",0,0,"Apoidea",0
"NANAL3",NA,NA,"L3","r","r",0,0,"Crabronidae",0
"NANAL3",NA,NA,"L3","r","r",0,0,"Trichoptera",0
"NANAL3",NA,NA,"L3","r","r",0,0,"Diptera",0
"NANAL3",NA,NA,"L3","r","r",0,0,"Lepidoptera",2
"NANAL3",NA,NA,"L3","r","r",0,0,"Hemiptera",0
"NANAL3",NA,NA,"L3","r","r",0,0,"Blattodea",0
"NANAL3",NA,NA,"L3","y","r",0,0,"Coleoptera",0
"NANAL3",NA,NA,"L3","y","r",0,0,"Araneae",0
"NANAL3",NA,NA,"L3","y","r",0,0,"Formicidae",0
"NANAL3",NA,NA,"L3","y","r",0,0,"Isoptera",0
"NANAL3",NA,NA,"L3","y","r",0,0,"Apoidea",0
"NANAL3",NA,NA,"L3","y","r",0,0,"Crabronidae",0
"NANAL3",NA,NA,"L3","y","r",0,0,"Trichoptera",0
"NANAL3",NA,NA,"L3","y","r",0,0,"Diptera",0
"NANAL3",NA,NA,"L3","y","r",0,0,"Lepidoptera",0
"NANAL3",NA,NA,"L3","y","r",0,0,"Hemiptera",0
"NANAL3",NA,NA,"L3","y","r",0,0,"Blattodea",0
"NANAL3",NA,NA,"L3","b","r",1,0,"Coleoptera",2
"NANAL3",NA,NA,"L3","b","r",1,0,"Araneae",0
"NANAL3",NA,NA,"L3","b","r",1,0,"Formicidae",0
"NANAL3",NA,NA,"L3","b","r",1,0,"Isoptera",0
"NANAL3",NA,NA,"L3","b","r",1,0,"Apoidea",0
"NANAL3",NA,NA,"L3","b","r",1,0,"Crabronidae",0
"NANAL3",NA,NA,"L3","b","r",1,0,"Trichoptera",0
"NANAL3",NA,NA,"L3","b","r",1,0,"Diptera",1
"NANAL3",NA,NA,"L3","b","r",1,0,"Lepidoptera",0
"NANAL3",NA,NA,"L3","b","r",1,0,"Hemiptera",0
"NANAL3",NA,NA,"L3","b","r",1,0,"Blattodea",0
"NANAL3",NA,NA,"L3","b","y",0,0,"Coleoptera",0
"NANAL3",NA,NA,"L3","b","y",0,0,"Araneae",0
"NANAL3",NA,NA,"L3","b","y",0,0,"Formicidae",1
"NANAL3",NA,NA,"L3","b","y",0,0,"Isoptera",1
"NANAL3",NA,NA,"L3","b","y",0,0,"Apoidea",0
"NANAL3",NA,NA,"L3","b","y",0,0,"Crabronidae",1
"NANAL3",NA,NA,"L3","b","y",0,0,"Trichoptera",0
"NANAL3",NA,NA,"L3","b","y",0,0,"Diptera",0
"NANAL3",NA,NA,"L3","b","y",0,0,"Lepidoptera",0
"NANAL3",NA,NA,"L3","b","y",0,0,"Hemiptera",1
"NANAL3",NA,NA,"L3","b","y",0,0,"Blattodea",0
"NANAL3",NA,NA,"L3","r","w",1,0,"Coleoptera",0
"NANAL3",NA,NA,"L3","r","w",1,0,"Araneae",0
"NANAL3",NA,NA,"L3","r","w",1,0,"Formicidae",0
"NANAL3",NA,NA,"L3","r","w",1,0,"Isoptera",0
"NANAL3",NA,NA,"L3","r","w",1,0,"Apoidea",0
"NANAL3",NA,NA,"L3","r","w",1,0,"Crabronidae",0
"NANAL3",NA,NA,"L3","r","w",1,0,"Trichoptera",0
"NANAL3",NA,NA,"L3","r","w",1,0,"Diptera",0
"NANAL3",NA,NA,"L3","r","w",1,0,"Lepidoptera",0
"NANAL3",NA,NA,"L3","r","w",1,0,"Hemiptera",0
"NANAL3",NA,NA,"L3","r","w",1,0,"Blattodea",0
"NANAL3",NA,NA,"L3","y","w",0,0,"Coleoptera",0
"NANAL3",NA,NA,"L3","y","w",0,0,"Araneae",0
"NANAL3",NA,NA,"L3","y","w",0,0,"Formicidae",0
"NANAL3",NA,NA,"L3","y","w",0,0,"Isoptera",0
"NANAL3",NA,NA,"L3","y","w",0,0,"Apoidea",0
"NANAL3",NA,NA,"L3","y","w",0,0,"Crabronidae",0
"NANAL3",NA,NA,"L3","y","w",0,0,"Trichoptera",0
"NANAL3",NA,NA,"L3","y","w",0,0,"Diptera",0
"NANAL3",NA,NA,"L3","y","w",0,0,"Lepidoptera",0
"NANAL3",NA,NA,"L3","y","w",0,0,"Hemiptera",0
"NANAL3",NA,NA,"L3","y","w",0,0,"Blattodea",0
"NANAL3",NA,NA,"L3","b","w",0,0,"Coleoptera",0
"NANAL3",NA,NA,"L3","b","w",0,0,"Araneae",0
"NANAL3",NA,NA,"L3","b","w",0,0,"Formicidae",4
"NANAL3",NA,NA,"L3","b","w",0,0,"Isoptera",0
"NANAL3",NA,NA,"L3","b","w",0,0,"Apoidea",0
"NANAL3",NA,NA,"L3","b","w",0,0,"Crabronidae",0
"NANAL3",NA,NA,"L3","b","w",0,0,"Trichoptera",0
"NANAL3",NA,NA,"L3","b","w",0,0,"Diptera",0
"NANAL3",NA,NA,"L3","b","w",0,0,"Lepidoptera",0
"NANAL3",NA,NA,"L3","b","w",0,0,"Hemiptera",0
"NANAL3",NA,NA,"L3","b","w",0,0,"Blattodea",0
"NANAL3",NA,NA,"L3","b","b",0,0,"Coleoptera",0
"NANAL3",NA,NA,"L3","b","b",0,0,"Araneae",0
"NANAL3",NA,NA,"L3","b","b",0,0,"Formicidae",0
"NANAL3",NA,NA,"L3","b","b",0,0,"Isoptera",1
"NANAL3",NA,NA,"L3","b","b",0,0,"Apoidea",0
"NANAL3",NA,NA,"L3","b","b",0,0,"Crabronidae",0
"NANAL3",NA,NA,"L3","b","b",0,0,"Trichoptera",0
"NANAL3",NA,NA,"L3","b","b",0,0,"Diptera",0
"NANAL3",NA,NA,"L3","b","b",0,0,"Lepidoptera",0
"NANAL3",NA,NA,"L3","b","b",0,0,"Hemiptera",0
"NANAL3",NA,NA,"L3","b","b",0,0,"Blattodea",0
"NANAL3",NA,NA,"L3","r","b",0,0,"Coleoptera",0
"NANAL3",NA,NA,"L3","r","b",0,0,"Araneae",0
"NANAL3",NA,NA,"L3","r","b",0,0,"Formicidae",1
"NANAL3",NA,NA,"L3","r","b",0,0,"Isoptera",0
"NANAL3",NA,NA,"L3","r","b",0,0,"Apoidea",0
"NANAL3",NA,NA,"L3","r","b",0,0,"Crabronidae",0
"NANAL3",NA,NA,"L3","r","b",0,0,"Trichoptera",0
"NANAL3",NA,NA,"L3","r","b",0,0,"Diptera",0
"NANAL3",NA,NA,"L3","r","b",0,0,"Lepidoptera",0
"NANAL3",NA,NA,"L3","r","b",0,0,"Hemiptera",0
"NANAL3",NA,NA,"L3","r","b",0,0,"Blattodea",0
"NANAL3",NA,NA,"L3","y","b",3,0,"Coleoptera",0
"NANAL3",NA,NA,"L3","y","b",3,0,"Araneae",0
"NANAL3",NA,NA,"L3","y","b",3,0,"Formicidae",0
"NANAL3",NA,NA,"L3","y","b",3,0,"Isoptera",0
"NANAL3",NA,NA,"L3","y","b",3,0,"Apoidea",0
"NANAL3",NA,NA,"L3","y","b",3,0,"Crabronidae",0
"NANAL3",NA,NA,"L3","y","b",3,0,"Trichoptera",0
"NANAL3",NA,NA,"L3","y","b",3,0,"Diptera",0
"NANAL3",NA,NA,"L3","y","b",3,0,"Lepidoptera",0
"NANAL3",NA,NA,"L3","y","b",3,0,"Hemiptera",0
"NANAL3",NA,NA,"L3","y","b",3,0,"Blattodea",0
"NANAL3",NA,NA,"L3","w","r",0,0,"Coleoptera",0
"NANAL3",NA,NA,"L3","w","r",0,0,"Araneae",0
"NANAL3",NA,NA,"L3","w","r",0,0,"Formicidae",0
"NANAL3",NA,NA,"L3","w","r",0,0,"Isoptera",14
"NANAL3",NA,NA,"L3","w","r",0,0,"Apoidea",1
"NANAL3",NA,NA,"L3","w","r",0,0,"Crabronidae",0
"NANAL3",NA,NA,"L3","w","r",0,0,"Trichoptera",0
"NANAL3",NA,NA,"L3","w","r",0,0,"Diptera",0
"NANAL3",NA,NA,"L3","w","r",0,0,"Lepidoptera",1
"NANAL3",NA,NA,"L3","w","r",0,0,"Hemiptera",0
"NANAL3",NA,NA,"L3","w","r",0,0,"Blattodea",0
"NANAL3",NA,NA,"L3","w","b",0,0,"Coleoptera",0
"NANAL3",NA,NA,"L3","w","b",0,0,"Araneae",0
"NANAL3",NA,NA,"L3","w","b",0,0,"Formicidae",1
"NANAL3",NA,NA,"L3","w","b",0,0,"Isoptera",11
"NANAL3",NA,NA,"L3","w","b",0,0,"Apoidea",0
"NANAL3",NA,NA,"L3","w","b",0,0,"Crabronidae",0
"NANAL3",NA,NA,"L3","w","b",0,0,"Trichoptera",0
"NANAL3",NA,NA,"L3","w","b",0,0,"Diptera",0
"NANAL3",NA,NA,"L3","w","b",0,0,"Lepidoptera",0
"NANAL3",NA,NA,"L3","w","b",0,0,"Hemiptera",0
"NANAL3",NA,NA,"L3","w","b",0,0,"Blattodea",0
"NANAL3",NA,NA,"L3","r","y",0,0,"Coleoptera",0
"NANAL3",NA,NA,"L3","r","y",0,0,"Araneae",0
"NANAL3",NA,NA,"L3","r","y",0,0,"Formicidae",0
"NANAL3",NA,NA,"L3","r","y",0,0,"Isoptera",0
"NANAL3",NA,NA,"L3","r","y",0,0,"Apoidea",0
"NANAL3",NA,NA,"L3","r","y",0,0,"Crabronidae",0
"NANAL3",NA,NA,"L3","r","y",0,0,"Trichoptera",0
"NANAL3",NA,NA,"L3","r","y",0,0,"Diptera",0
"NANAL3",NA,NA,"L3","r","y",0,0,"Lepidoptera",0
"NANAL3",NA,NA,"L3","r","y",0,0,"Hemiptera",0
"NANAL3",NA,NA,"L3","r","y",0,0,"Blattodea",0
"NANAL3",NA,NA,"L3","y","y",3,0,"Coleoptera",0
"NANAL3",NA,NA,"L3","y","y",3,0,"Araneae",0
"NANAL3",NA,NA,"L3","y","y",3,0,"Formicidae",0
"NANAL3",NA,NA,"L3","y","y",3,0,"Isoptera",0
"NANAL3",NA,NA,"L3","y","y",3,0,"Apoidea",0
"NANAL3",NA,NA,"L3","y","y",3,0,"Crabronidae",0
"NANAL3",NA,NA,"L3","y","y",3,0,"Trichoptera",0
"NANAL3",NA,NA,"L3","y","y",3,0,"Diptera",0
"NANAL3",NA,NA,"L3","y","y",3,0,"Lepidoptera",1
"NANAL3",NA,NA,"L3","y","y",3,0,"Hemiptera",0
"NANAL3",NA,NA,"L3","y","y",3,0,"Blattodea",0
"NANAL3",NA,NA,"L3","w","w",0,0,"Coleoptera",1
"NANAL3",NA,NA,"L3","w","w",0,0,"Araneae",0
"NANAL3",NA,NA,"L3","w","w",0,0,"Formicidae",0
"NANAL3",NA,NA,"L3","w","w",0,0,"Isoptera",0
"NANAL3",NA,NA,"L3","w","w",0,0,"Apoidea",0
"NANAL3",NA,NA,"L3","w","w",0,0,"Crabronidae",0
"NANAL3",NA,NA,"L3","w","w",0,0,"Trichoptera",0
"NANAL3",NA,NA,"L3","w","w",0,0,"Diptera",0
"NANAL3",NA,NA,"L3","w","w",0,0,"Lepidoptera",0
"NANAL3",NA,NA,"L3","w","w",0,0,"Hemiptera",0
"NANAL3",NA,NA,"L3","w","w",0,0,"Blattodea",0
"NANAL3",NA,NA,"L3","w","y",0,0,"Coleoptera",0
"NANAL3",NA,NA,"L3","w","y",0,0,"Araneae",0
"NANAL3",NA,NA,"L3","w","y",0,0,"Formicidae",0
"NANAL3",NA,NA,"L3","w","y",0,0,"Isoptera",3
"NANAL3",NA,NA,"L3","w","y",0,0,"Apoidea",0
"NANAL3",NA,NA,"L3","w","y",0,0,"Crabronidae",0
"NANAL3",NA,NA,"L3","w","y",0,0,"Trichoptera",0
"NANAL3",NA,NA,"L3","w","y",0,0,"Diptera",0
"NANAL3",NA,NA,"L3","w","y",0,0,"Lepidoptera",1
"NANAL3",NA,NA,"L3","w","y",0,0,"Hemiptera",0
"NANAL3",NA,NA,"L3","w","y",0,0,"Blattodea",0
"NANAL1",NA,NA,"L1","y","y",0,1,"Coleoptera",0
"NANAL1",NA,NA,"L1","y","y",0,1,"Araneae",0
"NANAL1",NA,NA,"L1","y","y",0,1,"Formicidae",2
"NANAL1",NA,NA,"L1","y","y",0,1,"Isoptera",0
"NANAL1",NA,NA,"L1","y","y",0,1,"Apoidea",0
"NANAL1",NA,NA,"L1","y","y",0,1,"Crabronidae",0
"NANAL1",NA,NA,"L1","y","y",0,1,"Trichoptera",0
"NANAL1",NA,NA,"L1","y","y",0,1,"Diptera",2
"NANAL1",NA,NA,"L1","y","y",0,1,"Lepidoptera",0
"NANAL1",NA,NA,"L1","y","y",0,1,"Hemiptera",0
"NANAL1",NA,NA,"L1","y","y",0,1,"Blattodea",0
"NANAL1",NA,NA,"L1","b","b",0,0,"Coleoptera",0
"NANAL1",NA,NA,"L1","b","b",0,0,"Araneae",0
"NANAL1",NA,NA,"L1","b","b",0,0,"Formicidae",0
"NANAL1",NA,NA,"L1","b","b",0,0,"Isoptera",0
"NANAL1",NA,NA,"L1","b","b",0,0,"Apoidea",0
"NANAL1",NA,NA,"L1","b","b",0,0,"Crabronidae",0
"NANAL1",NA,NA,"L1","b","b",0,0,"Trichoptera",0
"NANAL1",NA,NA,"L1","b","b",0,0,"Diptera",0
"NANAL1",NA,NA,"L1","b","b",0,0,"Lepidoptera",1
"NANAL1",NA,NA,"L1","b","b",0,0,"Hemiptera",0
"NANAL1",NA,NA,"L1","b","b",0,0,"Blattodea",0
"NANAL1",NA,NA,"L1","b","y",0,0,"Coleoptera",0
"NANAL1",NA,NA,"L1","b","y",0,0,"Araneae",0
"NANAL1",NA,NA,"L1","b","y",0,0,"Formicidae",0
"NANAL1",NA,NA,"L1","b","y",0,0,"Isoptera",0
"NANAL1",NA,NA,"L1","b","y",0,0,"Apoidea",0
"NANAL1",NA,NA,"L1","b","y",0,0,"Crabronidae",0
"NANAL1",NA,NA,"L1","b","y",0,0,"Trichoptera",0
"NANAL1",NA,NA,"L1","b","y",0,0,"Diptera",0
"NANAL1",NA,NA,"L1","b","y",0,0,"Lepidoptera",0
"NANAL1",NA,NA,"L1","b","y",0,0,"Hemiptera",0
"NANAL1",NA,NA,"L1","b","y",0,0,"Blattodea",0
"NANAL1",NA,NA,"L1","b","w",0,0,"Coleoptera",0
"NANAL1",NA,NA,"L1","b","w",0,0,"Araneae",0
"NANAL1",NA,NA,"L1","b","w",0,0,"Formicidae",2
"NANAL1",NA,NA,"L1","b","w",0,0,"Isoptera",0
"NANAL1",NA,NA,"L1","b","w",0,0,"Apoidea",0
"NANAL1",NA,NA,"L1","b","w",0,0,"Crabronidae",0
"NANAL1",NA,NA,"L1","b","w",0,0,"Trichoptera",0
"NANAL1",NA,NA,"L1","b","w",0,0,"Diptera",1
"NANAL1",NA,NA,"L1","b","w",0,0,"Lepidoptera",0
"NANAL1",NA,NA,"L1","b","w",0,0,"Hemiptera",0
"NANAL1",NA,NA,"L1","b","w",0,0,"Blattodea",0
"NANAL1",NA,NA,"L1","b","r",0,0,"Coleoptera",0
"NANAL1",NA,NA,"L1","b","r",0,0,"Araneae",1
"NANAL1",NA,NA,"L1","b","r",0,0,"Formicidae",0
"NANAL1",NA,NA,"L1","b","r",0,0,"Isoptera",0
"NANAL1",NA,NA,"L1","b","r",0,0,"Apoidea",0
"NANAL1",NA,NA,"L1","b","r",0,0,"Crabronidae",0
"NANAL1",NA,NA,"L1","b","r",0,0,"Trichoptera",0
"NANAL1",NA,NA,"L1","b","r",0,0,"Diptera",1
"NANAL1",NA,NA,"L1","b","r",0,0,"Lepidoptera",0
"NANAL1",NA,NA,"L1","b","r",0,0,"Hemiptera",0
"NANAL1",NA,NA,"L1","b","r",0,0,"Blattodea",0
"NANAL1",NA,NA,"L1","w","y",0,0,"Coleoptera",0
"NANAL1",NA,NA,"L1","w","y",0,0,"Araneae",0
"NANAL1",NA,NA,"L1","w","y",0,0,"Formicidae",5
"NANAL1",NA,NA,"L1","w","y",0,0,"Isoptera",0
"NANAL1",NA,NA,"L1","w","y",0,0,"Apoidea",0
"NANAL1",NA,NA,"L1","w","y",0,0,"Crabronidae",0
"NANAL1",NA,NA,"L1","w","y",0,0,"Trichoptera",0
"NANAL1",NA,NA,"L1","w","y",0,0,"Diptera",0
"NANAL1",NA,NA,"L1","w","y",0,0,"Lepidoptera",0
"NANAL1",NA,NA,"L1","w","y",0,0,"Hemiptera",0
"NANAL1",NA,NA,"L1","w","y",0,0,"Blattodea",0
"NANAL1",NA,NA,"L1","y","y",0,0,"Coleoptera",0
"NANAL1",NA,NA,"L1","y","y",0,0,"Araneae",0
"NANAL1",NA,NA,"L1","y","y",0,0,"Formicidae",0
"NANAL1",NA,NA,"L1","y","y",0,0,"Isoptera",0
"NANAL1",NA,NA,"L1","y","y",0,0,"Apoidea",0
"NANAL1",NA,NA,"L1","y","y",0,0,"Crabronidae",0
"NANAL1",NA,NA,"L1","y","y",0,0,"Trichoptera",0
"NANAL1",NA,NA,"L1","y","y",0,0,"Diptera",0
"NANAL1",NA,NA,"L1","y","y",0,0,"Lepidoptera",0
"NANAL1",NA,NA,"L1","y","y",0,0,"Hemiptera",0
"NANAL1",NA,NA,"L1","y","y",0,0,"Blattodea",0
"NANAL1",NA,NA,"L1","w","b",0,0,"Coleoptera",1
"NANAL1",NA,NA,"L1","w","b",0,0,"Araneae",0
"NANAL1",NA,NA,"L1","w","b",0,0,"Formicidae",5
"NANAL1",NA,NA,"L1","w","b",0,0,"Isoptera",0
"NANAL1",NA,NA,"L1","w","b",0,0,"Apoidea",0
"NANAL1",NA,NA,"L1","w","b",0,0,"Crabronidae",0
"NANAL1",NA,NA,"L1","w","b",0,0,"Trichoptera",0
"NANAL1",NA,NA,"L1","w","b",0,0,"Diptera",0
"NANAL1",NA,NA,"L1","w","b",0,0,"Lepidoptera",0
"NANAL1",NA,NA,"L1","w","b",0,0,"Hemiptera",0
"NANAL1",NA,NA,"L1","w","b",0,0,"Blattodea",0
"NANAL1",NA,NA,"L1","r","b",0,0,"Coleoptera",0
"NANAL1",NA,NA,"L1","r","b",0,0,"Araneae",0
"NANAL1",NA,NA,"L1","r","b",0,0,"Formicidae",0
"NANAL1",NA,NA,"L1","r","b",0,0,"Isoptera",0
"NANAL1",NA,NA,"L1","r","b",0,0,"Apoidea",0
"NANAL1",NA,NA,"L1","r","b",0,0,"Crabronidae",0
"NANAL1",NA,NA,"L1","r","b",0,0,"Trichoptera",0
"NANAL1",NA,NA,"L1","r","b",0,0,"Diptera",0
"NANAL1",NA,NA,"L1","r","b",0,0,"Lepidoptera",0
"NANAL1",NA,NA,"L1","r","b",0,0,"Hemiptera",0
"NANAL1",NA,NA,"L1","r","b",0,0,"Blattodea",0
"NANAL1",NA,NA,"L1","w","r",0,0,"Coleoptera",0
"NANAL1",NA,NA,"L1","w","r",0,0,"Araneae",0
"NANAL1",NA,NA,"L1","w","r",0,0,"Formicidae",15
"NANAL1",NA,NA,"L1","w","r",0,0,"Isoptera",0
"NANAL1",NA,NA,"L1","w","r",0,0,"Apoidea",0
"NANAL1",NA,NA,"L1","w","r",0,0,"Crabronidae",0
"NANAL1",NA,NA,"L1","w","r",0,0,"Trichoptera",0
"NANAL1",NA,NA,"L1","w","r",0,0,"Diptera",1
"NANAL1",NA,NA,"L1","w","r",0,0,"Lepidoptera",2
"NANAL1",NA,NA,"L1","w","r",0,0,"Hemiptera",0
"NANAL1",NA,NA,"L1","w","r",0,0,"Blattodea",0
"NANAL1",NA,NA,"L1","y","b",0,0,"Coleoptera",0
"NANAL1",NA,NA,"L1","y","b",0,0,"Araneae",1
"NANAL1",NA,NA,"L1","y","b",0,0,"Formicidae",0
"NANAL1",NA,NA,"L1","y","b",0,0,"Isoptera",0
"NANAL1",NA,NA,"L1","y","b",0,0,"Apoidea",0
"NANAL1",NA,NA,"L1","y","b",0,0,"Crabronidae",0
"NANAL1",NA,NA,"L1","y","b",0,0,"Trichoptera",0
"NANAL1",NA,NA,"L1","y","b",0,0,"Diptera",1
"NANAL1",NA,NA,"L1","y","b",0,0,"Lepidoptera",0
"NANAL1",NA,NA,"L1","y","b",0,0,"Hemiptera",0
"NANAL1",NA,NA,"L1","y","b",0,0,"Blattodea",0
"NANAL1",NA,NA,"L1","r","r",0,0,"Coleoptera",0
"NANAL1",NA,NA,"L1","r","r",0,0,"Araneae",0
"NANAL1",NA,NA,"L1","r","r",0,0,"Formicidae",0
"NANAL1",NA,NA,"L1","r","r",0,0,"Isoptera",0
"NANAL1",NA,NA,"L1","r","r",0,0,"Apoidea",0
"NANAL1",NA,NA,"L1","r","r",0,0,"Crabronidae",0
"NANAL1",NA,NA,"L1","r","r",0,0,"Trichoptera",0
"NANAL1",NA,NA,"L1","r","r",0,0,"Diptera",0
"NANAL1",NA,NA,"L1","r","r",0,0,"Lepidoptera",0
"NANAL1",NA,NA,"L1","r","r",0,0,"Hemiptera",0
"NANAL1",NA,NA,"L1","r","r",0,0,"Blattodea",0
"NANAL1",NA,NA,"L1","r","w",0,0,"Coleoptera",0
"NANAL1",NA,NA,"L1","r","w",0,0,"Araneae",0
"NANAL1",NA,NA,"L1","r","w",0,0,"Formicidae",0
"NANAL1",NA,NA,"L1","r","w",0,0,"Isoptera",0
"NANAL1",NA,NA,"L1","r","w",0,0,"Apoidea",0
"NANAL1",NA,NA,"L1","r","w",0,0,"Crabronidae",0
"NANAL1",NA,NA,"L1","r","w",0,0,"Trichoptera",0
"NANAL1",NA,NA,"L1","r","w",0,0,"Diptera",0
"NANAL1",NA,NA,"L1","r","w",0,0,"Lepidoptera",0
"NANAL1",NA,NA,"L1","r","w",0,0,"Hemiptera",0
"NANAL1",NA,NA,"L1","r","w",0,0,"Blattodea",0
"NANAL1",NA,NA,"L1","y","r",0,0,"Coleoptera",0
"NANAL1",NA,NA,"L1","y","r",0,0,"Araneae",0
"NANAL1",NA,NA,"L1","y","r",0,0,"Formicidae",1
"NANAL1",NA,NA,"L1","y","r",0,0,"Isoptera",0
"NANAL1",NA,NA,"L1","y","r",0,0,"Apoidea",0
"NANAL1",NA,NA,"L1","y","r",0,0,"Crabronidae",0
"NANAL1",NA,NA,"L1","y","r",0,0,"Trichoptera",0
"NANAL1",NA,NA,"L1","y","r",0,0,"Diptera",1
"NANAL1",NA,NA,"L1","y","r",0,0,"Lepidoptera",1
"NANAL1",NA,NA,"L1","y","r",0,0,"Hemiptera",0
"NANAL1",NA,NA,"L1","y","r",0,0,"Blattodea",0
"NANAL1",NA,NA,"L1","y","w",0,0,"Coleoptera",0
"NANAL1",NA,NA,"L1","y","w",0,0,"Araneae",0
"NANAL1",NA,NA,"L1","y","w",0,0,"Formicidae",0
"NANAL1",NA,NA,"L1","y","w",0,0,"Isoptera",0
"NANAL1",NA,NA,"L1","y","w",0,0,"Apoidea",0
"NANAL1",NA,NA,"L1","y","w",0,0,"Crabronidae",0
"NANAL1",NA,NA,"L1","y","w",0,0,"Trichoptera",0
"NANAL1",NA,NA,"L1","y","w",0,0,"Diptera",0
"NANAL1",NA,NA,"L1","y","w",0,0,"Lepidoptera",0
"NANAL1",NA,NA,"L1","y","w",0,0,"Hemiptera",0
"NANAL1",NA,NA,"L1","y","w",0,0,"Blattodea",0
"NANAL1",NA,NA,"L1","r","y",0,0,"Coleoptera",0
"NANAL1",NA,NA,"L1","r","y",0,0,"Araneae",0
"NANAL1",NA,NA,"L1","r","y",0,0,"Formicidae",0
"NANAL1",NA,NA,"L1","r","y",0,0,"Isoptera",0
"NANAL1",NA,NA,"L1","r","y",0,0,"Apoidea",0
"NANAL1",NA,NA,"L1","r","y",0,0,"Crabronidae",0
"NANAL1",NA,NA,"L1","r","y",0,0,"Trichoptera",0
"NANAL1",NA,NA,"L1","r","y",0,0,"Diptera",0
"NANAL1",NA,NA,"L1","r","y",0,0,"Lepidoptera",0
"NANAL1",NA,NA,"L1","r","y",0,0,"Hemiptera",0
"NANAL1",NA,NA,"L1","r","y",0,0,"Blattodea",0
"NANAL1",NA,NA,"L1","w","w",0,0,"Coleoptera",0
"NANAL1",NA,NA,"L1","w","w",0,0,"Araneae",0
"NANAL1",NA,NA,"L1","w","w",0,0,"Formicidae",0
"NANAL1",NA,NA,"L1","w","w",0,0,"Isoptera",0
"NANAL1",NA,NA,"L1","w","w",0,0,"Apoidea",0
"NANAL1",NA,NA,"L1","w","w",0,0,"Crabronidae",0
"NANAL1",NA,NA,"L1","w","w",0,0,"Trichoptera",0
"NANAL1",NA,NA,"L1","w","w",0,0,"Diptera",0
"NANAL1",NA,NA,"L1","w","w",0,0,"Lepidoptera",0
"NANAL1",NA,NA,"L1","w","w",0,0,"Hemiptera",0
"NANAL1",NA,NA,"L1","w","w",0,0,"Blattodea",0
"NANAL2",NA,NA,"L2","r","y",0,0,"Coleoptera",0
"NANAL2",NA,NA,"L2","r","y",0,0,"Araneae",0
"NANAL2",NA,NA,"L2","r","y",0,0,"Formicidae",0
"NANAL2",NA,NA,"L2","r","y",0,0,"Isoptera",0
"NANAL2",NA,NA,"L2","r","y",0,0,"Apoidea",0
"NANAL2",NA,NA,"L2","r","y",0,0,"Crabronidae",0
"NANAL2",NA,NA,"L2","r","y",0,0,"Trichoptera",0
"NANAL2",NA,NA,"L2","r","y",0,0,"Diptera",0
"NANAL2",NA,NA,"L2","r","y",0,0,"Lepidoptera",0
"NANAL2",NA,NA,"L2","r","y",0,0,"Hemiptera",0
"NANAL2",NA,NA,"L2","r","y",0,0,"Blattodea",0
"NANAL2",NA,NA,"L2","r","b",0,0,"Coleoptera",0
"NANAL2",NA,NA,"L2","r","b",0,0,"Araneae",0
"NANAL2",NA,NA,"L2","r","b",0,0,"Formicidae",0
"NANAL2",NA,NA,"L2","r","b",0,0,"Isoptera",0
"NANAL2",NA,NA,"L2","r","b",0,0,"Apoidea",0
"NANAL2",NA,NA,"L2","r","b",0,0,"Crabronidae",0
"NANAL2",NA,NA,"L2","r","b",0,0,"Trichoptera",0
"NANAL2",NA,NA,"L2","r","b",0,0,"Diptera",0
"NANAL2",NA,NA,"L2","r","b",0,0,"Lepidoptera",0
"NANAL2",NA,NA,"L2","r","b",0,0,"Hemiptera",0
"NANAL2",NA,NA,"L2","r","b",0,0,"Blattodea",0
"NANAL2",NA,NA,"L2","r","w",0,0,"Coleoptera",0
"NANAL2",NA,NA,"L2","r","w",0,0,"Araneae",0
"NANAL2",NA,NA,"L2","r","w",0,0,"Formicidae",2
"NANAL2",NA,NA,"L2","r","w",0,0,"Isoptera",0
"NANAL2",NA,NA,"L2","r","w",0,0,"Apoidea",0
"NANAL2",NA,NA,"L2","r","w",0,0,"Crabronidae",0
"NANAL2",NA,NA,"L2","r","w",0,0,"Trichoptera",0
"NANAL2",NA,NA,"L2","r","w",0,0,"Diptera",0
"NANAL2",NA,NA,"L2","r","w",0,0,"Lepidoptera",0
"NANAL2",NA,NA,"L2","r","w",0,0,"Hemiptera",0
"NANAL2",NA,NA,"L2","r","w",0,0,"Blattodea",0
"NANAL2",NA,NA,"L2","r","r",0,0,"Coleoptera",0
"NANAL2",NA,NA,"L2","r","r",0,0,"Araneae",0
"NANAL2",NA,NA,"L2","r","r",0,0,"Formicidae",0
"NANAL2",NA,NA,"L2","r","r",0,0,"Isoptera",0
"NANAL2",NA,NA,"L2","r","r",0,0,"Apoidea",0
"NANAL2",NA,NA,"L2","r","r",0,0,"Crabronidae",0
"NANAL2",NA,NA,"L2","r","r",0,0,"Trichoptera",0
"NANAL2",NA,NA,"L2","r","r",0,0,"Diptera",0
"NANAL2",NA,NA,"L2","r","r",0,0,"Lepidoptera",0
"NANAL2",NA,NA,"L2","r","r",0,0,"Hemiptera",0
"NANAL2",NA,NA,"L2","r","r",0,0,"Blattodea",0
"NANAL2",NA,NA,"L2","w","y",0,0,"Coleoptera",0
"NANAL2",NA,NA,"L2","w","y",0,0,"Araneae",0
"NANAL2",NA,NA,"L2","w","y",0,0,"Formicidae",0
"NANAL2",NA,NA,"L2","w","y",0,0,"Isoptera",0
"NANAL2",NA,NA,"L2","w","y",0,0,"Apoidea",0
"NANAL2",NA,NA,"L2","w","y",0,0,"Crabronidae",0
"NANAL2",NA,NA,"L2","w","y",0,0,"Trichoptera",0
"NANAL2",NA,NA,"L2","w","y",0,0,"Diptera",0
"NANAL2",NA,NA,"L2","w","y",0,0,"Lepidoptera",0
"NANAL2",NA,NA,"L2","w","y",0,0,"Hemiptera",0
"NANAL2",NA,NA,"L2","w","y",0,0,"Blattodea",0
"NANAL2",NA,NA,"L2","w","b",0,0,"Coleoptera",0
"NANAL2",NA,NA,"L2","w","b",0,0,"Araneae",0
"NANAL2",NA,NA,"L2","w","b",0,0,"Formicidae",0
"NANAL2",NA,NA,"L2","w","b",0,0,"Isoptera",0
"NANAL2",NA,NA,"L2","w","b",0,0,"Apoidea",0
"NANAL2",NA,NA,"L2","w","b",0,0,"Crabronidae",0
"NANAL2",NA,NA,"L2","w","b",0,0,"Trichoptera",0
"NANAL2",NA,NA,"L2","w","b",0,0,"Diptera",0
"NANAL2",NA,NA,"L2","w","b",0,0,"Lepidoptera",0
"NANAL2",NA,NA,"L2","w","b",0,0,"Hemiptera",0
"NANAL2",NA,NA,"L2","w","b",0,0,"Blattodea",0
"NANAL2",NA,NA,"L2","w","w",0,0,"Coleoptera",0
"NANAL2",NA,NA,"L2","w","w",0,0,"Araneae",0
"NANAL2",NA,NA,"L2","w","w",0,0,"Formicidae",0
"NANAL2",NA,NA,"L2","w","w",0,0,"Isoptera",0
"NANAL2",NA,NA,"L2","w","w",0,0,"Apoidea",0
"NANAL2",NA,NA,"L2","w","w",0,0,"Crabronidae",0
"NANAL2",NA,NA,"L2","w","w",0,0,"Trichoptera",0
"NANAL2",NA,NA,"L2","w","w",0,0,"Diptera",0
"NANAL2",NA,NA,"L2","w","w",0,0,"Lepidoptera",0
"NANAL2",NA,NA,"L2","w","w",0,0,"Hemiptera",0
"NANAL2",NA,NA,"L2","w","w",0,0,"Blattodea",0
"NANAL2",NA,NA,"L2","b","y",0,0,"Coleoptera",0
"NANAL2",NA,NA,"L2","b","y",0,0,"Araneae",0
"NANAL2",NA,NA,"L2","b","y",0,0,"Formicidae",2
"NANAL2",NA,NA,"L2","b","y",0,0,"Isoptera",0
"NANAL2",NA,NA,"L2","b","y",0,0,"Apoidea",0
"NANAL2",NA,NA,"L2","b","y",0,0,"Crabronidae",0
"NANAL2",NA,NA,"L2","b","y",0,0,"Trichoptera",0
"NANAL2",NA,NA,"L2","b","y",0,0,"Diptera",0
"NANAL2",NA,NA,"L2","b","y",0,0,"Lepidoptera",0
"NANAL2",NA,NA,"L2","b","y",0,0,"Hemiptera",0
"NANAL2",NA,NA,"L2","b","y",0,0,"Blattodea",0
"NANAL2",NA,NA,"L2","w","r",0,0,"Coleoptera",0
"NANAL2",NA,NA,"L2","w","r",0,0,"Araneae",0
"NANAL2",NA,NA,"L2","w","r",0,0,"Formicidae",0
"NANAL2",NA,NA,"L2","w","r",0,0,"Isoptera",0
"NANAL2",NA,NA,"L2","w","r",0,0,"Apoidea",0
"NANAL2",NA,NA,"L2","w","r",0,0,"Crabronidae",0
"NANAL2",NA,NA,"L2","w","r",0,0,"Trichoptera",0
"NANAL2",NA,NA,"L2","w","r",0,0,"Diptera",0
"NANAL2",NA,NA,"L2","w","r",0,0,"Lepidoptera",0
"NANAL2",NA,NA,"L2","w","r",0,0,"Hemiptera",0
"NANAL2",NA,NA,"L2","w","r",0,0,"Blattodea",0
"NANAL2",NA,NA,"L2","b","w",0,0,"Coleoptera",0
"NANAL2",NA,NA,"L2","b","w",0,0,"Araneae",0
"NANAL2",NA,NA,"L2","b","w",0,0,"Formicidae",1
"NANAL2",NA,NA,"L2","b","w",0,0,"Isoptera",0
"NANAL2",NA,NA,"L2","b","w",0,0,"Apoidea",0
"NANAL2",NA,NA,"L2","b","w",0,0,"Crabronidae",0
"NANAL2",NA,NA,"L2","b","w",0,0,"Trichoptera",0
"NANAL2",NA,NA,"L2","b","w",0,0,"Diptera",0
"NANAL2",NA,NA,"L2","b","w",0,0,"Lepidoptera",0
"NANAL2",NA,NA,"L2","b","w",0,0,"Hemiptera",0
"NANAL2",NA,NA,"L2","b","w",0,0,"Blattodea",0
"NANAL2",NA,NA,"L2","b","b",0,0,"Coleoptera",1
"NANAL2",NA,NA,"L2","b","b",0,0,"Araneae",0
"NANAL2",NA,NA,"L2","b","b",0,0,"Formicidae",2
"NANAL2",NA,NA,"L2","b","b",0,0,"Isoptera",0
"NANAL2",NA,NA,"L2","b","b",0,0,"Apoidea",0
"NANAL2",NA,NA,"L2","b","b",0,0,"Crabronidae",0
"NANAL2",NA,NA,"L2","b","b",0,0,"Trichoptera",0
"NANAL2",NA,NA,"L2","b","b",0,0,"Diptera",0
"NANAL2",NA,NA,"L2","b","b",0,0,"Lepidoptera",0
"NANAL2",NA,NA,"L2","b","b",0,0,"Hemiptera",0
"NANAL2",NA,NA,"L2","b","b",0,0,"Blattodea",0
"NANAL2",NA,NA,"L2","b","r",0,0,"Coleoptera",0
"NANAL2",NA,NA,"L2","b","r",0,0,"Araneae",0
"NANAL2",NA,NA,"L2","b","r",0,0,"Formicidae",1
"NANAL2",NA,NA,"L2","b","r",0,0,"Isoptera",0
"NANAL2",NA,NA,"L2","b","r",0,0,"Apoidea",0
"NANAL2",NA,NA,"L2","b","r",0,0,"Crabronidae",0
"NANAL2",NA,NA,"L2","b","r",0,0,"Trichoptera",0
"NANAL2",NA,NA,"L2","b","r",0,0,"Diptera",0
"NANAL2",NA,NA,"L2","b","r",0,0,"Lepidoptera",0
"NANAL2",NA,NA,"L2","b","r",0,0,"Hemiptera",0
"NANAL2",NA,NA,"L2","b","r",0,0,"Blattodea",0
"NANAL2",NA,NA,"L2","y","y",0,0,"Coleoptera",0
"NANAL2",NA,NA,"L2","y","y",0,0,"Araneae",0
"NANAL2",NA,NA,"L2","y","y",0,0,"Formicidae",0
"NANAL2",NA,NA,"L2","y","y",0,0,"Isoptera",0
"NANAL2",NA,NA,"L2","y","y",0,0,"Apoidea",0
"NANAL2",NA,NA,"L2","y","y",0,0,"Crabronidae",0
"NANAL2",NA,NA,"L2","y","y",0,0,"Trichoptera",0
"NANAL2",NA,NA,"L2","y","y",0,0,"Diptera",0
"NANAL2",NA,NA,"L2","y","y",0,0,"Lepidoptera",0
"NANAL2",NA,NA,"L2","y","y",0,0,"Hemiptera",0
"NANAL2",NA,NA,"L2","y","y",0,0,"Blattodea",0
"NANAL2",NA,NA,"L2","y","b",0,0,"Coleoptera",0
"NANAL2",NA,NA,"L2","y","b",0,0,"Araneae",0
"NANAL2",NA,NA,"L2","y","b",0,0,"Formicidae",0
"NANAL2",NA,NA,"L2","y","b",0,0,"Isoptera",1
"NANAL2",NA,NA,"L2","y","b",0,0,"Apoidea",0
"NANAL2",NA,NA,"L2","y","b",0,0,"Crabronidae",0
"NANAL2",NA,NA,"L2","y","b",0,0,"Trichoptera",0
"NANAL2",NA,NA,"L2","y","b",0,0,"Diptera",0
"NANAL2",NA,NA,"L2","y","b",0,0,"Lepidoptera",0
"NANAL2",NA,NA,"L2","y","b",0,0,"Hemiptera",0
"NANAL2",NA,NA,"L2","y","b",0,0,"Blattodea",0
"NANAL2",NA,NA,"L2","y","w",0,0,"Coleoptera",0
"NANAL2",NA,NA,"L2","y","w",0,0,"Araneae",0
"NANAL2",NA,NA,"L2","y","w",0,0,"Formicidae",0
"NANAL2",NA,NA,"L2","y","w",0,0,"Isoptera",0
"NANAL2",NA,NA,"L2","y","w",0,0,"Apoidea",0
"NANAL2",NA,NA,"L2","y","w",0,0,"Crabronidae",0
"NANAL2",NA,NA,"L2","y","w",0,0,"Trichoptera",0
"NANAL2",NA,NA,"L2","y","w",0,0,"Diptera",0
"NANAL2",NA,NA,"L2","y","w",0,0,"Lepidoptera",0
"NANAL2",NA,NA,"L2","y","w",0,0,"Hemiptera",0
"NANAL2",NA,NA,"L2","y","w",0,0,"Blattodea",0
"NANAL2",NA,NA,"L2","y","r",0,0,"Coleoptera",0
"NANAL2",NA,NA,"L2","y","r",0,0,"Araneae",0
"NANAL2",NA,NA,"L2","y","r",0,0,"Formicidae",0
"NANAL2",NA,NA,"L2","y","r",0,0,"Isoptera",0
"NANAL2",NA,NA,"L2","y","r",0,0,"Apoidea",0
"NANAL2",NA,NA,"L2","y","r",0,0,"Crabronidae",0
"NANAL2",NA,NA,"L2","y","r",0,0,"Trichoptera",0
"NANAL2",NA,NA,"L2","y","r",0,0,"Diptera",0
"NANAL2",NA,NA,"L2","y","r",0,0,"Lepidoptera",0
"NANAL2",NA,NA,"L2","y","r",0,0,"Hemiptera",0
"NANAL2",NA,NA,"L2","y","r",0,0,"Blattodea",0
"NANAL3",NA,NA,"L3","w","w",0,0,"Coleoptera",0
"NANAL3",NA,NA,"L3","w","w",0,0,"Araneae",0
"NANAL3",NA,NA,"L3","w","w",0,0,"Formicidae",0
"NANAL3",NA,NA,"L3","w","w",0,0,"Isoptera",0
"NANAL3",NA,NA,"L3","w","w",0,0,"Apoidea",0
"NANAL3",NA,NA,"L3","w","w",0,0,"Crabronidae",0
"NANAL3",NA,NA,"L3","w","w",0,0,"Trichoptera",0
"NANAL3",NA,NA,"L3","w","w",0,0,"Diptera",0
"NANAL3",NA,NA,"L3","w","w",0,0,"Lepidoptera",0
"NANAL3",NA,NA,"L3","w","w",0,0,"Hemiptera",0
"NANAL3",NA,NA,"L3","w","w",0,0,"Blattodea",0
"NANAL3",NA,NA,"L3","r","y",0,0,"Coleoptera",0
"NANAL3",NA,NA,"L3","r","y",0,0,"Araneae",0
"NANAL3",NA,NA,"L3","r","y",0,0,"Formicidae",1
"NANAL3",NA,NA,"L3","r","y",0,0,"Isoptera",0
"NANAL3",NA,NA,"L3","r","y",0,0,"Apoidea",0
"NANAL3",NA,NA,"L3","r","y",0,0,"Crabronidae",0
"NANAL3",NA,NA,"L3","r","y",0,0,"Trichoptera",0
"NANAL3",NA,NA,"L3","r","y",0,0,"Diptera",0
"NANAL3",NA,NA,"L3","r","y",0,0,"Lepidoptera",0
"NANAL3",NA,NA,"L3","r","y",0,0,"Hemiptera",0
"NANAL3",NA,NA,"L3","r","y",0,0,"Blattodea",0
"NANAL3",NA,NA,"L3","r","r",0,0,"Coleoptera",0
"NANAL3",NA,NA,"L3","r","r",0,0,"Araneae",0
"NANAL3",NA,NA,"L3","r","r",0,0,"Formicidae",4
"NANAL3",NA,NA,"L3","r","r",0,0,"Isoptera",0
"NANAL3",NA,NA,"L3","r","r",0,0,"Apoidea",0
"NANAL3",NA,NA,"L3","r","r",0,0,"Crabronidae",0
"NANAL3",NA,NA,"L3","r","r",0,0,"Trichoptera",0
"NANAL3",NA,NA,"L3","r","r",0,0,"Diptera",1
"NANAL3",NA,NA,"L3","r","r",0,0,"Lepidoptera",0
"NANAL3",NA,NA,"L3","r","r",0,0,"Hemiptera",0
"NANAL3",NA,NA,"L3","r","r",0,0,"Blattodea",0
"NANAL3",NA,NA,"L3","r","w",0,1,"Coleoptera",0
"NANAL3",NA,NA,"L3","r","w",0,1,"Araneae",0
"NANAL3",NA,NA,"L3","r","w",0,1,"Formicidae",4
"NANAL3",NA,NA,"L3","r","w",0,1,"Isoptera",0
"NANAL3",NA,NA,"L3","r","w",0,1,"Apoidea",0
"NANAL3",NA,NA,"L3","r","w",0,1,"Crabronidae",0
"NANAL3",NA,NA,"L3","r","w",0,1,"Trichoptera",0
"NANAL3",NA,NA,"L3","r","w",0,1,"Diptera",1
"NANAL3",NA,NA,"L3","r","w",0,1,"Lepidoptera",0
"NANAL3",NA,NA,"L3","r","w",0,1,"Hemiptera",0
"NANAL3",NA,NA,"L3","r","w",0,1,"Blattodea",0
"NANAL3",NA,NA,"L3","r","b",0,0,"Coleoptera",0
"NANAL3",NA,NA,"L3","r","b",0,0,"Araneae",0
"NANAL3",NA,NA,"L3","r","b",0,0,"Formicidae",0
"NANAL3",NA,NA,"L3","r","b",0,0,"Isoptera",0
"NANAL3",NA,NA,"L3","r","b",0,0,"Apoidea",0
"NANAL3",NA,NA,"L3","r","b",0,0,"Crabronidae",0
"NANAL3",NA,NA,"L3","r","b",0,0,"Trichoptera",0
"NANAL3",NA,NA,"L3","r","b",0,0,"Diptera",0
"NANAL3",NA,NA,"L3","r","b",0,0,"Lepidoptera",0
"NANAL3",NA,NA,"L3","r","b",0,0,"Hemiptera",0
"NANAL3",NA,NA,"L3","r","b",0,0,"Blattodea",0
"NANAL3",NA,NA,"L3","y","b",0,0,"Coleoptera",0
"NANAL3",NA,NA,"L3","y","b",0,0,"Araneae",0
"NANAL3",NA,NA,"L3","y","b",0,0,"Formicidae",0
"NANAL3",NA,NA,"L3","y","b",0,0,"Isoptera",0
"NANAL3",NA,NA,"L3","y","b",0,0,"Apoidea",0
"NANAL3",NA,NA,"L3","y","b",0,0,"Crabronidae",0
"NANAL3",NA,NA,"L3","y","b",0,0,"Trichoptera",0
"NANAL3",NA,NA,"L3","y","b",0,0,"Diptera",0
"NANAL3",NA,NA,"L3","y","b",0,0,"Lepidoptera",0
"NANAL3",NA,NA,"L3","y","b",0,0,"Hemiptera",0
"NANAL3",NA,NA,"L3","y","b",0,0,"Blattodea",0
"NANAL3",NA,NA,"L3","y","y",0,0,"Coleoptera",0
"NANAL3",NA,NA,"L3","y","y",0,0,"Araneae",0
"NANAL3",NA,NA,"L3","y","y",0,0,"Formicidae",0
"NANAL3",NA,NA,"L3","y","y",0,0,"Isoptera",0
"NANAL3",NA,NA,"L3","y","y",0,0,"Apoidea",0
"NANAL3",NA,NA,"L3","y","y",0,0,"Crabronidae",0
"NANAL3",NA,NA,"L3","y","y",0,0,"Trichoptera",0
"NANAL3",NA,NA,"L3","y","y",0,0,"Diptera",0
"NANAL3",NA,NA,"L3","y","y",0,0,"Lepidoptera",0
"NANAL3",NA,NA,"L3","y","y",0,0,"Hemiptera",0
"NANAL3",NA,NA,"L3","y","y",0,0,"Blattodea",0
"NANAL3",NA,NA,"L3","w","r",0,0,"Coleoptera",1
"NANAL3",NA,NA,"L3","w","r",0,0,"Araneae",0
"NANAL3",NA,NA,"L3","w","r",0,0,"Formicidae",0
"NANAL3",NA,NA,"L3","w","r",0,0,"Isoptera",0
"NANAL3",NA,NA,"L3","w","r",0,0,"Apoidea",0
"NANAL3",NA,NA,"L3","w","r",0,0,"Crabronidae",0
"NANAL3",NA,NA,"L3","w","r",0,0,"Trichoptera",0
"NANAL3",NA,NA,"L3","w","r",0,0,"Diptera",1
"NANAL3",NA,NA,"L3","w","r",0,0,"Lepidoptera",0
"NANAL3",NA,NA,"L3","w","r",0,0,"Hemiptera",1
"NANAL3",NA,NA,"L3","w","r",0,0,"Blattodea",0
"NANAL3",NA,NA,"L3","w","b",0,0,"Coleoptera",2
"NANAL3",NA,NA,"L3","w","b",0,0,"Araneae",0
"NANAL3",NA,NA,"L3","w","b",0,0,"Formicidae",1
"NANAL3",NA,NA,"L3","w","b",0,0,"Isoptera",0
"NANAL3",NA,NA,"L3","w","b",0,0,"Apoidea",0
"NANAL3",NA,NA,"L3","w","b",0,0,"Crabronidae",1
"NANAL3",NA,NA,"L3","w","b",0,0,"Trichoptera",0
"NANAL3",NA,NA,"L3","w","b",0,0,"Diptera",2
"NANAL3",NA,NA,"L3","w","b",0,0,"Lepidoptera",1
"NANAL3",NA,NA,"L3","w","b",0,0,"Hemiptera",0
"NANAL3",NA,NA,"L3","w","b",0,0,"Blattodea",0
"NANAL3",NA,NA,"L3","w","y",0,0,"Coleoptera",1
"NANAL3",NA,NA,"L3","w","y",0,0,"Araneae",0
"NANAL3",NA,NA,"L3","w","y",0,0,"Formicidae",3
"NANAL3",NA,NA,"L3","w","y",0,0,"Isoptera",0
"NANAL3",NA,NA,"L3","w","y",0,0,"Apoidea",1
"NANAL3",NA,NA,"L3","w","y",0,0,"Crabronidae",2
"NANAL3",NA,NA,"L3","w","y",0,0,"Trichoptera",0
"NANAL3",NA,NA,"L3","w","y",0,0,"Diptera",5
"NANAL3",NA,NA,"L3","w","y",0,0,"Lepidoptera",5
"NANAL3",NA,NA,"L3","w","y",0,0,"Hemiptera",0
"NANAL3",NA,NA,"L3","w","y",0,0,"Blattodea",0
"NANAL3",NA,NA,"L3","y","w",0,0,"Coleoptera",0
"NANAL3",NA,NA,"L3","y","w",0,0,"Araneae",0
"NANAL3",NA,NA,"L3","y","w",0,0,"Formicidae",0
"NANAL3",NA,NA,"L3","y","w",0,0,"Isoptera",0
"NANAL3",NA,NA,"L3","y","w",0,0,"Apoidea",0
"NANAL3",NA,NA,"L3","y","w",0,0,"Crabronidae",0
"NANAL3",NA,NA,"L3","y","w",0,0,"Trichoptera",0
"NANAL3",NA,NA,"L3","y","w",0,0,"Diptera",0
"NANAL3",NA,NA,"L3","y","w",0,0,"Lepidoptera",0
"NANAL3",NA,NA,"L3","y","w",0,0,"Hemiptera",0
"NANAL3",NA,NA,"L3","y","w",0,0,"Blattodea",0
"NANAL3",NA,NA,"L3","b","y",0,0,"Coleoptera",0
"NANAL3",NA,NA,"L3","b","y",0,0,"Araneae",0
"NANAL3",NA,NA,"L3","b","y",0,0,"Formicidae",0
"NANAL3",NA,NA,"L3","b","y",0,0,"Isoptera",0
"NANAL3",NA,NA,"L3","b","y",0,0,"Apoidea",0
"NANAL3",NA,NA,"L3","b","y",0,0,"Crabronidae",0
"NANAL3",NA,NA,"L3","b","y",0,0,"Trichoptera",0
"NANAL3",NA,NA,"L3","b","y",0,0,"Diptera",0
"NANAL3",NA,NA,"L3","b","y",0,0,"Lepidoptera",0
"NANAL3",NA,NA,"L3","b","y",0,0,"Hemiptera",0
"NANAL3",NA,NA,"L3","b","y",0,0,"Blattodea",0
"NANAL3",NA,NA,"L3","b","r",0,0,"Coleoptera",0
"NANAL3",NA,NA,"L3","b","r",0,0,"Araneae",0
"NANAL3",NA,NA,"L3","b","r",0,0,"Formicidae",0
"NANAL3",NA,NA,"L3","b","r",0,0,"Isoptera",0
"NANAL3",NA,NA,"L3","b","r",0,0,"Apoidea",0
"NANAL3",NA,NA,"L3","b","r",0,0,"Crabronidae",0
"NANAL3",NA,NA,"L3","b","r",0,0,"Trichoptera",0
"NANAL3",NA,NA,"L3","b","r",0,0,"Diptera",0
"NANAL3",NA,NA,"L3","b","r",0,0,"Lepidoptera",0
"NANAL3",NA,NA,"L3","b","r",0,0,"Hemiptera",0
"NANAL3",NA,NA,"L3","b","r",0,0,"Blattodea",0
"NANAL3",NA,NA,"L3","b","w",0,0,"Coleoptera",0
"NANAL3",NA,NA,"L3","b","w",0,0,"Araneae",0
"NANAL3",NA,NA,"L3","b","w",0,0,"Formicidae",0
"NANAL3",NA,NA,"L3","b","w",0,0,"Isoptera",0
"NANAL3",NA,NA,"L3","b","w",0,0,"Apoidea",0
"NANAL3",NA,NA,"L3","b","w",0,0,"Crabronidae",0
"NANAL3",NA,NA,"L3","b","w",0,0,"Trichoptera",0
"NANAL3",NA,NA,"L3","b","w",0,0,"Diptera",0
"NANAL3",NA,NA,"L3","b","w",0,0,"Lepidoptera",0
"NANAL3",NA,NA,"L3","b","w",0,0,"Hemiptera",0
"NANAL3",NA,NA,"L3","b","w",0,0,"Blattodea",0
"NANAL3",NA,NA,"L3","b","b",0,0,"Coleoptera",0
"NANAL3",NA,NA,"L3","b","b",0,0,"Araneae",0
"NANAL3",NA,NA,"L3","b","b",0,0,"Formicidae",0
"NANAL3",NA,NA,"L3","b","b",0,0,"Isoptera",0
"NANAL3",NA,NA,"L3","b","b",0,0,"Apoidea",0
"NANAL3",NA,NA,"L3","b","b",0,0,"Crabronidae",0
"NANAL3",NA,NA,"L3","b","b",0,0,"Trichoptera",0
"NANAL3",NA,NA,"L3","b","b",0,0,"Diptera",0
"NANAL3",NA,NA,"L3","b","b",0,0,"Lepidoptera",0
"NANAL3",NA,NA,"L3","b","b",0,0,"Hemiptera",0
"NANAL3",NA,NA,"L3","b","b",0,0,"Blattodea",0
"NANAL3",NA,NA,"L3","y","r",0,0,"Coleoptera",0
"NANAL3",NA,NA,"L3","y","r",0,0,"Araneae",0
"NANAL3",NA,NA,"L3","y","r",0,0,"Formicidae",0
"NANAL3",NA,NA,"L3","y","r",0,0,"Isoptera",0
"NANAL3",NA,NA,"L3","y","r",0,0,"Apoidea",0
"NANAL3",NA,NA,"L3","y","r",0,0,"Crabronidae",0
"NANAL3",NA,NA,"L3","y","r",0,0,"Trichoptera",0
"NANAL3",NA,NA,"L3","y","r",0,0,"Diptera",0
"NANAL3",NA,NA,"L3","y","r",0,0,"Lepidoptera",0
"NANAL3",NA,NA,"L3","y","r",0,0,"Hemiptera",0
"NANAL3",NA,NA,"L3","y","r",0,0,"Blattodea",0
